/Users/runner/work/WineIOS-Core/WineIOS-Core/build/wine-ios-arm64/dlls/ntdll/aarch64-windows/ntdll.dll: PE32+ executable (DLL) (console) Aarch64, for MS Windows

/Users/runner/work/WineIOS-Core/WineIOS-Core/build/wine-ios-arm64/dlls/ntdll/aarch64-windows/ntdll.dll:	file format coff-arm64
Characteristics 0x2022
	executable
	large address aware
	DLL

Time/Date               Sun Sep  6 03:28:39 2026
Magic                   020b	(PE32+)
MajorLinkerVersion      14
MinorLinkerVersion      0
SizeOfCode              0000000000070000
SizeOfInitializedData   0000000000310000
SizeOfUninitializedData 0000000000000000
AddressOfEntryPoint     000000000007db4c
BaseOfCode              0000000000010000
ImageBase               0000000180000000
SectionAlignment        00010000
FileAlignment           00010000
MajorOSystemVersion     6
MinorOSystemVersion     0
MajorImageVersion       0
MinorImageVersion       0
MajorSubsystemVersion   6
MinorSubsystemVersion   0
Win32Version            00000000
SizeOfImage             00390000
SizeOfHeaders           00010000
CheckSum                00000000
Subsystem               00000003	(Windows CUI)
DllCharacteristics      00000160
					HIGH_ENTROPY_VA
					DYNAMIC_BASE
					NX_COMPAT
SizeOfStackReserve      0000000000100000
SizeOfStackCommit       0000000000001000
SizeOfHeapReserve       0000000000100000
SizeOfHeapCommit        0000000000001000
LoaderFlags             00000000
NumberOfRvaAndSizes     00000010

The Data Directory
Entry 0 0000000000094b28 0000aa2a Export Directory [.edata (or where ever we found it)]
Entry 1 0000000000000000 00000000 Import Directory [parts of .idata]
Entry 2 00000000000e0000 000003ac Resource Directory [.rsrc]
Entry 3 00000000000d0000 00005160 Exception Directory [.pdata]
Entry 4 0000000000000000 00000000 Security Directory
Entry 5 00000000000f0000 000003d0 Base Relocation Directory [.reloc]
Entry 6 00000000000b0000 0000001c Debug Directory
Entry 7 0000000000000000 00000000 Description Directory
Entry 8 0000000000000000 00000000 Special Directory
Entry 9 0000000000000000 00000000 Thread Storage Directory [.tls]
Entry a 0000000000081ff8 00000140 Load Configuration Directory
Entry b 0000000000000000 00000000 Bound Import Directory
Entry c 0000000000000000 00000000 Import Address Table Directory
Entry d 0000000000000000 00000000 Delay Import Directory
Entry e 0000000000000000 00000000 CLR Runtime Header
Entry f 0000000000000000 00000000 Reserved

Export Table:
 DLL name: ntdll.dll
 Ordinal base: 1
 Ordinal      RVA  Name
       1  0x33b2c  A_SHAFinal
       2  0x32a74  A_SHAInit
       3  0x32a94  A_SHAUpdate
       4  0x45dc8  ApiSetQueryApiSetPresence
       5  0x45fc8  ApiSetQueryApiSetPresenceEx
       6  0x10000  CsrAllocateCaptureBuffer
       7  0x10014  CsrAllocateCapturePointer
       8  0x10028  CsrAllocateMessagePointer
       9  0x1003c  CsrCaptureMessageBuffer
      10  0x10050  CsrCaptureMessageString
      11  0x10064  CsrCaptureTimeout
      12  0x10078  CsrClientCallServer
      13  0x1008c  CsrClientConnectToServer
      14  0x100a0  CsrClientMaxMessage
      15  0x100b4  CsrClientSendMessage
      16  0x100c8  CsrClientThreadConnect
      17  0x100dc  CsrFreeCaptureBuffer
      18  0x100f0  CsrIdentifyAlertableThread
      19  0x10104  CsrNewThread
      20  0x10118  CsrProbeForRead
      21  0x1012c  CsrProbeForWrite
      22  0x10140  CsrSetPriorityClass
      23  0x10154  CsrpProcessCallbackRequest
      24  0x66460  DbgBreakPoint
      25  0x58e08  DbgPrint
      26  0x58e7c  DbgPrintEx
      27  0x10168  DbgPrompt
      28  0x55564  DbgUiConnectToDbg
      29  0x55708  DbgUiContinue
      30  0x5573c  DbgUiConvertStateChangeStructure
      31  0x555c8  DbgUiDebugActiveProcess
      32  0x5554c  DbgUiGetThreadDebugObject
      33  0x55614  DbgUiIssueRemoteBreakin
      34  0x66430  DbgUiRemoteBreakin
      35  0x55558  DbgUiSetThreadDebugObject
      36  0x556fc  DbgUiStopDebugging
      37  0x55720  DbgUiWaitStateChange
      38  0x664a0  DbgUserBreakPoint
      39  0x4ed50  EtwEventActivityIdControl
      40  0x4f808  EtwEventEnabled
      41  0x4eda0  EtwEventProviderEnabled
      42  0x4ee4c  EtwEventRegister
      43  0x4efa4  EtwEventSetInformation
      44  0x4ef40  EtwEventUnregister
      45  0x4f87c  EtwEventWrite
      46  0x4f900  EtwEventWriteEx
      47  0x4f028  EtwEventWriteString
      48  0x4f0f4  EtwEventWriteTransfer
      49  0x4f9b8  EtwGetTraceEnableFlags
      50  0x4fa1c  EtwGetTraceEnableLevel
      51  0x4fa80  EtwGetTraceLoggerHandle
      52  0x4fab8  EtwLogTraceEvent
      53  0x4f4a4  EtwRegisterTraceGuidsA
      54  0x4f294  EtwRegisterTraceGuidsW
      55  0x4fc3c  EtwTraceMessage
      56  0x4fb2c  EtwTraceMessageVa
      57  0x4f798  EtwUnregisterTraceGuids
      58  0x37e38  KiRaiseUserExceptionDispatcher
      59  0x66220  KiUserApcDispatcher
      60  0x66250  KiUserCallbackDispatcher
      61  0x66270  KiUserCallbackDispatcherReturn
      62  0x661f0  KiUserExceptionDispatcher
      63  0x58958  LdrAccessResource
      64  0x455ac  LdrAddDllDirectory
      65  0x41e30  LdrAddRefDll
      66  0x3f430  LdrDisableThreadCalloutsForDll
      67  0x1017c  LdrEnumResources
      68  0x3f57c  LdrEnumerateLoadedModules
      69  0x3f524  LdrFindEntryForAddress
      70  0x5815c  LdrFindResourceDirectory_U
      71  0x5882c  LdrFindResource_U
      72  0x10190  LdrFlushAlternateResourceModules
      73  0x454b4  LdrGetDllDirectory
      74  0x40fb8  LdrGetDllFullName
      75  0x42128  LdrGetDllHandle
      76  0x410b0  LdrGetDllHandleEx
      77  0x457ec  LdrGetDllPath
      78  0x3f994  LdrGetProcedureAddress
      79  0x101a4  LdrInitShimEngineDynamic
      80  0x67664  LdrInitializeThunk
      81  0x101b8  LdrLoadAlternateResourceModule
      82  0x40360  LdrLoadDll
      83  0x3f870  LdrLockLoaderLock
      84  0x42140  LdrProcessRelocationBlock
      85  0x42364  LdrQueryImageFileExecutionOptions
      86  0x4220c  LdrQueryProcessModuleInformation
      87  0x3f6c0  LdrRegisterDllNotification
      88  0x45730  LdrRemoveDllDirectory
      89  0x425f8  LdrResolveDelayLoadedAPI
      90  0x101cc  LdrSetAppCompatDllRedirectionCallback
      91  0x457c4  LdrSetDefaultDllDirectories
      92  0x45530  LdrSetDllDirectory
      93  0x101e0  LdrSetDllManifestProber
      94  0x427cc  LdrShutdownProcess
      95  0x428d4  LdrShutdownThread
      96  0xc0208  LdrSystemDllInitBlock
      97  0x101f4  LdrUnloadAlternateResourceModule
      98  0x40d60  LdrUnloadDll
      99  0x3f958  LdrUnlockLoaderLock
     100  0x3f7d4  LdrUnregisterDllNotification
     101  0x10208  LdrVerifyImageMatchesChecksum
     102  0x3429c  MD4Final
     103  0x33c48  MD4Init
     104  0x33c5c  MD4Update
     105  0x34e6c  MD5Final
     106  0x343a8  MD5Init
     107  0x343c4  MD5Update
     108  0xc2658  NlsAnsiCodePage
     109  0xc265c  NlsMbCodePageTag
     110  0xc265d  NlsMbOemCodePageTag
     111  0x64100  NtAcceptConnectPort
     112  0x640c0  NtAccessCheck
     113  0x645e0  NtAccessCheckAndAuditAlarm
     114  0x64be0  NtAccessCheckByTypeAndAuditAlarm
     115  0x649a0  NtAddAtom
     116  0x64d20  NtAdjustGroupsToken
     117  0x648e0  NtAdjustPrivilegesToken
     118  0x64d40  NtAlertMultipleThreadByThreadId
     119  0x64d60  NtAlertResumeThread
     120  0x64d80  NtAlertThread
     121  0x64da0  NtAlertThreadByThreadId
     122  0x64dc0  NtAllocateLocallyUniqueId
     123  0x64de0  NtAllocateReserveObject
     124  0x64e00  NtAllocateUuids
     125  0x643c0  NtAllocateVirtualMemory
     126  0x64e20  NtAllocateVirtualMemoryEx
     127  0x64a40  NtApphelpCacheControl
     128  0x64e40  NtAreMappedFilesTheSame
     129  0x64e60  NtAssignProcessToJobObject
     130  0x64160  NtCallbackReturn
     131  0x64c60  NtCancelIoFile
     132  0x64e80  NtCancelIoFileEx
     133  0x64ea0  NtCancelSynchronousIoFile
     134  0x64ce0  NtCancelTimer
     135  0x64880  NtClearEvent
     136  0x642a0  NtClose
     137  0x64820  NtCloseObjectAuditAlarm
     138  0x64ec0  NtCommitTransaction
     139  0x64ee0  NtCompareObjects
     140  0x64f00  NtCompareTokens
     141  0x64f20  NtCompleteConnectPort
     142  0x64f40  NtConnectPort
     143  0x64920  NtContinue
     144  0x64f60  NtContinueEx
     145  0x64f80  NtConvertBetweenAuxiliaryCounterAndPerformanceCounter
     146  0x65580  NtCreateDebugObject
     147  0x64fa0  NtCreateDirectoryObject
     148  0x649c0  NtCreateEvent
     149  0x64b60  NtCreateFile
     150  0x64fc0  NtCreateIoCompletion
     151  0x64fe0  NtCreateJobObject
     152  0x64460  NtCreateKey
     153  0x65000  NtCreateKeyTransacted
     154  0x65020  NtCreateKeyedEvent
     155  0x65040  NtCreateLowBoxToken
     156  0x65060  NtCreateMailslotFile
     157  0x65080  NtCreateMutant
     158  0x650a0  NtCreateNamedPipeFile
     159  0x650c0  NtCreatePagingFile
     160  0x650e0  NtCreatePort
     161  0x64a60  NtCreateProcessEx
     162  0x64a00  NtCreateSection
     163  0x65100  NtCreateSectionEx
     164  0x65120  NtCreateSemaphore
     165  0x65140  NtCreateSymbolicLinkObject
     166  0x64a80  NtCreateThread
     167  0x65160  NtCreateThreadEx
     168  0x65180  NtCreateTimer
     169  0x651a0  NtCreateToken
     170  0x651c0  NtCreateTransaction
     171  0x651e0  NtCreateUserProcess
     172  0x65200  NtDebugActiveProcess
     173  0x65220  NtDebugContinue
     174  0x64740  NtDelayExecution
     175  0x65240  NtDeleteAtom
     176  0x65260  NtDeleteFile
     177  0x65280  NtDeleteKey
     178  0x652a0  NtDeleteValueKey
     179  0x641a0  NtDeviceIoControlFile
     180  0x652c0  NtDisplayString
     181  0x64840  NtDuplicateObject
     182  0x64900  NtDuplicateToken
     183  0x64700  NtEnumerateKey
     184  0x64320  NtEnumerateValueKey
     185  0x652e0  NtFilterToken
     186  0x64340  NtFindAtom
     187  0x64a20  NtFlushBuffersFile
     188  0x65300  NtFlushBuffersFileEx
     189  0x65320  NtFlushInstructionCache
     190  0x65340  NtFlushKey
     191  0x65360  NtFlushProcessWriteBuffers
     192  0x65380  NtFlushVirtualMemory
     193  0x64480  NtFreeVirtualMemory
     194  0x647e0  NtFsControlFile
     195  0x653a0  NtGetContextThread
     196  0x653c0  NtGetCurrentProcessorNumber
     197  0x653e0  NtGetNextProcess
     198  0x65400  NtGetNextThread
     199  0x65420  NtGetNlsSectionPtr
     200  0x738c0  NtGetTickCount
     201  0x65440  NtGetWriteWatch
     202  0x65460  NtImpersonateAnonymousToken
     203  0x644a0  NtImpersonateClientOfPort
     204  0x65480  NtInitializeNlsFiles
     205  0x654a0  NtInitiatePowerAction
     206  0x64aa0  NtIsProcessInJob
     207  0x654c0  NtListenPort
     208  0x654e0  NtLoadDriver
     209  0x65520  NtLoadKey2
     210  0x65500  NtLoadKey
     211  0x65540  NtLoadKeyEx
     212  0x65560  NtLockFile
     213  0x655a0  NtLockVirtualMemory
     214  0x655c0  NtMakePermanentObject
     215  0x655e0  NtMakeTemporaryObject
     216  0x64120  NtMapUserPhysicalPagesScatter
     217  0x645c0  NtMapViewOfSection
     218  0x65600  NtMapViewOfSectionEx
     219  0x65620  NtNotifyChangeDirectoryFile
     220  0x65640  NtNotifyChangeKey
     221  0x65660  NtNotifyChangeMultipleKeys
     222  0x64bc0  NtOpenDirectoryObject
     223  0x648c0  NtOpenEvent
     224  0x64720  NtOpenFile
     225  0x65680  NtOpenIoCompletion
     226  0x656a0  NtOpenJobObject
     227  0x64300  NtOpenKey
     228  0x656c0  NtOpenKeyEx
     229  0x656e0  NtOpenKeyTransacted
     230  0x65700  NtOpenKeyTransactedEx
     231  0x65720  NtOpenKeyedEvent
     232  0x65740  NtOpenMutant
     233  0x64580  NtOpenProcess
     234  0x65760  NtOpenProcessToken
     235  0x646c0  NtOpenProcessTokenEx
     236  0x647a0  NtOpenSection
     237  0x65780  NtOpenSemaphore
     238  0x657a0  NtOpenSymbolicLinkObject
     239  0x657c0  NtOpenThread
     240  0x64540  NtOpenThreadToken
     241  0x646a0  NtOpenThreadTokenEx
     242  0x657e0  NtOpenTimer
     243  0x64ca0  NtPowerInformation
     244  0x65800  NtPrivilegeCheck
     245  0x64ac0  NtProtectVirtualMemory
     246  0x65820  NtPulseEvent
     247  0x64860  NtQueryAttributesFile
     248  0x64360  NtQueryDefaultLocale
     249  0x64940  NtQueryDefaultUILanguage
     250  0x64760  NtQueryDirectoryFile
     251  0x65840  NtQueryDirectoryObject
     252  0x65860  NtQueryEaFile
     253  0x64b80  NtQueryEvent
     254  0x65880  NtQueryFullAttributesFile
     255  0x658a0  NtQueryInformationAtom
     256  0x642e0  NtQueryInformationFile
     257  0x658c0  NtQueryInformationJobObject
     258  0x643e0  NtQueryInformationProcess
     259  0x64560  NtQueryInformationThread
     260  0x644e0  NtQueryInformationToken
     261  0x658e0  NtQueryInstallUILanguage
     262  0x65900  NtQueryIoCompletion
     263  0x64380  NtQueryKey
     264  0x65920  NtQueryLicenseValue
     265  0x65940  NtQueryMultipleValueKey
     266  0x65960  NtQueryMutant
     267  0x642c0  NtQueryObject
     268  0x646e0  NtQueryPerformanceCounter
     269  0x64ae0  NtQuerySection
     270  0x65980  NtQuerySecurityObject
     271  0x659a0  NtQuerySemaphore
     272  0x659c0  NtQuerySymbolicLinkObject
     273  0x659e0  NtQuerySystemEnvironmentValue
     274  0x65a00  NtQuerySystemEnvironmentValueEx
     275  0x64780  NtQuerySystemInformation
     276  0x65a20  NtQuerySystemInformationEx
     277  0x64c00  NtQuerySystemTime
     278  0x647c0  NtQueryTimer
     279  0x65a40  NtQueryTimerResolution
     280  0x643a0  NtQueryValueKey
     281  0x64520  NtQueryVirtualMemory
     282  0x649e0  NtQueryVolumeInformationFile
     283  0x64960  NtQueueApcThread
     284  0x65a60  NtQueueApcThreadEx
     285  0x65a80  NtQueueApcThreadEx2
     286  0x65aa0  NtRaiseException
     287  0x65ac0  NtRaiseHardError
     288  0x64180  NtReadFile
     289  0x64680  NtReadFileScatter
     290  0x64b40  NtReadRequestData
     291  0x648a0  NtReadVirtualMemory
     292  0x65ae0  NtRegisterThreadTerminatePort
     293  0x65b00  NtReleaseKeyedEvent
     294  0x644c0  NtReleaseMutant
     295  0x64200  NtReleaseSemaphore
     296  0x641e0  NtRemoveIoCompletion
     297  0x65b20  NtRemoveIoCompletionEx
     298  0x65b40  NtRemoveProcessDebug
     299  0x65b60  NtRenameKey
     300  0x65b80  NtReplaceKey
     301  0x64240  NtReplyPort
     302  0x64220  NtReplyWaitReceivePort
     303  0x64620  NtReplyWaitReceivePortEx
     304  0x64500  NtRequestWaitReplyPort
     305  0x65ba0  NtResetEvent
     306  0x65bc0  NtResetWriteWatch
     307  0x65be0  NtRestoreKey
     308  0x65c00  NtResumeProcess
     309  0x64b00  NtResumeThread
     310  0x65c20  NtRollbackTransaction
     311  0x65c40  NtSaveKey
     312  0x65c60  NtSecureConnectPort
     313  0x65c80  NtSetContextThread
     314  0x65ca0  NtSetDebugFilterState
     315  0x65cc0  NtSetDefaultLocale
     316  0x65ce0  NtSetDefaultUILanguage
     317  0x65d00  NtSetEaFile
     318  0x64280  NtSetEvent
     319  0x64660  NtSetEventBoostPriority
     320  0x65d20  NtSetInformationDebugObject
     321  0x645a0  NtSetInformationFile
     322  0x65d40  NtSetInformationJobObject
     323  0x65d60  NtSetInformationKey
     324  0x64c40  NtSetInformationObject
     325  0x64440  NtSetInformationProcess
     326  0x64260  NtSetInformationThread
     327  0x65d80  NtSetInformationToken
     328  0x65da0  NtSetInformationVirtualMemory
     329  0x65dc0  NtSetIntervalProfile
     330  0x65de0  NtSetIoCompletion
     331  0x65e00  NtSetIoCompletionEx
     332  0x65e20  NtSetLdtEntries
     333  0x65e40  NtSetSecurityObject
     334  0x65e60  NtSetSystemInformation
     335  0x65e80  NtSetSystemTime
     336  0x65ea0  NtSetThreadExecutionState
     337  0x64d00  NtSetTimer
     338  0x65ec0  NtSetTimerResolution
     339  0x64cc0  NtSetValueKey
     340  0x65ee0  NtSetVolumeInformationFile
     341  0x65f00  NtShutdownSystem
     342  0x65f20  NtSignalAndWaitForSingleObject
     343  0x65f40  NtSuspendProcess
     344  0x65f60  NtSuspendThread
     345  0x65f80  NtSystemDebugControl
     346  0x65fa0  NtTerminateJobObject
     347  0x64640  NtTerminateProcess
     348  0x64b20  NtTerminateThread
     349  0x65fc0  NtTestAlert
     350  0x65fe0  NtTraceControl
     351  0x64c80  NtTraceEvent
     352  0x66000  NtUnloadDriver
     353  0x66020  NtUnloadKey
     354  0x66040  NtUnlockFile
     355  0x66060  NtUnlockVirtualMemory
     356  0x64600  NtUnmapViewOfSection
     357  0x66080  NtUnmapViewOfSectionEx
     358  0x660a0  NtWaitForAlertByThreadId
     359  0x660c0  NtWaitForDebugEvent
     360  0x660e0  NtWaitForKeyedEvent
     361  0x64c20  NtWaitForMultipleObjects
     362  0x64400  NtWaitForMultipleObjects32
     363  0x64140  NtWaitForSingleObject
     364  0x640e0  NtWorkerFactoryWorkerReady
     365  0x641c0  NtWriteFile
     366  0x64420  NtWriteFileGather
     367  0x64ba0  NtWriteRequestData
     368  0x64800  NtWriteVirtualMemory
     369  0x64980  NtYieldExecution
     370  0x59124  NtdllDefWindowProc_A
     371  0x59130  NtdllDefWindowProc_W
     372  0x5919c  NtdllDialogWndProc_A
     373  0x591a8  NtdllDialogWndProc_W
     374  0x1021c  PfxFindPrefix
     375  0x10230  PfxInitialize
     376  0x10244  PfxInsertPrefix
     377  0x10258  PfxRemovePrefix
     378  0x1026c  RtlAbortRXact
     379  0x6297c  RtlAbsoluteToSelfRelativeSD
     380  0x35750  RtlAcquirePebLock
     381  0x6c29c  RtlAcquireResourceExclusive
     382  0x6c358  RtlAcquireResourceShared
     383  0x6b380  RtlAcquireSRWLockExclusive
     384  0x6b708  RtlAcquireSRWLockShared
     385  0x26da8  RtlActivateActivationContext
     386  0x26e54  RtlActivateActivationContextEx
     387  0x26f00  RtlActivateActivationContextUnsafeFast
     388  0x63088  RtlAddAccessAllowedAce
     389  0x63100  RtlAddAccessAllowedAceEx
     390  0x63338  RtlAddAccessAllowedObjectAce
     391  0x63398  RtlAddAccessDeniedAce
     392  0x63410  RtlAddAccessDeniedAceEx
     393  0x63490  RtlAddAccessDeniedObjectAce
     394  0x62cdc  RtlAddAce
     395  0x10280  RtlAddActionToRXact
     396  0x32320  RtlAddAtomToAtomTable
     397  0x10294  RtlAddAttributeActionToRXact
     398  0x635a4  RtlAddAuditAccessAce
     399  0x634f0  RtlAddAuditAccessAceEx
     400  0x63654  RtlAddAuditAccessObjectAce
     401  0x7501c  RtlAddFunctionTable
     402  0x73c84  RtlAddGrowableFunctionTable
     403  0x636c4  RtlAddMandatoryAce
     404  0x63788  RtlAddProcessTrustLabelAce
     405  0x26d08  RtlAddRefActivationContext
     406  0x37e80  RtlAddVectoredContinueHandler
     407  0x37fcc  RtlAddVectoredExceptionHandler
     408  0x453e0  RtlAddressInSectionTable
     409  0x6391c  RtlAdjustPrivilege
     410  0x6128c  RtlAllocateAndInitializeSid
     411  0x393a8  RtlAllocateHandle
     412  0x3af20  RtlAllocateHeap
     413  0x491d0  RtlAnsiCharToUnicodeChar
     414  0x5df24  RtlAnsiStringToUnicodeSize
     415  0x5d7e8  RtlAnsiStringToUnicodeString
     416  0x5e39c  RtlAppendAsciizToString
     417  0x5e408  RtlAppendStringToString
     418  0x5e4f4  RtlAppendUnicodeStringToString
     419  0x5e468  RtlAppendUnicodeToString
     420  0x102a8  RtlApplyRXact
     421  0x102bc  RtlApplyRXactNoFlush
     422  0x6384c  RtlAreAllAccessesGranted
     423  0x63858  RtlAreAnyAccessesGranted
     424  0x5c11c  RtlAreBitsClear
     425  0x5c024  RtlAreBitsSet
     426  0x5a4a4  RtlAssert
     427  0x6c640  RtlBarrier
     428  0x66110  RtlCaptureContext
     429  0x3841c  RtlCaptureStackBackTrace
     430  0x5ea08  RtlCharToInteger
     431  0x569b4  RtlCheckRegistryKey
     432  0x5bde4  RtlClearAllBits
     433  0x5bf34  RtlClearBits
     434  0x102d0  RtlClosePropertySet
     435  0x3cd24  RtlCompactHeap
     436  0x67c58  RtlCompareMemory
     437  0x67c90  RtlCompareMemoryUlong
     438  0x5da90  RtlCompareString
     439  0x5db48  RtlCompareUnicodeString
     440  0x49324  RtlCompareUnicodeStrings
     441  0x5aa20  RtlCompressBuffer
     442  0x5a6f4  RtlComputeCrc32
     443  0x102e4  RtlConsoleMultiByteToUnicodeN
     444  0x5b9d0  RtlConvertDeviceFamilyInfoToString
     445  0x102f8  RtlConvertExclusiveToShared
     446  0x1030c  RtlConvertSharedToExclusive
     447  0x63b88  RtlConvertSidToUnicodeString
     448  0x63e44  RtlConvertToAutoInheritSecurityObject
     449  0x10320  RtlConvertUiListToApiList
     450  0x38c50  RtlCopyContext
     451  0x38de8  RtlCopyExtendedContext
     452  0x638c0  RtlCopyLuid
     453  0x638f8  RtlCopyLuidAndAttributesArray
     454  0x67c34  RtlCopyMemory
     455  0x61894  RtlCopySecurityDescriptor
     456  0x617d4  RtlCopySid
     457  0x10334  RtlCopySidAndAttributesArray
     458  0x5d5c8  RtlCopyString
     459  0x5d8f8  RtlCopyUnicodeString
     460  0x62c00  RtlCreateAcl
     461  0x24dd8  RtlCreateActivationContext
     462  0x10348  RtlCreateAndSetSD
     463  0x32108  RtlCreateAtomTable
     464  0x35770  RtlCreateEnvironment
     465  0x396e4  RtlCreateHeap
     466  0x36a20  RtlCreateProcessParameters
     467  0x36480  RtlCreateProcessParametersEx
     468  0x1035c  RtlCreatePropertySet
     469  0x34f78  RtlCreateQueryDebugBuffer
     470  0x56aa0  RtlCreateRegistryKey
     471  0x63ee8  RtlCreateServiceSid
     472  0x6185c  RtlCreateSecurityDescriptor
     473  0x10370  RtlCreateTagHeap
     474  0x6e948  RtlCreateTimer
     475  0x6e36c  RtlCreateTimerQueue
     476  0x5d6c4  RtlCreateUnicodeString
     477  0x5d734  RtlCreateUnicodeStringFromAsciiz
     478  0x553cc  RtlCreateUserProcess
     479  0x10384  RtlCreateUserSecurityObject
     480  0x6d29c  RtlCreateUserStack
     481  0x6d14c  RtlCreateUserThread
     482  0x4962c  RtlCustomCPToUnicodeN
     483  0x10398  RtlCutoverTimeToSystemTime
     484  0x363e8  RtlDeNormalizeProcessParams
     485  0x26ff8  RtlDeactivateActivationContext
     486  0x26f84  RtlDeactivateActivationContextUnsafeFast
     487  0x103ac  RtlDebugPrintTimes
     488  0x5a8c4  RtlDecodePointer
     489  0x5a8c4  RtlDecodeSystemPointer
     490  0x5ae80  RtlDecompressBuffer
     491  0x5ab80  RtlDecompressFragment
     492  0x63ea0  RtlDefaultNpAcl
     493  0x59b08  RtlDelete
     494  0x62ed8  RtlDeleteAce
     495  0x31cb0  RtlDeleteAtomFromAtomTable
     496  0x6c598  RtlDeleteBarrier
     497  0x6a770  RtlDeleteCriticalSection
     498  0x73e0c  RtlDeleteGrowableFunctionTable
     499  0x59f58  RtlDeleteElementGenericTable
     500  0x103c0  RtlDeleteElementGenericTableAvl
     501  0x73eb0  RtlDeleteFunctionTable
     502  0x59934  RtlDeleteNoSplay
     503  0x103d4  RtlDeleteOwnersRanges
     504  0x103e8  RtlDeleteRange
     505  0x56c24  RtlDeleteRegistryValue
     506  0x6c1c4  RtlDeleteResource
     507  0x62ba4  RtlDeleteSecurityObject
     508  0x6ec94  RtlDeleteTimer
     509  0x6e7bc  RtlDeleteTimerQueueEx
     510  0x71ca0  RtlDeregisterWait
     511  0x71b60  RtlDeregisterWaitEx
     512  0x63fb8  RtlDeriveCapabilitySidsFromName
     513  0x321a8  RtlDestroyAtomTable
     514  0x35904  RtlDestroyEnvironment
     515  0x39354  RtlDestroyHandleTable
     516  0x3a0a8  RtlDestroyHeap
     517  0x36a44  RtlDestroyProcessParameters
     518  0x350b0  RtlDestroyQueryDebugBuffer
     519  0x4feb0  RtlDetermineDosPathNameType_U
     520  0x425ec  RtlDllShutdownInProgress
     521  0x50ddc  RtlDoesFileExists_U
     522  0x5090c  RtlDosPathNameToNtPathName_U
     523  0x501b8  RtlDosPathNameToNtPathName_U_WithStatus
     524  0x509c8  RtlDosPathNameToRelativeNtPathName_U
     525  0x50924  RtlDosPathNameToRelativeNtPathName_U_WithStatus
     526  0x50a7c  RtlDosSearchPath_U
     527  0x4a57c  RtlDowncaseUnicodeChar
     528  0x4a5c8  RtlDowncaseUnicodeString
     529  0x6c4a8  RtlDumpResource
     530  0x5d958  RtlDuplicateUnicodeString
     531  0x3221c  RtlEmptyAtomTable
     532  0x5a838  RtlEncodePointer
     533  0x5a838  RtlEncodeSystemPointer
     534  0x6aeac  RtlEnterCriticalSection
     535  0x103fc  RtlEnumProcessHeaps
     536  0x5a15c  RtlEnumerateGenericTable
     537  0x5a044  RtlEnumerateGenericTableWithoutSplaying
     538  0x5b7a0  RtlEnumerateGenericTableWithoutSplayingAvl
     539  0x10410  RtlEnumerateProperties
     540  0x5dcf0  RtlEqualComputerName
     541  0x5df20  RtlEqualDomainName
     542  0x638cc  RtlEqualLuid
     543  0x61698  RtlEqualPrefixSid
     544  0x614e4  RtlEqualSid
     545  0x5db70  RtlEqualString
     546  0x5dc08  RtlEqualUnicodeString
     547  0x5da5c  RtlEraseUnicodeString
     548  0x42898  RtlExitUserProcess
     549  0x6d100  RtlExitUserThread
     550  0x36060  RtlExpandEnvironmentStrings
     551  0x362e4  RtlExpandEnvironmentStrings_U
     552  0x10424  RtlExtendHeap
     553  0x67c3c  RtlFillMemory
     554  0x67cc8  RtlFillMemoryUlong
     555  0x10438  RtlFinalReleaseOutOfProcessMemoryStream
     556  0x29134  RtlFindActivationContextSectionGuid
     557  0x27bd0  RtlFindActivationContextSectionString
     558  0x5e574  RtlFindCharInUnicodeString
     559  0x5c2e8  RtlFindClearBits
     560  0x5c4d8  RtlFindClearBitsAndSet
     561  0x5d26c  RtlFindClearRuns
     562  0x3f220  RtlFindExportedRoutineByName
     563  0x5d02c  RtlFindLastBackwardRunClear
     564  0x5cfec  RtlFindLastBackwardRunSet
     565  0x5c9dc  RtlFindLeastSignificantBit
     566  0x5d3a4  RtlFindLongestRunClear
     567  0x5d2e8  RtlFindLongestRunSet
     568  0x58a58  RtlFindMessage
     569  0x5c978  RtlFindMostSignificantBit
     570  0x5cd24  RtlFindNextForwardRunClear
     571  0x5ca50  RtlFindNextForwardRunSet
     572  0x1044c  RtlFindRange
     573  0x5c210  RtlFindSetBits
     574  0x5c3c0  RtlFindSetBitsAndClear
     575  0x5d06c  RtlFindSetRuns
     576  0x6be38  RtlFirstEntrySList
     577  0x62c8c  RtlFirstFreeAce
     578  0x6d640  RtlFlsAlloc
     579  0x6d928  RtlFlsFree
     580  0x6dbec  RtlFlsGetValue
     581  0x6da8c  RtlFlsSetValue
     582  0x10460  RtlFlushPropertySet
     583  0x55ca0  RtlFormatCurrentUserKeyPath
     584  0x5f1ac  RtlFormatMessage
     585  0x5f1d0  RtlFormatMessageEx
     586  0x2717c  RtlFreeActivationContextStack
     587  0x5d558  RtlFreeAnsiString
     588  0x3951c  RtlFreeHandle
     589  0x3aa2c  RtlFreeHeap
     590  0x5d590  RtlFreeOemString
     591  0x61704  RtlFreeSid
     592  0x27108  RtlFreeThreadActivationContextStack
     593  0x5d8c0  RtlFreeUnicodeString
     594  0x6d4b8  RtlFreeUserStack
     595  0x5b95c  RtlGetDeviceFamilyInfoEnum
     596  0x5ee48  RtlGUIDFromString
     597  0x10474  RtlGenerate8dot3Name
     598  0x63000  RtlGetAce
     599  0x271ec  RtlGetActiveActivationContext
     600  0x385a8  RtlGetCallersAddress
     601  0x5a950  RtlGetCompressionWorkSpaceSize
     602  0x62880  RtlGetControlSecurityDescriptor
     603  0x51ae4  RtlGetCurrentDirectory_U
     604  0x54a98  RtlGetCurrentPeb
     605  0x5afa4  RtlGetCurrentProcessorNumberEx
     606  0x5af28  RtlGetCurrentTransaction
     607  0x61ef0  RtlGetDaclSecurityDescriptor
     608  0x5a2c8  RtlGetElementGenericTable
     609  0x385f8  RtlGetEnabledExtendedFeatures
     610  0x45cf4  RtlGetExePath
     611  0x387d4  RtlGetExtendedContextLength
     612  0x38610  RtlGetExtendedContextLength2
     613  0x38c40  RtlGetExtendedFeaturesMask
     614  0x6d550  RtlGetFrame
     615  0x50894  RtlGetFullPathName_U
     616  0x50e48  RtlGetFullPathName_UEx
     617  0x62234  RtlGetGroupSecurityDescriptor
     618  0x37128  RtlGetLastNtStatus
     619  0x37134  RtlGetLastWin32Error
     620  0x489fc  RtlGetLocaleFileMappingAddress
     621  0x51900  RtlGetLongestNtPathLength
     622  0x67408  RtlGetNativeSystemInformation
     623  0x6d518  RtlGetNtGlobalFlags
     624  0x76b18  RtlGetNtProductType
     625  0x76adc  RtlGetNtVersionNumbers
     626  0x6214c  RtlGetOwnerSecurityDescriptor
     627  0x769bc  RtlGetProductInfo
     628  0x3db4c  RtlGetProcessHeaps
     629  0x48cd0  RtlGetProcessPreferredUILanguages
     630  0x62020  RtlGetSaclSecurityDescriptor
     631  0x45d84  RtlGetSearchPath
     632  0x48eb8  RtlGetSystemPreferredUILanguages
     633  0x7385c  RtlGetSystemTimePrecise
     634  0x6d5bc  RtlGetThreadErrorMode
     635  0x48f38  RtlGetThreadPreferredUILanguages
     636  0x3f1ec  RtlGetUnloadEventTrace
     637  0x3f1f8  RtlGetUnloadEventTraceEx
     638  0x3de58  RtlGetUserInfoHeap
     639  0x48fb8  RtlGetUserPreferredUILanguages
     640  0x76a5c  RtlGetVersion
     641  0x73d74  RtlGrowFunctionTable
     642  0x10488  RtlGuidToPropertySetName
     643  0x494f8  RtlHashUnicodeString
     644  0x617cc  RtlIdentifierAuthoritySid
     645  0x4c2dc  RtlIdnToAscii
     646  0x4c7ec  RtlIdnToNameprepUnicode
     647  0x4cd64  RtlIdnToUnicode
     648  0x3f310  RtlImageDirectoryEntryToData
     649  0x4309c  RtlImageNtHeader
     650  0x45394  RtlImageRvaToSection
     651  0x45304  RtlImageRvaToVa
     652  0x63abc  RtlImpersonateSelf
     653  0x5d478  RtlInitAnsiString
     654  0x5d4b8  RtlInitAnsiStringEx
     655  0x6c520  RtlInitBarrier
     656  0x490b0  RtlInitCodePageTable
     657  0x48b20  RtlInitNlsTables
     658  0x5d518  RtlInitString
     659  0x5d610  RtlInitUnicodeString
     660  0x5d660  RtlInitUnicodeStringEx
     661  0x5bcb0  RtlInitializeBitMap
     662  0x6bb1c  RtlInitializeConditionVariable
     663  0x1049c  RtlInitializeContext
     664  0x6a524  RtlInitializeCriticalSection
     665  0x6a684  RtlInitializeCriticalSectionAndSpinCount
     666  0x6a5b4  RtlInitializeCriticalSectionEx
     667  0x38a38  RtlInitializeExtendedContext
     668  0x387dc  RtlInitializeExtendedContext2
     669  0x59cf8  RtlInitializeGenericTable
     670  0x5b748  RtlInitializeGenericTableAvl
     671  0x3926c  RtlInitializeHandleTable
     672  0x59244  RtlInitializeNtUserPfn
     673  0x104b0  RtlInitializeRXact
     674  0x6c108  RtlInitializeResource
     675  0x6be24  RtlInitializeSListHead
     676  0x6b378  RtlInitializeSRWLock
     677  0x61760  RtlInitializeSid
     678  0x59ddc  RtlInsertElementGenericTable
     679  0x5b838  RtlInsertElementGenericTableAvl
     680  0x73958  RtlInstallFunctionTableCallback
     681  0x3f124  RtlInt64ToUnicodeString
     682  0x5eb48  RtlIntegerToChar
     683  0x5ed94  RtlIntegerToUnicodeString
     684  0x6be44  RtlInterlockedFlushSList
     685  0x6bf28  RtlInterlockedPopEntrySList
     686  0x6bebc  RtlInterlockedPushEntrySList
     687  0x6c098  RtlInterlockedPushListSList
     688  0x6c028  RtlInterlockedPushListSListEx
     689  0x60c60  RtlIpv4AddressToStringA
     690  0x60ae0  RtlIpv4AddressToStringExA
     691  0x609cc  RtlIpv4AddressToStringExW
     692  0x60c1c  RtlIpv4AddressToStringW
     693  0x600b0  RtlIpv4StringToAddressA
     694  0x5ffe8  RtlIpv4StringToAddressExA
     695  0x5fb78  RtlIpv4StringToAddressExW
     696  0x5ff64  RtlIpv4StringToAddressW
     697  0x61014  RtlIpv6AddressToStringA
     698  0x60ca4  RtlIpv6AddressToStringExA
     699  0x61060  RtlIpv6AddressToStringExW
     700  0x610b0  RtlIpv6AddressToStringW
     701  0x608fc  RtlIpv6StringToAddressA
     702  0x60818  RtlIpv6StringToAddressExA
     703  0x60180  RtlIpv6StringToAddressExW
     704  0x607ac  RtlIpv6StringToAddressW
     705  0x27244  RtlIsActivationContextActive
     706  0x6b068  RtlIsCriticalSectionLocked
     707  0x6b078  RtlIsCriticalSectionLockedByThread
     708  0x54aa4  RtlIsCurrentProcess
     709  0x6d55c  RtlIsCurrentThread
     710  0x4ff54  RtlIsDosDeviceName_U
     711  0x59d88  RtlIsGenericTableEmpty
     712  0x51908  RtlIsNameLegalDOS8Dot3
     713  0x4b3a4  RtlIsNormalizedString
     714  0x6740c  RtlIsProcessorFeaturePresent
     715  0x5e730  RtlIsTextUnicode
     716  0x39580  RtlIsValidHandle
     717  0x39600  RtlIsValidIndexHandle
     718  0x4ab94  RtlIsValidLocaleName
     719  0x3f060  RtlLargeIntegerToChar
     720  0x4acac  RtlLcidToLocaleName
     721  0x6b0a4  RtlLeaveCriticalSection
     722  0x614d8  RtlLengthRequiredSid
     723  0x61d4c  RtlLengthSecurityDescriptor
     724  0x61640  RtlLengthSid
     725  0x7352c  RtlLocalTimeToSystemTime
     726  0x4aeac  RtlLocaleNameToLcid
     727  0x38bec  RtlLocateExtendedFeature
     728  0x38a40  RtlLocateExtendedFeature2
     729  0x38c04  RtlLocateLegacyContext
     730  0x3cd74  RtlLockHeap
     731  0x325ac  RtlLookupAtomInAtomTable
     732  0x5a3e0  RtlLookupElementGenericTable
     733  0x5b878  RtlLookupElementGenericTableAvl
     734  0x74e48  RtlLookupFunctionEntry
     735  0x73f6c  RtlLookupFunctionTable
     736  0x62288  RtlMakeSelfRelativeSD
     737  0x63864  RtlMapGenericMask
     738  0x67c38  RtlMoveMemory
     739  0x497bc  RtlMultiByteToUnicodeN
     740  0x49a70  RtlMultiByteToUnicodeSize
     741  0x104c4  RtlNewInstanceSecurityObject
     742  0x104d8  RtlNewSecurityGrantedAccess
     743  0x629f4  RtlNewSecurityObject
     744  0x62a0c  RtlNewSecurityObjectEx
     745  0x62b1c  RtlNewSecurityObjectWithMultipleInheritance
     746  0x36350  RtlNormalizeProcessParams
     747  0x4b7bc  RtlNormalizeString
     748  0x3711c  RtlNtStatusToDosError
     749  0x36fb4  RtlNtStatusToDosErrorNoTeb
     750  0x5a27c  RtlNumberGenericTableElements
     751  0x5b7f8  RtlNumberGenericTableElementsAvl
     752  0x5c79c  RtlNumberOfClearBits
     753  0x5c5f0  RtlNumberOfSetBits
     754  0x49cf4  RtlOemStringToUnicodeSize
     755  0x5df48  RtlOemStringToUnicodeString
     756  0x49be4  RtlOemToUnicodeN
     757  0x5502c  RtlOpenCrossProcessEmulatorWorkConnection
     758  0x55d90  RtlOpenCurrentUser
     759  0x45438  RtlPcToFileHeader
     760  0x3277c  RtlPinAtomInAtomTable
     761  0x6d540  RtlPopFrame
     762  0x5dc4c  RtlPrefixString
     763  0x49424  RtlPrefixUnicodeString
     764  0x6dc68  RtlProcessFlsData
     765  0x104ec  RtlPropertySetNameToGuid
     766  0x10500  RtlProtectHeap
     767  0x6d528  RtlPushFrame
     768  0x2a0a4  RtlQueryActivationContextApplicationSettings
     769  0x31ee0  RtlQueryAtomInAtomTable
     770  0x6be30  RtlQueryDepthSList
     771  0x738e8  RtlQueryDynamicTimeZoneInformation
     772  0x35930  RtlQueryEnvironmentVariable_U
     773  0x35ac0  RtlQueryEnvironmentVariable
     774  0x3dbdc  RtlQueryHeapInformation
     775  0x63cfc  RtlQueryInformationAcl
     776  0x27270  RtlQueryInformationActivationContext
     777  0x27bb0  RtlQueryInformationActiveActivationContext
     778  0x10514  RtlQueryInterfaceMemoryStream
     779  0x5b8bc  RtlQueryPackageIdentity
     780  0x73890  RtlQueryPerformanceCounter
     781  0x738a8  RtlQueryPerformanceFrequency
     782  0x10528  RtlQueryProcessBackTraceInformation
     783  0x35158  RtlQueryProcessDebugInformation
     784  0x3dccc  RtlQueryProcessHeapInformation
     785  0x1053c  RtlQueryProcessLockInformation
     786  0x5b920  RtlQueryProcessPlaceholderCompatibilityMode
     787  0x10550  RtlQueryProperties
     788  0x10564  RtlQueryPropertyNames
     789  0x10578  RtlQueryPropertySet
     790  0x55ebc  RtlQueryRegistryValues
     791  0x55ebc  RtlQueryRegistryValuesEx
     792  0x1058c  RtlQuerySecurityObject
     793  0x105a0  RtlQueryTagHeap
     794  0x738d4  RtlQueryTimeZoneInformation
     795  0x73908  RtlQueryUnbiasedInterruptTime
     796  0x105b4  RtlQueueApcWow64Thread
     797  0x6df1c  RtlQueueWorkItem
     798  0x66330  RtlRaiseException
     799  0x37d84  RtlRaiseStatus
     800  0x5a750  RtlRandom
     801  0x5a7a4  RtlRandomEx
     802  0x5b010  RtlRbInsertNodeEx
     803  0x5b310  RtlRbRemoveNode
     804  0x3c1b8  RtlReAllocateHeap
     805  0x105c8  RtlReadMemoryStream
     806  0x105dc  RtlReadOutOfProcessMemoryStream
     807  0x5946c  RtlRealPredecessor
     808  0x594ec  RtlRealSuccessor
     809  0x105f0  RtlRegisterSecureMemoryCacheCallback
     810  0x719cc  RtlRegisterWait
     811  0x26d3c  RtlReleaseActivationContext
     812  0x10604  RtlReleaseMemoryStream
     813  0x45dac  RtlReleasePath
     814  0x35760  RtlReleasePebLock
     815  0x50a78  RtlReleaseRelativeName
     816  0x6c418  RtlReleaseResource
     817  0x6b798  RtlReleaseSRWLockExclusive
     818  0x6b9b8  RtlReleaseSRWLockShared
     819  0x10618  RtlRemoteCall
     820  0x37f24  RtlRemoveVectoredContinueHandler
     821  0x38070  RtlRemoveVectoredExceptionHandler
     822  0x59344  RtlResetNtUserPfn
     823  0x49170  RtlResetRtlTranslations
     824  0x66b24  RtlRestoreContext
     825  0x37140  RtlRestoreLastWin32Error
     826  0x59304  RtlRetrieveNtUserPfn
     827  0x1062c  RtlRevertMemoryStream
     828  0x10640  RtlRunDecodeUnicodeString
     829  0x10654  RtlRunEncodeUnicodeString
     830  0x6a340  RtlRunOnceBeginInitialize
     831  0x6a44c  RtlRunOnceComplete
     832  0x6b1b4  RtlRunOnceExecuteOnce
     833  0x6a338  RtlRunOnceInitialize
     834  0x73714  RtlSecondsSince1970ToTime
     835  0x73738  RtlSecondsSince1980ToTime
     836  0x62494  RtlSelfRelativeToAbsoluteSD
     837  0x5bd8c  RtlSetAllBits
     838  0x5be3c  RtlSetBits
     839  0x628f8  RtlSetControlSecurityDescriptor
     840  0x6a74c  RtlSetCriticalSectionSpinCount
     841  0x51ba8  RtlSetCurrentDirectory_U
     842  0x35c4c  RtlSetCurrentEnvironment
     843  0x5af64  RtlSetCurrentTransaction
     844  0x61fbc  RtlSetDaclSecurityDescriptor
     845  0x35d14  RtlSetEnvironmentVariable
     846  0x38c1c  RtlSetExtendedFeaturesMask
     847  0x621e8  RtlSetGroupSecurityDescriptor
     848  0x3dd08  RtlSetHeapInformation
     849  0x10668  RtlSetInformationAcl
     850  0x6e1c8  RtlSetIoCompletionCallback
     851  0x37140  RtlSetLastWin32Error
     852  0x3714c  RtlSetLastWin32ErrorAndNtStatusFromNtStatus
     853  0x621a0  RtlSetOwnerSecurityDescriptor
     854  0x49030  RtlSetProcessPreferredUILanguages
     855  0x1067c  RtlSetProperties
     856  0x10690  RtlSetPropertyClassId
     857  0x106a4  RtlSetPropertyNames
     858  0x106b8  RtlSetPropertySetClassId
     859  0x620e8  RtlSetSaclSecurityDescriptor
     860  0x45c44  RtlSetSearchPathMode
     861  0x106cc  RtlSetSecurityObject
     862  0x6d588  RtlSetThreadErrorMode
     863  0x49070  RtlSetThreadPreferredUILanguages
     864  0x738fc  RtlSetTimeZoneInformation
     865  0x38118  RtlSetUnhandledExceptionFilter
     866  0x106e0  RtlSetUnicodeCallouts
     867  0x3e0e4  RtlSetUserFlagsHeap
     868  0x3dfe0  RtlSetUserValueHeap
     869  0x3cdd4  RtlSizeHeap
     870  0x6bb4c  RtlSleepConditionVariableCS
     871  0x6bba8  RtlSleepConditionVariableSRW
     872  0x5956c  RtlSplay
     873  0x106f4  RtlStartRXact
     874  0x5f09c  RtlStringFromGUID
     875  0x61638  RtlSubAuthorityCountSid
     876  0x617c0  RtlSubAuthoritySid
     877  0x593a4  RtlSubtreePredecessor
     878  0x59408  RtlSubtreeSuccessor
     879  0x73608  RtlSystemTimeToLocalTime
     880  0x733c4  RtlTimeFieldsToTime
     881  0x7375c  RtlTimeToElapsedTimeFields
     882  0x73674  RtlTimeToSecondsSince1970
     883  0x736c4  RtlTimeToSecondsSince1980
     884  0x731d0  RtlTimeToTimeFields
     885  0x6ba84  RtlTryAcquireSRWLockExclusive
     886  0x6bad8  RtlTryAcquireSRWLockShared
     887  0x6aff0  RtlTryEnterCriticalSection
     888  0x4b014  RtlUTF8ToUnicodeN
     889  0x5e0e8  RtlUnicodeStringToAnsiSize
     890  0x5e018  RtlUnicodeStringToAnsiString
     891  0x10708  RtlUnicodeStringToCountedOemString
     892  0x5ec08  RtlUnicodeStringToInteger
     893  0x49e68  RtlUnicodeStringToOemSize
     894  0x5e10c  RtlUnicodeStringToOemString
     895  0x496f8  RtlUnicodeToCustomCPN
     896  0x49fe8  RtlUnicodeToMultiByteN
     897  0x4a1f4  RtlUnicodeToMultiByteSize
     898  0x4a370  RtlUnicodeToOemN
     899  0x4b180  RtlUnicodeToUTF8N
     900  0x5a718  RtlUniform
     901  0x3cda4  RtlUnlockHeap
     902  0x7507c  RtlUnwind
     903  0x66d5c  RtlUnwindEx
     904  0x4a698  RtlUpcaseUnicodeChar
     905  0x4a6c8  RtlUpcaseUnicodeString
     906  0x5e21c  RtlUpcaseUnicodeStringToAnsiString
     907  0x5e2ec  RtlUpcaseUnicodeStringToCountedOemString
     908  0x5de50  RtlUpcaseUnicodeStringToOemString
     909  0x4a798  RtlUpcaseUnicodeToCustomCPN
     910  0x4a8b8  RtlUpcaseUnicodeToMultiByteN
     911  0x4aab4  RtlUpcaseUnicodeToOemN
     912  0x6eb5c  RtlUpdateTimer
     913  0x5db30  RtlUpperChar
     914  0x5e1cc  RtlUpperString
     915  0x1071c  RtlUsageHeap
     916  0x663f0  RtlUserThreadStart
     917  0x62dbc  RtlValidAcl
     918  0x61cec  RtlValidRelativeSecurityDescriptor
     919  0x61cd8  RtlValidSecurityDescriptor
     920  0x6157c  RtlValidSid
     921  0x3cf00  RtlValidateHeap
     922  0x10730  RtlValidateProcessHeaps
     923  0x76b34  RtlVerifyVersionInfo
     924  0x74ac4  RtlVirtualUnwind
     925  0x73fbc  RtlVirtualUnwind2
     926  0x6b434  RtlWaitOnAddress
     927  0x6b840  RtlWakeAddressAll
     928  0x6ad98  RtlWakeAddressSingle
     929  0x6bb38  RtlWakeAllConditionVariable
     930  0x6bb24  RtlWakeConditionVariable
     931  0x674e0  RtlWalkFrameChain
     932  0x3d724  RtlWalkHeap
     933  0x54ad0  RtlWow64EnableFsRedirection
     934  0x54adc  RtlWow64EnableFsRedirectionEx
     935  0x54db0  RtlWow64GetCpuAreaInfo
     936  0x54b40  RtlWow64GetCurrentCpuArea
     937  0x54ae8  RtlWow64GetCurrentMachine
     938  0x54bfc  RtlWow64GetProcessMachines
     939  0x54ca4  RtlWow64GetSharedInfoProcess
     940  0x54e70  RtlWow64GetThreadContext
     941  0x54e94  RtlWow64GetThreadSelectorEntry
     942  0x54d1c  RtlWow64IsWowGuestMachineSupported
     943  0x55198  RtlWow64PopAllCrossProcessWorkFromWorkList
     944  0x55234  RtlWow64PopCrossProcessWorkFromFreeList
     945  0x552a4  RtlWow64PushCrossProcessWorkOntoFreeList
     946  0x55304  RtlWow64PushCrossProcessWorkOntoWorkList
     947  0x55370  RtlWow64RequestCrossProcessHeavyFlush
     948  0x54e84  RtlWow64SetThreadContext
     949  0x10744  RtlWriteMemoryStream
     950  0x56d1c  RtlWriteRegistryValue
     951  0x10758  RtlZeroHeap
     952  0x67c4c  RtlZeroMemory
     953  0x26d6c  RtlZombifyActivationContext
     954  0x55a00  RtlpNtCreateKey
     955  0x55a60  RtlpNtEnumerateSubKey
     956  0x55a5c  RtlpNtMakeTemporaryKey
     957  0x55a48  RtlpNtOpenKey
     958  0x55b68  RtlpNtQueryValueKey
     959  0x55c70  RtlpNtSetValueKey
     960  0x6ad34  RtlpUnWaitCriticalSection
     961  0x6a7dc  RtlpWaitForCriticalSection
     962  0x5df24  RtlxAnsiStringToUnicodeSize
     963  0x49cf4  RtlxOemStringToUnicodeSize
     964  0x5e0e8  RtlxUnicodeStringToAnsiSize
     965  0x49e68  RtlxUnicodeStringToOemSize
     966  0x6edec  TpAllocCleanupGroup
     967  0x6eeb0  TpAllocIoCompletion
     968  0x6f558  TpAllocPool
     969  0x6f6c4  TpAllocTimer
     970  0x6f89c  TpAllocWait
     971  0x6fbe0  TpAllocWork
     972  0x6fdd8  TpCallbackLeaveCriticalSectionOnCompletion
     973  0x6fe2c  TpCallbackMayRunLong
     974  0x6ff78  TpCallbackReleaseMutexOnCompletion
     975  0x6ffcc  TpCallbackReleaseSemaphoreOnCompletion
     976  0x7002c  TpCallbackSetEventOnCompletion
     977  0x70080  TpCallbackUnloadDllOnCompletion
     978  0x6fcd4  TpCancelAsyncIoOperation
     979  0x700d4  TpDisassociateCallback
     980  0x701ac  TpIsTimerSet
     981  0x70218  TpPostWork
     982  0x71958  TpQueryPoolStackInformation
     983  0x70438  TpReleaseCleanupGroup
     984  0x70558  TpReleaseCleanupGroupMembers
     985  0x70bf4  TpReleaseIoCompletion
     986  0x70cc0  TpReleasePool
     987  0x70e58  TpReleaseTimer
     988  0x70ed4  TpReleaseWait
     989  0x70f50  TpReleaseWork
     990  0x70fcc  TpSetPoolMaxThreads
     991  0x71038  TpSetPoolMinThreads
     992  0x718e4  TpSetPoolStackInformation
     993  0x71130  TpSetTimer
     994  0x71354  TpSetWait
     995  0x6e090  TpSimpleTryPost
     996  0x7153c  TpStartAsyncIoOperation
     997  0x715c4  TpWaitForIoCompletion
     998  0x7168c  TpWaitForTimer
     999  0x71754  TpWaitForWait
    1000  0x7181c  TpWaitForWork
    1001  0x77270  VerSetConditionMask
    1002  0x4eb80  WinSqmEndSession
    1003  0x4ec40  WinSqmIncrementDWORD
    1004  0x4ec74  WinSqmIsOptedIn
    1005  0x4ece8  WinSqmSetDWORD
    1006  0x4ed1c  WinSqmSetIfMaxDWORD
    1007  0x4eca8  WinSqmStartSession
    1008  0x64100  ZwAcceptConnectPort
    1009  0x640c0  ZwAccessCheck
    1010  0x645e0  ZwAccessCheckAndAuditAlarm
    1011  0x64be0  ZwAccessCheckByTypeAndAuditAlarm
    1012  0x649a0  ZwAddAtom
    1013  0x64d20  ZwAdjustGroupsToken
    1014  0x648e0  ZwAdjustPrivilegesToken
    1015  0x64d40  ZwAlertMultipleThreadByThreadId
    1016  0x64d60  ZwAlertResumeThread
    1017  0x64d80  ZwAlertThread
    1018  0x64da0  ZwAlertThreadByThreadId
    1019  0x64dc0  ZwAllocateLocallyUniqueId
    1020  0x64de0  ZwAllocateReserveObject
    1021  0x64e00  ZwAllocateUuids
    1022  0x643c0  ZwAllocateVirtualMemory
    1023  0x64e20  ZwAllocateVirtualMemoryEx
    1024  0x64a40  ZwApphelpCacheControl
    1025  0x64e40  ZwAreMappedFilesTheSame
    1026  0x64e60  ZwAssignProcessToJobObject
    1027  0x64160  ZwCallbackReturn
    1028  0x64c60  ZwCancelIoFile
    1029  0x64e80  ZwCancelIoFileEx
    1030  0x64ea0  ZwCancelSynchronousIoFile
    1031  0x64ce0  ZwCancelTimer
    1032  0x64880  ZwClearEvent
    1033  0x642a0  ZwClose
    1034  0x64820  ZwCloseObjectAuditAlarm
    1035  0x64ec0  ZwCommitTransaction
    1036  0x64ee0  ZwCompareObjects
    1037  0x64f00  ZwCompareTokens
    1038  0x64f20  ZwCompleteConnectPort
    1039  0x64f40  ZwConnectPort
    1040  0x64920  ZwContinue
    1041  0x64f60  ZwContinueEx
    1042  0x64f80  ZwConvertBetweenAuxiliaryCounterAndPerformanceCounter
    1043  0x65580  ZwCreateDebugObject
    1044  0x64fa0  ZwCreateDirectoryObject
    1045  0x649c0  ZwCreateEvent
    1046  0x64b60  ZwCreateFile
    1047  0x64fc0  ZwCreateIoCompletion
    1048  0x64fe0  ZwCreateJobObject
    1049  0x64460  ZwCreateKey
    1050  0x65000  ZwCreateKeyTransacted
    1051  0x65020  ZwCreateKeyedEvent
    1052  0x65040  ZwCreateLowBoxToken
    1053  0x65060  ZwCreateMailslotFile
    1054  0x65080  ZwCreateMutant
    1055  0x650a0  ZwCreateNamedPipeFile
    1056  0x650c0  ZwCreatePagingFile
    1057  0x650e0  ZwCreatePort
    1058  0x64a60  ZwCreateProcessEx
    1059  0x64a00  ZwCreateSection
    1060  0x65100  ZwCreateSectionEx
    1061  0x65120  ZwCreateSemaphore
    1062  0x65140  ZwCreateSymbolicLinkObject
    1063  0x64a80  ZwCreateThread
    1064  0x65160  ZwCreateThreadEx
    1065  0x65180  ZwCreateTimer
    1066  0x651a0  ZwCreateToken
    1067  0x651c0  ZwCreateTransaction
    1068  0x651e0  ZwCreateUserProcess
    1069  0x65200  ZwDebugActiveProcess
    1070  0x65220  ZwDebugContinue
    1071  0x64740  ZwDelayExecution
    1072  0x65240  ZwDeleteAtom
    1073  0x65260  ZwDeleteFile
    1074  0x65280  ZwDeleteKey
    1075  0x652a0  ZwDeleteValueKey
    1076  0x641a0  ZwDeviceIoControlFile
    1077  0x652c0  ZwDisplayString
    1078  0x64840  ZwDuplicateObject
    1079  0x64900  ZwDuplicateToken
    1080  0x64700  ZwEnumerateKey
    1081  0x64320  ZwEnumerateValueKey
    1082  0x652e0  ZwFilterToken
    1083  0x64340  ZwFindAtom
    1084  0x64a20  ZwFlushBuffersFile
    1085  0x65300  ZwFlushBuffersFileEx
    1086  0x65320  ZwFlushInstructionCache
    1087  0x65340  ZwFlushKey
    1088  0x65360  ZwFlushProcessWriteBuffers
    1089  0x65380  ZwFlushVirtualMemory
    1090  0x64480  ZwFreeVirtualMemory
    1091  0x647e0  ZwFsControlFile
    1092  0x653a0  ZwGetContextThread
    1093  0x653c0  ZwGetCurrentProcessorNumber
    1094  0x653e0  ZwGetNextProcess
    1095  0x65400  ZwGetNextThread
    1096  0x65420  ZwGetNlsSectionPtr
    1097  0x65440  ZwGetWriteWatch
    1098  0x65460  ZwImpersonateAnonymousToken
    1099  0x644a0  ZwImpersonateClientOfPort
    1100  0x65480  ZwInitializeNlsFiles
    1101  0x654a0  ZwInitiatePowerAction
    1102  0x64aa0  ZwIsProcessInJob
    1103  0x654c0  ZwListenPort
    1104  0x654e0  ZwLoadDriver
    1105  0x65520  ZwLoadKey2
    1106  0x65500  ZwLoadKey
    1107  0x65540  ZwLoadKeyEx
    1108  0x65560  ZwLockFile
    1109  0x655a0  ZwLockVirtualMemory
    1110  0x655c0  ZwMakePermanentObject
    1111  0x655e0  ZwMakeTemporaryObject
    1112  0x64120  ZwMapUserPhysicalPagesScatter
    1113  0x645c0  ZwMapViewOfSection
    1114  0x65600  ZwMapViewOfSectionEx
    1115  0x65620  ZwNotifyChangeDirectoryFile
    1116  0x65640  ZwNotifyChangeKey
    1117  0x65660  ZwNotifyChangeMultipleKeys
    1118  0x64bc0  ZwOpenDirectoryObject
    1119  0x648c0  ZwOpenEvent
    1120  0x64720  ZwOpenFile
    1121  0x65680  ZwOpenIoCompletion
    1122  0x656a0  ZwOpenJobObject
    1123  0x64300  ZwOpenKey
    1124  0x656c0  ZwOpenKeyEx
    1125  0x656e0  ZwOpenKeyTransacted
    1126  0x65700  ZwOpenKeyTransactedEx
    1127  0x65720  ZwOpenKeyedEvent
    1128  0x65740  ZwOpenMutant
    1129  0x64580  ZwOpenProcess
    1130  0x65760  ZwOpenProcessToken
    1131  0x646c0  ZwOpenProcessTokenEx
    1132  0x647a0  ZwOpenSection
    1133  0x65780  ZwOpenSemaphore
    1134  0x657a0  ZwOpenSymbolicLinkObject
    1135  0x657c0  ZwOpenThread
    1136  0x64540  ZwOpenThreadToken
    1137  0x646a0  ZwOpenThreadTokenEx
    1138  0x657e0  ZwOpenTimer
    1139  0x64ca0  ZwPowerInformation
    1140  0x65800  ZwPrivilegeCheck
    1141  0x64ac0  ZwProtectVirtualMemory
    1142  0x65820  ZwPulseEvent
    1143  0x64860  ZwQueryAttributesFile
    1144  0x64360  ZwQueryDefaultLocale
    1145  0x64940  ZwQueryDefaultUILanguage
    1146  0x64760  ZwQueryDirectoryFile
    1147  0x65840  ZwQueryDirectoryObject
    1148  0x65860  ZwQueryEaFile
    1149  0x64b80  ZwQueryEvent
    1150  0x65880  ZwQueryFullAttributesFile
    1151  0x658a0  ZwQueryInformationAtom
    1152  0x642e0  ZwQueryInformationFile
    1153  0x658c0  ZwQueryInformationJobObject
    1154  0x643e0  ZwQueryInformationProcess
    1155  0x64560  ZwQueryInformationThread
    1156  0x644e0  ZwQueryInformationToken
    1157  0x658e0  ZwQueryInstallUILanguage
    1158  0x65900  ZwQueryIoCompletion
    1159  0x64380  ZwQueryKey
    1160  0x65920  ZwQueryLicenseValue
    1161  0x65940  ZwQueryMultipleValueKey
    1162  0x65960  ZwQueryMutant
    1163  0x642c0  ZwQueryObject
    1164  0x646e0  ZwQueryPerformanceCounter
    1165  0x64ae0  ZwQuerySection
    1166  0x65980  ZwQuerySecurityObject
    1167  0x659a0  ZwQuerySemaphore
    1168  0x659c0  ZwQuerySymbolicLinkObject
    1169  0x659e0  ZwQuerySystemEnvironmentValue
    1170  0x65a00  ZwQuerySystemEnvironmentValueEx
    1171  0x64780  ZwQuerySystemInformation
    1172  0x65a20  ZwQuerySystemInformationEx
    1173  0x64c00  ZwQuerySystemTime
    1174  0x647c0  ZwQueryTimer
    1175  0x65a40  ZwQueryTimerResolution
    1176  0x643a0  ZwQueryValueKey
    1177  0x64520  ZwQueryVirtualMemory
    1178  0x649e0  ZwQueryVolumeInformationFile
    1179  0x64960  ZwQueueApcThread
    1180  0x65a60  ZwQueueApcThreadEx
    1181  0x65a80  ZwQueueApcThreadEx2
    1182  0x65aa0  ZwRaiseException
    1183  0x65ac0  ZwRaiseHardError
    1184  0x64180  ZwReadFile
    1185  0x64680  ZwReadFileScatter
    1186  0x64b40  ZwReadRequestData
    1187  0x648a0  ZwReadVirtualMemory
    1188  0x65ae0  ZwRegisterThreadTerminatePort
    1189  0x65b00  ZwReleaseKeyedEvent
    1190  0x644c0  ZwReleaseMutant
    1191  0x64200  ZwReleaseSemaphore
    1192  0x641e0  ZwRemoveIoCompletion
    1193  0x65b20  ZwRemoveIoCompletionEx
    1194  0x65b40  ZwRemoveProcessDebug
    1195  0x65b60  ZwRenameKey
    1196  0x65b80  ZwReplaceKey
    1197  0x64240  ZwReplyPort
    1198  0x64220  ZwReplyWaitReceivePort
    1199  0x64620  ZwReplyWaitReceivePortEx
    1200  0x64500  ZwRequestWaitReplyPort
    1201  0x65ba0  ZwResetEvent
    1202  0x65bc0  ZwResetWriteWatch
    1203  0x65be0  ZwRestoreKey
    1204  0x65c00  ZwResumeProcess
    1205  0x64b00  ZwResumeThread
    1206  0x65c20  ZwRollbackTransaction
    1207  0x65c40  ZwSaveKey
    1208  0x65c60  ZwSecureConnectPort
    1209  0x65c80  ZwSetContextThread
    1210  0x65ca0  ZwSetDebugFilterState
    1211  0x65cc0  ZwSetDefaultLocale
    1212  0x65ce0  ZwSetDefaultUILanguage
    1213  0x65d00  ZwSetEaFile
    1214  0x64280  ZwSetEvent
    1215  0x64660  ZwSetEventBoostPriority
    1216  0x65d20  ZwSetInformationDebugObject
    1217  0x645a0  ZwSetInformationFile
    1218  0x65d40  ZwSetInformationJobObject
    1219  0x65d60  ZwSetInformationKey
    1220  0x64c40  ZwSetInformationObject
    1221  0x64440  ZwSetInformationProcess
    1222  0x64260  ZwSetInformationThread
    1223  0x65d80  ZwSetInformationToken
    1224  0x65da0  ZwSetInformationVirtualMemory
    1225  0x65dc0  ZwSetIntervalProfile
    1226  0x65de0  ZwSetIoCompletion
    1227  0x65e00  ZwSetIoCompletionEx
    1228  0x65e20  ZwSetLdtEntries
    1229  0x65e40  ZwSetSecurityObject
    1230  0x65e60  ZwSetSystemInformation
    1231  0x65e80  ZwSetSystemTime
    1232  0x65ea0  ZwSetThreadExecutionState
    1233  0x64d00  ZwSetTimer
    1234  0x65ec0  ZwSetTimerResolution
    1235  0x64cc0  ZwSetValueKey
    1236  0x65ee0  ZwSetVolumeInformationFile
    1237  0x65f00  ZwShutdownSystem
    1238  0x65f20  ZwSignalAndWaitForSingleObject
    1239  0x65f40  ZwSuspendProcess
    1240  0x65f60  ZwSuspendThread
    1241  0x65f80  ZwSystemDebugControl
    1242  0x65fa0  ZwTerminateJobObject
    1243  0x64640  ZwTerminateProcess
    1244  0x64b20  ZwTerminateThread
    1245  0x65fc0  ZwTestAlert
    1246  0x65fe0  ZwTraceControl
    1247  0x64c80  ZwTraceEvent
    1248  0x66000  ZwUnloadDriver
    1249  0x66020  ZwUnloadKey
    1250  0x66040  ZwUnlockFile
    1251  0x66060  ZwUnlockVirtualMemory
    1252  0x64600  ZwUnmapViewOfSection
    1253  0x66080  ZwUnmapViewOfSectionEx
    1254  0x660a0  ZwWaitForAlertByThreadId
    1255  0x660c0  ZwWaitForDebugEvent
    1256  0x660e0  ZwWaitForKeyedEvent
    1257  0x64c20  ZwWaitForMultipleObjects
    1258  0x64400  ZwWaitForMultipleObjects32
    1259  0x64140  ZwWaitForSingleObject
    1260  0x640e0  ZwWorkerFactoryWorkerReady
    1261  0x641c0  ZwWriteFile
    1262  0x64420  ZwWriteFileGather
    1263  0x64ba0  ZwWriteRequestData
    1264  0x64800  ZwWriteVirtualMemory
    1265  0x64980  ZwYieldExecution
    1266  0x74b10  __C_specific_handler
    1267  0x66100  __chkstk
    1268  0x68654  __isascii
    1269  0x68668  __iscsym
    1270  0x6869c  __iscsymf
    1271  0x68660  __toascii
    1272  0x69240  _atoi64
    1273  0x6d5c8  _errno
    1274  0x1076c  _fltused
    1275  0x68d74  _i64toa
    1276  0x68f4c  _i64toa_s
    1277  0x78964  _i64tow
    1278  0x78b58  _i64tow_s
    1279  0x68c80  _itoa
    1280  0x6912c  _itoa_s
    1281  0x78860  _itow
    1282  0x78d68  _itow_s
    1283  0x4eb28  _lfind
    1284  0x750a4  _local_unwind
    1285  0x68bf4  _ltoa
    1286  0x69018  _ltoa_s
    1287  0x787c8  _ltow
    1288  0x78c28  _ltow_s
    1289  0x6a16c  _makepath_s
    1290  0x68218  _memccpy
    1291  0x68260  _memicmp
    1292  0x663a0  _setjmpex
    1293  0x53460  _snprintf
    1294  0x535f0  _snprintf_s
    1295  0x534c4  _snwprintf
    1296  0x53664  _snwprintf_s
    1297  0x6a11c  _splitpath
    1298  0x69ecc  _splitpath_s
    1299  0x68320  _strcmpi
    1300  0x68320  _stricmp
    1301  0x6842c  _strlwr
    1302  0x68460  _strlwr_s
    1303  0x682b8  _strnicmp
    1304  0x68374  _strupr
    1305  0x683ac  _strupr_s
    1306  0x538e4  _swprintf
    1307  0x686d8  _tolower
    1308  0x686d0  _toupper
    1309  0x68d0c  _ui64toa
    1310  0x68e04  _ui64toa_s
    1311  0x788f8  _ui64tow
    1312  0x78a00  _ui64tow_s
    1313  0x68b8c  _ultoa
    1314  0x68ea8  _ultoa_s
    1315  0x7875c  _ultow
    1316  0x78aac  _ultow_s
    1317  0x533e0  _vscprintf
    1318  0x53420  _vscwprintf
    1319  0x52074  _vsnprintf
    1320  0x53528  _vsnprintf_s
    1321  0x52a0c  _vsnwprintf
    1322  0x5358c  _vsnwprintf_s
    1323  0x53778  _vswprintf
    1324  0x7732c  _wcsicmp
    1325  0x773a4  _wcslwr
    1326  0x773d8  _wcslwr_s
    1327  0x7748c  _wcsnicmp
    1328  0x78454  _wcstoi64
    1329  0x78608  _wcstoui64
    1330  0x774e4  _wcsupr
    1331  0x7751c  _wcsupr_s
    1332  0x792b8  _wmakepath_s
    1333  0x79068  _wsplitpath_s
    1334  0x78f3c  _wtoi
    1335  0x78fd0  _wtoi64
    1336  0x78ea8  _wtol
    1337  0x4d85c  abs
    1338  0x7b578  atan
    1339  0x7b76c  atan2
    1340  0x692d0  atoi
    1341  0x6935c  atol
    1342  0x4ea9c  bsearch
    1343  0x4ea04  bsearch_s
    1344  0x7b988  ceil
    1345  0x7b9f8  cos
    1346  0x7bb10  fabs
    1347  0x7bb18  floor
    1348  0x68544  isalnum
    1349  0x6855c  isalpha
    1350  0x68574  iscntrl
    1351  0x6858c  isdigit
    1352  0x685a4  isgraph
    1353  0x685c0  islower
    1354  0x685d8  isprint
    1355  0x685f4  ispunct
    1356  0x6860c  isspace
    1357  0x68624  isupper
    1358  0x77d14  iswalnum
    1359  0x77d44  iswalpha
    1360  0x77d74  iswascii
    1361  0x77ce8  iswctype
    1362  0x77d80  iswdigit
    1363  0x77dac  iswgraph
    1364  0x77ddc  iswlower
    1365  0x77e08  iswprint
    1366  0x77e38  iswspace
    1367  0x77e64  iswxdigit
    1368  0x6863c  isxdigit
    1369  0x4d85c  labs
    1370  0x7bb90  log
    1371  0x67610  longjmp
    1372  0x77c50  mbstowcs
    1373  0x676bc  memchr
    1374  0x676e4  memcmp
    1375  0x6771c  memcpy
    1376  0x67a64  memcpy_s
    1377  0x678c0  memmove
    1378  0x67ac4  memmove_s
    1379  0x67b08  memset
    1380  0x7bda0  pow
    1381  0x4e168  qsort
    1382  0x4d888  qsort_s
    1383  0x7c3cc  sin
    1384  0x53818  sprintf
    1385  0x53870  sprintf_s
    1386  0x7c4ec  sqrt
    1387  0x693e8  sscanf
    1388  0x67d24  strcat
    1389  0x67d58  strcat_s
    1390  0x67dc8  strchr
    1391  0x67dec  strcmp
    1392  0x67e28  strcpy
    1393  0x67e40  strcpy_s
    1394  0x67e80  strcspn
    1395  0x67eb4  strlen
    1396  0x67ecc  strncat
    1397  0x67f14  strncat_s
    1398  0x67fcc  strncmp
    1399  0x68024  strncpy
    1400  0x6806c  strncpy_s
    1401  0x68110  strnlen
    1402  0x68140  strpbrk
    1403  0x6816c  strrchr
    1404  0x68194  strspn
    1405  0x681cc  strstr
    1406  0x686e0  strtok_s
    1407  0x68790  strtol
    1408  0x689b0  strtoul
    1409  0x538e4  swprintf
    1410  0x5393c  swprintf_s
    1411  0x7c668  tan
    1412  0x68248  tolower
    1413  0x684dc  toupper
    1414  0x4ab10  towlower
    1415  0x4ab48  towupper
    1416  0x58e50  vDbgPrintEx
    1417  0x58ec0  vDbgPrintExWithPrefix
    1418  0x536d8  vsprintf
    1419  0x5371c  vsprintf_s
    1420  0x537bc  vswprintf_s
    1421  0x77614  wcscat
    1422  0x7764c  wcscat_s
    1423  0x776b8  wcschr
    1424  0x776d8  wcscmp
    1425  0x775a0  wcscpy
    1426  0x775b8  wcscpy_s
    1427  0x77708  wcscspn
    1428  0x775f8  wcslen
    1429  0x77740  wcsncat
    1430  0x77788  wcsncat_s
    1431  0x77844  wcsncmp
    1432  0x778a4  wcsncpy
    1433  0x77900  wcsncpy_s
    1434  0x77458  wcsnlen
    1435  0x779a4  wcspbrk
    1436  0x779d0  wcsrchr
    1437  0x779f8  wcsspn
    1438  0x77a34  wcsstr
    1439  0x77a80  wcstok
    1440  0x77b10  wcstok_s
    1441  0x77e90  wcstol
    1442  0x77bc0  wcstombs
    1443  0x7830c  wcstoul
    1444  0x402cc  wine_server_call
    1445  0x402e8  wine_server_fd_to_handle
    1446  0x40324  wine_server_handle_to_fd
    1447  0x40294  __wine_unix_spawnvp
    1448  0x4026c  __wine_ctrl_routine
    1449  0xc0b68  __wine_syscall_dispatcher
    1450  0xc0b60  __wine_unix_call_dispatcher
    1451  0xc0b70  __wine_unixlib_handle
    1452  0x6ce20  __wine_dbg_write
    1453  0x6c8d4  __wine_dbg_get_channel_flags
    1454  0x6ca2c  __wine_dbg_header
    1455  0x6ce64  __wine_dbg_output
    1456  0x6c9bc  __wine_dbg_strdup
    1457  0x75cf0  wine_get_version
    1458  0x75cfc  wine_get_build_id
    1459  0x75d28  wine_get_host_version
/Users/runner/work/WineIOS-Core/WineIOS-Core/build/wine-ios-arm64/dlls/kernelbase/aarch64-windows/kernelbase.dll: PE32+ executable (DLL) (console) Aarch64, for MS Windows

/Users/runner/work/WineIOS-Core/WineIOS-Core/build/wine-ios-arm64/dlls/kernelbase/aarch64-windows/kernelbase.dll:	file format coff-arm64
Characteristics 0x2022
	executable
	large address aware
	DLL

Time/Date               Sun Sep  6 03:28:40 2026
Magic                   020b	(PE32+)
MajorLinkerVersion      14
MinorLinkerVersion      0
SizeOfCode              0000000000080000
SizeOfInitializedData   00000000003a0000
SizeOfUninitializedData 0000000000000000
AddressOfEntryPoint     0000000000084d38
BaseOfCode              0000000000010000
ImageBase               0000000180000000
SectionAlignment        00010000
FileAlignment           00010000
MajorOSystemVersion     6
MinorOSystemVersion     0
MajorImageVersion       0
MinorImageVersion       0
MajorSubsystemVersion   6
MinorSubsystemVersion   0
Win32Version            00000000
SizeOfImage             00430000
SizeOfHeaders           00010000
CheckSum                00000000
Subsystem               00000003	(Windows CUI)
DllCharacteristics      00000160
					HIGH_ENTROPY_VA
					DYNAMIC_BASE
					NX_COMPAT
SizeOfStackReserve      0000000000100000
SizeOfStackCommit       0000000000001000
SizeOfHeapReserve       0000000000100000
SizeOfHeapCommit        0000000000001000
LoaderFlags             00000000
NumberOfRvaAndSizes     00000010

The Data Directory
Entry 0 00000000000aa760 0000ac04 Export Directory [.edata (or where ever we found it)]
Entry 1 00000000000b5364 00000028 Import Directory [parts of .idata]
Entry 2 00000000000f0000 0005a73c Resource Directory [.rsrc]
Entry 3 00000000000e0000 000052e0 Exception Directory [.pdata]
Entry 4 0000000000000000 00000000 Security Directory
Entry 5 0000000000150000 0000020c Base Relocation Directory [.reloc]
Entry 6 00000000000c0000 0000001c Debug Directory
Entry 7 0000000000000000 00000000 Description Directory
Entry 8 0000000000000000 00000000 Special Directory
Entry 9 0000000000000000 00000000 Thread Storage Directory [.tls]
Entry a 0000000000091e28 00000140 Load Configuration Directory
Entry b 0000000000000000 00000000 Bound Import Directory
Entry c 00000000000b60f0 00000d60 Import Address Table Directory
Entry d 0000000000000000 00000000 Delay Import Directory
Entry e 0000000000000000 00000000 CLR Runtime Header
Entry f 0000000000000000 00000000 Reserved

The Import Tables:
  lookup 000b5390 time 00000000 fwd 00000000 name 000b942c addr 000b60f0

    DLL Name: ntdll.dll
    Hint/Ord  Name
           5  ApiSetQueryApiSetPresenceEx
          28  DbgUiConnectToDbg
          29  DbgUiContinue
          30  DbgUiConvertStateChangeStructure
          31  DbgUiDebugActiveProcess
          32  DbgUiGetThreadDebugObject
          36  DbgUiStopDebugging
          37  DbgUiWaitStateChange
          63  LdrAccessResource
          64  LdrAddDllDirectory
          65  LdrAddRefDll
          66  LdrDisableThreadCalloutsForDll
          70  LdrFindResourceDirectory_U
          71  LdrFindResource_U
          74  LdrGetDllFullName
          76  LdrGetDllHandleEx
          77  LdrGetDllPath
          78  LdrGetProcedureAddress
          82  LdrLoadDll
          88  LdrRemoveDllDirectory
          89  LdrResolveDelayLoadedAPI
          91  LdrSetDefaultDllDirectories
          98  LdrUnloadDll
         112  NtAccessCheck
         116  NtAdjustGroupsToken
         117  NtAdjustPrivilegesToken
         122  NtAllocateLocallyUniqueId
         125  NtAllocateVirtualMemory
         126  NtAllocateVirtualMemoryEx
         131  NtCancelIoFile
         132  NtCancelIoFileEx
         133  NtCancelSynchronousIoFile
         134  NtCancelTimer
         136  NtClose
         139  NtCompareObjects
         145  NtConvertBetweenAuxiliaryCounterAndPerformanceCounter
         148  NtCreateEvent
         149  NtCreateFile
         150  NtCreateIoCompletion
         152  NtCreateKey
         157  NtCreateMutant
         158  NtCreateNamedPipeFile
         162  NtCreateSection
         163  NtCreateSectionEx
         164  NtCreateSemaphore
         165  NtCreateSymbolicLinkObject
         167  NtCreateThreadEx
         168  NtCreateTimer
         171  NtCreateUserProcess
         174  NtDelayExecution
         177  NtDeleteKey
         178  NtDeleteValueKey
         179  NtDeviceIoControlFile
         181  NtDuplicateObject
         182  NtDuplicateToken
         183  NtEnumerateKey
         184  NtEnumerateValueKey
         185  NtFilterToken
         187  NtFlushBuffersFile
         189  NtFlushInstructionCache
         190  NtFlushKey
         192  NtFlushVirtualMemory
         193  NtFreeVirtualMemory
         194  NtFsControlFile
         195  NtGetContextThread
         199  NtGetNlsSectionPtr
         200  NtGetTickCount
         201  NtGetWriteWatch
         202  NtImpersonateAnonymousToken
         206  NtIsProcessInJob
         210  NtLoadKey
         212  NtLockFile
         213  NtLockVirtualMemory
         215  NtMakeTemporaryObject
         217  NtMapViewOfSection
         218  NtMapViewOfSectionEx
         219  NtNotifyChangeDirectoryFile
         220  NtNotifyChangeKey
         222  NtOpenDirectoryObject
         223  NtOpenEvent
         224  NtOpenFile
         227  NtOpenKey
         228  NtOpenKeyEx
         232  NtOpenMutant
         233  NtOpenProcess
         234  NtOpenProcessToken
         236  NtOpenSection
         237  NtOpenSemaphore
         238  NtOpenSymbolicLinkObject
         239  NtOpenThread
         240  NtOpenThreadToken
         242  NtOpenTimer
         244  NtPrivilegeCheck
         245  NtProtectVirtualMemory
         246  NtPulseEvent
         247  NtQueryAttributesFile
         248  NtQueryDefaultLocale
         249  NtQueryDefaultUILanguage
         250  NtQueryDirectoryFile
         251  NtQueryDirectoryObject
         254  NtQueryFullAttributesFile
         256  NtQueryInformationFile
         258  NtQueryInformationProcess
         259  NtQueryInformationThread
         260  NtQueryInformationToken
         261  NtQueryInstallUILanguage
         263  NtQueryKey
         267  NtQueryObject
         268  NtQueryPerformanceCounter
         270  NtQuerySecurityObject
         272  NtQuerySymbolicLinkObject
         275  NtQuerySystemInformation
         276  NtQuerySystemInformationEx
         277  NtQuerySystemTime
         280  NtQueryValueKey
         281  NtQueryVirtualMemory
         282  NtQueryVolumeInformationFile
         283  NtQueueApcThread
         285  NtQueueApcThreadEx2
         286  NtRaiseException
         288  NtReadFile
         289  NtReadFileScatter
         291  NtReadVirtualMemory
         294  NtReleaseMutant
         295  NtReleaseSemaphore
         296  NtRemoveIoCompletion
         297  NtRemoveIoCompletionEx
         305  NtResetEvent
         306  NtResetWriteWatch
         309  NtResumeThread
         311  NtSaveKey
         313  NtSetContextThread
         318  NtSetEvent
         321  NtSetInformationFile
         324  NtSetInformationObject
         325  NtSetInformationProcess
         326  NtSetInformationThread
         327  NtSetInformationToken
         328  NtSetInformationVirtualMemory
         330  NtSetIoCompletion
         333  NtSetSecurityObject
         334  NtSetSystemInformation
         335  NtSetSystemTime
         337  NtSetTimer
         339  NtSetValueKey
         342  NtSignalAndWaitForSingleObject
         344  NtSuspendThread
         347  NtTerminateProcess
         348  NtTerminateThread
         353  NtUnloadKey
         354  NtUnlockFile
         355  NtUnlockVirtualMemory
         356  NtUnmapViewOfSection
         357  NtUnmapViewOfSectionEx
         361  NtWaitForMultipleObjects
         363  NtWaitForSingleObject
         365  NtWriteFile
         366  NtWriteFileGather
         368  NtWriteVirtualMemory
         369  NtYieldExecution
         380  RtlAcquirePebLock
         385  RtlActivateActivationContext
         386  RtlActivateActivationContextEx
         388  RtlAddAccessAllowedAce
         389  RtlAddAccessAllowedAceEx
         390  RtlAddAccessAllowedObjectAce
         391  RtlAddAccessDeniedAce
         392  RtlAddAccessDeniedAceEx
         393  RtlAddAccessDeniedObjectAce
         394  RtlAddAce
         398  RtlAddAuditAccessAce
         399  RtlAddAuditAccessAceEx
         400  RtlAddAuditAccessObjectAce
         403  RtlAddMandatoryAce
         405  RtlAddRefActivationContext
         410  RtlAllocateAndInitializeSid
         412  RtlAllocateHeap
         415  RtlAnsiStringToUnicodeString
         422  RtlAreAllAccessesGranted
         423  RtlAreAnyAccessesGranted
         425  RtlAreBitsSet
         427  RtlBarrier
         428  RtlCaptureContext
         430  RtlCharToInteger
         433  RtlClearBits
         435  RtlCompactHeap
         440  RtlCompareUnicodeStrings
         447  RtlConvertSidToUnicodeString
         448  RtlConvertToAutoInheritSecurityObject
         450  RtlCopyContext
         456  RtlCopySid
         460  RtlCreateAcl
         461  RtlCreateActivationContext
         464  RtlCreateEnvironment
         465  RtlCreateHeap
         467  RtlCreateProcessParametersEx
         472  RtlCreateSecurityDescriptor
         474  RtlCreateTimer
         475  RtlCreateTimerQueue
         476  RtlCreateUnicodeString
         477  RtlCreateUnicodeStringFromAsciiz
         480  RtlCreateUserStack
         485  RtlDeactivateActivationContext
         494  RtlDeleteAce
         496  RtlDeleteBarrier
         497  RtlDeleteCriticalSection
         507  RtlDeleteSecurityObject
         508  RtlDeleteTimer
         509  RtlDeleteTimerQueueEx
         511  RtlDeregisterWaitEx
         512  RtlDeriveCapabilitySidsFromName
         514  RtlDestroyEnvironment
         516  RtlDestroyHeap
         517  RtlDestroyProcessParameters
         519  RtlDetermineDosPathNameType_U
         521  RtlDoesFileExists_U
         522  RtlDosPathNameToNtPathName_U
         523  RtlDosPathNameToNtPathName_U_WithStatus
         526  RtlDosSearchPath_U
         527  RtlDowncaseUnicodeChar
         530  RtlDuplicateUnicodeString
         534  RtlEnterCriticalSection
         543  RtlEqualPrefixSid
         544  RtlEqualSid
         548  RtlExitUserProcess
         549  RtlExitUserThread
         551  RtlExpandEnvironmentStrings_U
         556  RtlFindActivationContextSectionGuid
         557  RtlFindActivationContextSectionString
         560  RtlFindClearBitsAndSet
         568  RtlFindMessage
         577  RtlFirstFreeAce
         578  RtlFlsAlloc
         579  RtlFlsFree
         580  RtlFlsGetValue
         581  RtlFlsSetValue
         584  RtlFormatMessage
         586  RtlFreeActivationContextStack
         587  RtlFreeAnsiString
         589  RtlFreeHeap
         591  RtlFreeSid
         593  RtlFreeUnicodeString
         594  RtlFreeUserStack
         596  RtlGUIDFromString
         598  RtlGetAce
         599  RtlGetActiveActivationContext
         602  RtlGetControlSecurityDescriptor
         603  RtlGetCurrentDirectory_U
         604  RtlGetCurrentPeb
         607  RtlGetDaclSecurityDescriptor
         610  RtlGetExePath
         612  RtlGetExtendedContextLength2
         615  RtlGetFullPathName_U
         617  RtlGetGroupSecurityDescriptor
         620  RtlGetLocaleFileMappingAddress
         622  RtlGetNativeSystemInformation
         626  RtlGetOwnerSecurityDescriptor
         628  RtlGetProcessHeaps
         629  RtlGetProcessPreferredUILanguages
         627  RtlGetProductInfo
         630  RtlGetSaclSecurityDescriptor
         631  RtlGetSearchPath
         632  RtlGetSystemPreferredUILanguages
         633  RtlGetSystemTimePrecise
         634  RtlGetThreadErrorMode
         635  RtlGetThreadPreferredUILanguages
         639  RtlGetUserPreferredUILanguages
         640  RtlGetVersion
         644  RtlIdentifierAuthoritySid
         645  RtlIdnToAscii
         646  RtlIdnToNameprepUnicode
         647  RtlIdnToUnicode
         648  RtlImageDirectoryEntryToData
         649  RtlImageNtHeader
         652  RtlImpersonateSelf
         653  RtlInitAnsiString
         655  RtlInitBarrier
         656  RtlInitCodePageTable
         659  RtlInitUnicodeString
         665  RtlInitializeCriticalSectionAndSpinCount
         666  RtlInitializeCriticalSectionEx
         668  RtlInitializeExtendedContext2
         677  RtlInitializeSid
         710  RtlIsDosDeviceName_U
         712  RtlIsNameLegalDOS8Dot3
         713  RtlIsNormalizedString
         714  RtlIsProcessorFeaturePresent
         721  RtlLeaveCriticalSection
         722  RtlLengthRequiredSid
         723  RtlLengthSecurityDescriptor
         724  RtlLengthSid
         725  RtlLocalTimeToSystemTime
         730  RtlLockHeap
         736  RtlMakeSelfRelativeSD
         737  RtlMapGenericMask
         739  RtlMultiByteToUnicodeN
         740  RtlMultiByteToUnicodeSize
         743  RtlNewSecurityObject
         744  RtlNewSecurityObjectEx
         745  RtlNewSecurityObjectWithMultipleInheritance
         746  RtlNormalizeProcessParams
         747  RtlNormalizeString
         748  RtlNtStatusToDosError
         755  RtlOemStringToUnicodeString
         757  RtlOpenCrossProcessEmulatorWorkConnection
         758  RtlOpenCurrentUser
         759  RtlPcToFileHeader
         764  RtlProcessFlsData
         768  RtlQueryActivationContextApplicationSettings
         771  RtlQueryDynamicTimeZoneInformation
         772  RtlQueryEnvironmentVariable_U
         774  RtlQueryHeapInformation
         775  RtlQueryInformationAcl
         776  RtlQueryInformationActivationContext
         794  RtlQueryTimeZoneInformation
         795  RtlQueryUnbiasedInterruptTime
         797  RtlQueueWorkItem
         798  RtlRaiseException
         799  RtlRaiseStatus
         804  RtlReAllocateHeap
         810  RtlRegisterWait
         811  RtlReleaseActivationContext
         813  RtlReleasePath
         814  RtlReleasePebLock
         830  RtlRunOnceBeginInitialize
         831  RtlRunOnceComplete
         832  RtlRunOnceExecuteOnce
         836  RtlSelfRelativeToAbsoluteSD
         839  RtlSetControlSecurityDescriptor
         841  RtlSetCurrentDirectory_U
         842  RtlSetCurrentEnvironment
         844  RtlSetDaclSecurityDescriptor
         845  RtlSetEnvironmentVariable
         847  RtlSetGroupSecurityDescriptor
         848  RtlSetHeapInformation
         853  RtlSetOwnerSecurityDescriptor
         854  RtlSetProcessPreferredUILanguages
         859  RtlSetSaclSecurityDescriptor
         862  RtlSetThreadErrorMode
         863  RtlSetThreadPreferredUILanguages
         864  RtlSetTimeZoneInformation
         868  RtlSetUserValueHeap
         870  RtlSleepConditionVariableCS
         871  RtlSleepConditionVariableSRW
         875  RtlSubAuthorityCountSid
         876  RtlSubAuthoritySid
         879  RtlSystemTimeToLocalTime
         880  RtlTimeFieldsToTime
         884  RtlTimeToTimeFields
         888  RtlUTF8ToUnicodeN
         889  RtlUnicodeStringToAnsiSize
         890  RtlUnicodeStringToAnsiString
         892  RtlUnicodeStringToInteger
         893  RtlUnicodeStringToOemSize
         894  RtlUnicodeStringToOemString
         896  RtlUnicodeToMultiByteN
         897  RtlUnicodeToMultiByteSize
         898  RtlUnicodeToOemN
         899  RtlUnicodeToUTF8N
         901  RtlUnlockHeap
         902  RtlUnwind
         905  RtlUpcaseUnicodeString
         912  RtlUpdateTimer
         917  RtlValidAcl
         919  RtlValidSecurityDescriptor
         920  RtlValidSid
         921  RtlValidateHeap
         926  RtlWaitOnAddress
         932  RtlWalkHeap
         933  RtlWow64EnableFsRedirection
         934  RtlWow64EnableFsRedirectionEx
         938  RtlWow64GetProcessMachines
         944  RtlWow64PopCrossProcessWorkFromFreeList
         946  RtlWow64PushCrossProcessWorkOntoWorkList
         953  RtlZombifyActivationContext
         966  TpAllocCleanupGroup
         967  TpAllocIoCompletion
         968  TpAllocPool
         969  TpAllocTimer
         970  TpAllocWait
         971  TpAllocWork
         973  TpCallbackMayRunLong
         982  TpQueryPoolStackInformation
         992  TpSetPoolStackInformation
         995  TpSimpleTryPost
        1267  __chkstk
        1453  __wine_dbg_get_channel_flags
        1454  __wine_dbg_header
        1455  __wine_dbg_output
        1456  __wine_dbg_strdup
        1303  _strnicmp
        1319  _vsnprintf
        1321  _vsnwprintf
        1324  _wcsicmp
        1327  _wcsnicmp
        1348  isalnum
        1349  isalpha
        1358  iswalnum
        1368  isxdigit
        1374  memcmp
        1375  memcpy
        1377  memmove
        1379  memset
        1388  strcat
        1390  strchr
        1391  strcmp
        1392  strcpy
        1395  strlen
        1398  strncmp
        1403  strrchr
        1407  strtol
        1412  tolower
        1415  towupper
        1421  wcscat
        1423  wcschr
        1424  wcscmp
        1425  wcscpy
        1427  wcscspn
        1428  wcslen
        1431  wcsncmp
        1434  wcsnlen
        1435  wcspbrk
        1436  wcsrchr
        1437  wcsspn
        1438  wcsstr
        1441  wcstol
        1443  wcstoul

Export Table:
 DLL name: kernelbase.dll
 Ordinal base: 1
 Ordinal      RVA  Name
       1  0x7311c  AccessCheck
       2  0x73198  AccessCheckAndAuditAlarmW
       3  0x73264  AccessCheckByType
       4  0x10000  AccessCheckByTypeAndAuditAlarmW
       5  0x10014  AccessCheckByTypeResultList
       6  0x10028  AccessCheckByTypeResultListAndAuditAlarmByHandleW
       7  0x1003c  AccessCheckByTypeResultListAndAuditAlarmW
       8           AcquireSRWLockExclusive (forwarded to ntdll.RtlAcquireSRWLockExclusive)
       9           AcquireSRWLockShared (forwarded to ntdll.RtlAcquireSRWLockShared)
      10  0x3a70c  ActivateActCtx
      11  0x732ac  AddAccessAllowedAce
      12  0x732f4  AddAccessAllowedAceEx
      13  0x7333c  AddAccessAllowedObjectAce
      14  0x73384  AddAccessDeniedAce
      15  0x733cc  AddAccessDeniedAceEx
      16  0x73414  AddAccessDeniedObjectAce
      17  0x7345c  AddAce
      18  0x734a4  AddAuditAccessAce
      19  0x734ec  AddAuditAccessAceEx
      20  0x73534  AddAuditAccessObjectAce
      21  0x23430  AddConsoleAliasA
      22  0x23540  AddConsoleAliasW
      23  0x37e70  AddDllDirectory
      24  0x73584  AddMandatoryAce
      25  0x3a760  AddRefActCtx
      26           AddVectoredContinueHandler (forwarded to ntdll.RtlAddVectoredContinueHandler)
      27           AddVectoredExceptionHandler (forwarded to ntdll.RtlAddVectoredExceptionHandler)
      28  0x710c0  AdjustTokenGroups
      29  0x71108  AdjustTokenPrivileges
      30  0x23b64  AllocConsole
      31  0x70530  AllocateAndInitializeSid
      32  0x70590  AllocateLocallyUniqueId
      33  0x53c1c  AllocateUserPhysicalPages
      34  0x53fa0  AllocateUserPhysicalPagesNuma
      35  0x4fdc8  AppPolicyGetMediaFoundationCodecLoading
      36  0x4fea4  AppPolicyGetProcessTerminationMethod
      37  0x4ff44  AppPolicyGetShowDeveloperDiagnostic
      38  0x4fef4  AppPolicyGetThreadInitializationType
      39  0x4ff98  AppPolicyGetWindowingModel
      40  0x735d4  AreAllAccessesGranted
      41  0x735f0  AreAnyAccessesGranted
      42  0x2d930  AreFileApisANSI
      43  0x235c4  AttachConsole
      44  0x10050  BaseCheckAppcompatCache
      45  0x10064  BaseCleanupAppcompatCacheSupport
      46  0x10078  BaseDllFreeResourceId
      47  0x1008c  BaseDllMapResourceIdW
      48  0x100a0  BaseDumpAppcompatCache
      49  0x657fc  BaseFlushAppcompatCache
      50  0x78498  BaseGetNamedObjectDirectory
      51  0x100b4  BaseGetProcessDllPath
      52  0x100c8  BaseGetProcessExePath
      53  0x100dc  BaseInitAppcompatCacheSupport
      54  0x100f0  BaseInvalidateDllSearchPathCache
      55  0x10104  BaseInvalidateProcessSearchPathCache
      56  0x10118  BaseReleaseProcessDllPath
      57  0x1012c  BaseReleaseProcessExePath
      58  0x10140  BaseUpdateAppcompatCache
      59  0x290b4  Beep
      60  0x10154  BemCopyReference
      61  0x10168  BemCreateContractFrom
      62  0x1017c  BemCreateReference
      63  0x10190  BemFreeContract
      64  0x101a4  BemFreeReference
      65  0x7ac90  CallNamedPipeW
      66  0x7de84  CallbackMayRunLong
      67  0x34214  CancelIo
      68  0x34260  CancelIoEx
      69  0x342ac  CancelSynchronousIo
      70           CancelThreadpoolIo (forwarded to ntdll.TpCancelAsyncIoOperation)
      71  0x7a120  CancelWaitableTimer
      72  0x7a210  ChangeTimerQueueTimer
      73  0x7702c  CharLowerA
      74  0x770e4  CharLowerBuffA
      75  0x771fc  CharLowerBuffW
      76  0x77220  CharLowerW
      77  0x74634  CharNextA
      78  0x77298  CharNextExA
      79  0x772dc  CharNextW
      80  0x76554  CharPrevA
      81  0x772f4  CharPrevExA
      82  0x77358  CharPrevW
      83  0x7736c  CharUpperA
      84  0x77424  CharUpperBuffA
      85  0x7753c  CharUpperBuffW
      86  0x77560  CharUpperW
      87  0x101b8  CheckGroupPolicyEnabled
      88  0x29fd8  CheckRemoteDebuggerPresent
      89  0x711d8  CheckTokenMembership
      90  0x74794  ChrCmpIA
      91  0x74c9c  ChrCmpIW
      92  0x364d8  ClearCommBreak
      93  0x365f8  ClearCommError
      94  0x62d18  CloseHandle
      95  0x2979c  ClosePseudoConsole
      96           CloseThreadpool (forwarded to ntdll.TpReleasePool)
      97           CloseThreadpoolCleanupGroup (forwarded to ntdll.TpReleaseCleanupGroup)
      98           CloseThreadpoolCleanupGroupMembers (forwarded to ntdll.TpReleaseCleanupGroupMembers)
      99           CloseThreadpoolIo (forwarded to ntdll.TpReleaseIoCompletion)
     100           CloseThreadpoolTimer (forwarded to ntdll.TpReleaseTimer)
     101           CloseThreadpoolWait (forwarded to ntdll.TpReleaseWait)
     102           CloseThreadpoolWork (forwarded to ntdll.TpReleaseWork)
     103  0x3600c  CompareFileTime
     104  0x66764  CompareObjectHandles
     105  0x406f4  CompareStringA
     106  0x40084  CompareStringEx
     107  0x4108c  CompareStringOrdinal
     108  0x40f88  CompareStringW
     109  0x7b5c8  ConnectNamedPipe
     110  0x2a060  ContinueDebugEvent
     111  0x78988  ConvertAuxiliaryCounterToPerformanceCounter
     112  0x41164  ConvertDefaultLocale
     113  0x7d9bc  ConvertFiberToThread
     114  0x78a10  ConvertPerformanceCounterToAuxiliaryCounter
     115  0x7dac4  ConvertThreadToFiber
     116  0x7dacc  ConvertThreadToFiberEx
     117  0x72284  ConvertToAutoInheritPrivateObjectSecurity
     118  0x54804  CopyContext
     119  0x2d944  CopyFile2
     120  0x2deac  CopyFileExW
     121  0x2dfec  CopyFileW
     122  0x705d8  CopySid
     123  0x3a76c  CreateActCtxW
     124  0x722cc  CreateBoundaryDescriptorW
     125  0x240dc  CreateConsoleScreenBuffer
     126  0x2e020  CreateDirectoryA
     127  0x2e22c  CreateDirectoryExW
     128  0x2e0d8  CreateDirectoryW
     129  0x792ac  CreateEventA
     130  0x79360  CreateEventExA
     131  0x79428  CreateEventExW
     132  0x79400  CreateEventW
     133  0x7d880  CreateFiber
     134  0x7d894  CreateFiberEx
     135  0x2e238  CreateFile2
     136  0x2e820  CreateFileA
     137  0x7a4d0  CreateFileMapping2
     138  0x7a5f0  CreateFileMappingFromApp
     139  0x54044  CreateFileMappingNumaW
     140  0x7a338  CreateFileMappingW
     141  0x2e390  CreateFileW
     142  0x2e92c  CreateHardLinkA
     143  0x2ead0  CreateHardLinkW
     144  0x7a898  CreateIoCompletionPort
     145  0x53b10  CreateMemoryResourceNotification
     146  0x797b8  CreateMutexA
     147  0x797d4  CreateMutexExA
     148  0x79904  CreateMutexExW
     149  0x798e8  CreateMutexW
     150  0x7b730  CreateNamedPipeW
     151  0x7b984  CreatePipe
     152  0x724fc  CreatePrivateObjectSecurity
     153  0x72544  CreatePrivateObjectSecurityEx
     154  0x7258c  CreatePrivateObjectSecurityWithMultipleInheritance
     155  0x6463c  CreateProcessA
     156  0x62e20  CreateProcessAsUserA
     157  0x6302c  CreateProcessAsUserW
     158  0x62e48  CreateProcessInternalA
     159  0x63054  CreateProcessInternalW
     160  0x64684  CreateProcessW
     161  0x29184  CreatePseudoConsole
     162  0x7c1bc  CreateRemoteThread
     163  0x7c1c8  CreateRemoteThreadEx
     164  0x718d0  CreateRestrictedToken
     165  0x79bf0  CreateSemaphoreExW
     166  0x79b08  CreateSemaphoreW
     167  0x2ecf8  CreateSymbolicLinkW
     168  0x7c490  CreateThread
     169  0x7decc  CreateThreadpool
     170  0x7df14  CreateThreadpoolCleanupGroup
     171  0x7df64  CreateThreadpoolIo
     172  0x7e040  CreateThreadpoolTimer
     173  0x7e09c  CreateThreadpoolWait
     174  0x7e0f8  CreateThreadpoolWork
     175  0x7a16c  CreateTimerQueue
     176  0x7a1bc  CreateTimerQueueTimer
     177  0x79e18  CreateWaitableTimerExW
     178  0x79dfc  CreateWaitableTimerW
     179  0x70b84  CreateWellKnownSid
     180  0x24218  CtrlRoutine
     181  0x3a7fc  DeactivateActCtx
     182  0x73a70  DeriveCapabilitySidsFromName
     183  0x2a0bc  DebugActiveProcess
     184  0x2a160  DebugActiveProcessStop
     185  0x29fd0  DebugBreak
     186           DecodePointer (forwarded to ntdll.RtlDecodePointer)
     187           DecodeSystemPointer (forwarded to ntdll.RtlDecodeSystemPointer)
     188  0x829c4  DefineDosDeviceW
     189  0x37ed8  DelayLoadFailureHook
     190  0x7360c  DeleteAce
     191           DeleteCriticalSection (forwarded to ntdll.RtlDeleteCriticalSection)
     192  0x7dbe8  DeleteFiber
     193  0x2f0b8  DeleteFileA
     194  0x2f160  DeleteFileW
     195  0x66760  DeleteProcThreadAttributeList
     196  0x7c050  DeleteSynchronizationBarrier
     197  0x7a258  DeleteTimerQueueEx
     198  0x7a2a0  DeleteTimerQueueTimer
     199  0x847d8  DeleteVolumeMountPointW
     200  0x725dc  DestroyPrivateObjectSecurity
     201  0x36794  DeviceIoControl
     202  0x66b9c  DisablePredefinedHandleTableInternal
     203  0x38004  DisableThreadLibraryCalls
     204           DisassociateCurrentThreadFromCallback (forwarded to ntdll.TpDisassociateCallback)
     205  0x51454  DiscardVirtualMemory
     206  0x7bb10  DisconnectNamedPipe
     207  0x6ccf4  DnsHostnameToComputerNameExW
     208  0x6476c  DuplicateHandle
     209  0x71b24  DuplicateToken
     210  0x716dc  DuplicateTokenEx
     211  0x2b7a4  EmptyWorkingSet
     212           EncodePointer (forwarded to ntdll.RtlEncodePointer)
     213           EncodeSystemPointer (forwarded to ntdll.RtlEncodeSystemPointer)
     214           EnterCriticalSection (forwarded to ntdll.RtlEnterCriticalSection)
     215  0x7c06c  EnterSynchronizationBarrier
     216  0x415fc  EnumCalendarInfoExEx
     217  0x41434  EnumCalendarInfoExW
     218  0x41274  EnumCalendarInfoW
     219  0x41964  EnumDateFormatsExEx
     220  0x41838  EnumDateFormatsExW
     221  0x4170c  EnumDateFormatsW
     222  0x2b7b4  EnumDeviceDrivers
     223  0x419b8  EnumDynamicTimeZoneInformation
     224  0x41cc4  EnumLanguageGroupLocalesW
     225  0x2b808  EnumPageFilesA
     226  0x2b844  EnumPageFilesW
     227  0x2b880  EnumProcessModules
     228  0x2b888  EnumProcessModulesEx
     229  0x2bdfc  EnumProcesses
     230  0x38ccc  EnumResourceLanguagesExA
     231  0x39244  EnumResourceLanguagesExW
     232  0x39630  EnumResourceNamesExA
     233  0x39a68  EnumResourceNamesExW
     234  0x39e88  EnumResourceNamesW
     235  0x39e90  EnumResourceTypesExA
     236  0x3a100  EnumResourceTypesExW
     237  0x41cd4  EnumSystemCodePagesW
     238  0x5484c  EnumSystemFirmwareTables
     239  0x41cdc  EnumSystemGeoID
     240  0x41de4  EnumSystemLanguageGroupsW
     241  0x41dec  EnumSystemLocalesA
     242  0x41ff8  EnumSystemLocalesEx
     243  0x41ef0  EnumSystemLocalesW
     244  0x4227c  EnumTimeFormatsEx
     245  0x42154  EnumTimeFormatsW
     246  0x41ccc  EnumUILanguagesW
     247  0x70620  EqualDomainSid
     248  0x705f4  EqualPrefixSid
     249  0x70600  EqualSid
     250  0x365b0  EscapeCommFunction
     251           EventActivityIdControl (forwarded to ntdll.EtwEventActivityIdControl)
     252           EventEnabled (forwarded to ntdll.EtwEventEnabled)
     253           EventProviderEnabled (forwarded to ntdll.EtwEventProviderEnabled)
     254           EventRegister (forwarded to ntdll.EtwEventRegister)
     255           EventSetInformation (forwarded to ntdll.EtwEventSetInformation)
     256           EventUnregister (forwarded to ntdll.EtwEventUnregister)
     257           EventWrite (forwarded to ntdll.EtwEventWrite)
     258           EventWriteEx (forwarded to ntdll.EtwEventWriteEx)
     259           EventWriteString (forwarded to ntdll.EtwEventWriteString)
     260           EventWriteTransfer (forwarded to ntdll.EtwEventWriteTransfer)
     261           ExitProcess (forwarded to ntdll.RtlExitUserProcess)
     262           ExitThread (forwarded to ntdll.RtlExitUserThread)
     263  0x65a40  ExpandEnvironmentStringsA
     264  0x65b74  ExpandEnvironmentStringsW
     265  0x24314  ExpungeConsoleCommandHistoryA
     266  0x2435c  ExpungeConsoleCommandHistoryW
     267  0x2a1d0  FatalAppExitA
     268  0x2a4b4  FatalAppExitW
     269  0x36058  FileTimeToLocalFileTime
     270  0x360a0  FileTimeToSystemTime
     271  0x243a4  FillConsoleOutputAttribute
     272  0x24514  FillConsoleOutputCharacterA
     273  0x2465c  FillConsoleOutputCharacterW
     274  0x3a818  FindActCtxSectionGuid
     275  0x3a860  FindActCtxSectionStringW
     276  0x2fdf0  FindClose
     277  0x2f29c  FindCloseChangeNotification
     278  0x2f2a0  FindFirstChangeNotificationA
     279  0x2f35c  FindFirstChangeNotificationW
     280  0x30218  FindFirstFileA
     281  0x2f53c  FindFirstFileExA
     282  0x2f6f0  FindFirstFileExW
     283  0x30248  FindFirstFileNameW
     284  0x30230  FindFirstFileW
     285  0x73654  FindFirstFreeAce
     286  0x302b4  FindFirstStreamW
     287  0x844f0  FindFirstVolumeW
     288  0x422cc  FindNLSString
     289  0x423cc  FindNLSStringEx
     290  0x2f4bc  FindNextChangeNotification
     291  0x30320  FindNextFileA
     292  0x2ff60  FindNextFileW
     293  0x30414  FindNextStreamW
     294  0x8465c  FindNextVolumeW
     295  0x3a30c  FindResourceExW
     296  0x3a600  FindResourceW
     297  0x42b94  FindStringOrdinal
     298  0x847a4  FindVolumeClose
     299  0x7dd58  FlsAlloc
     300  0x7dda8  FlsFree
     301  0x7ddf0  FlsGetValue
     302  0x7de3c  FlsSetValue
     303  0x28fec  FlushConsoleInputBuffer
     304  0x342fc  FlushFileBuffers
     305  0x51520  FlushInstructionCache
     306           FlushProcessWriteBuffers (forwarded to ntdll.NtFlushProcessWriteBuffers)
     307  0x514a0  FlushViewOfFile
     308  0x42d60  FoldStringW
     309  0x43444  FormatMessageA
     310  0x43880  FormatMessageW
     311  0x23a84  FreeConsole
     312  0x662e0  FreeEnvironmentStringsA
     313  0x662e0  FreeEnvironmentStringsW
     314  0x3804c  FreeLibrary
     315  0x7c4b8  FreeLibraryAndExitThread
     316           FreeLibraryWhenCallbackReturns (forwarded to ntdll.TpCallbackUnloadDllOnCompletion)
     317  0x3a614  FreeResource
     318  0x70dd8  FreeSid
     319  0x53c70  FreeUserPhysicalPages
     320  0x247d8  GenerateConsoleCtrlEvent
     321  0x3d31c  GetACP
     322  0x51028  GetAcceptLanguagesA
     323  0x51168  GetAcceptLanguagesW
     324  0x73670  GetAce
     325  0x736b8  GetAclInformation
     326  0x647c0  GetApplicationRestartSettings
     327  0x101cc  GetCPFileNameFromRegistry
     328  0x101e0  GetCPHashNode
     329  0x43bd0  GetCPInfo
     330  0x43e3c  GetCPInfoExW
     331  0x101f4  GetCalendar
     332  0x440c4  GetCalendarInfoEx
     333  0x43f0c  GetCalendarInfoW
     334  0x368fc  GetCommConfig
     335  0x36d3c  GetCommMask
     336  0x36e28  GetCommModemStatus
     337  0x36f14  GetCommProperties
     338  0x36998  GetCommState
     339  0x370b4  GetCommTimeouts
     340  0x6583c  GetCommandLineA
     341  0x65848  GetCommandLineW
     342  0x3045c  GetCompressedFileSizeA
     343  0x30510  GetCompressedFileSizeW
     344  0x6cf08  GetComputerNameExA
     345  0x6d044  GetComputerNameExW
     346  0x24930  GetConsoleAliasA
     347  0x24a38  GetConsoleAliasExesLengthA
     348  0x24a78  GetConsoleAliasExesLengthW
     349  0x249b4  GetConsoleAliasW
     350  0x24ab8  GetConsoleAliasesLengthA
     351  0x24b04  GetConsoleAliasesLengthW
     352  0x24cb8  GetConsoleCP
     353  0x24b50  GetConsoleCommandHistoryA
     354  0x24c20  GetConsoleCommandHistoryLengthA
     355  0x24c6c  GetConsoleCommandHistoryLengthW
     356  0x24bb8  GetConsoleCommandHistoryW
     357  0x24d9c  GetConsoleCursorInfo
     358  0x24ec8  GetConsoleDisplayMode
     359  0x24f10  GetConsoleFontSize
     360  0x24f74  GetConsoleInputExeNameA
     361  0x25024  GetConsoleInputExeNameW
     362  0x250a4  GetConsoleMode
     363  0x25174  GetConsoleOriginalTitleA
     364  0x25228  GetConsoleOriginalTitleW
     365  0x24578  GetConsoleOutputCP
     366  0x253b4  GetConsoleProcessList
     367  0x254bc  GetConsoleScreenBufferInfo
     368  0x25654  GetConsoleScreenBufferInfoEx
     369  0x257a8  GetConsoleTitleA
     370  0x2585c  GetConsoleTitleW
     371  0x25864  GetConsoleWindow
     372  0x4b0ac  GetCurrencyFormatEx
     373  0x4a7a8  GetCurrencyFormatW
     374  0x3a908  GetCurrentActCtx
     375  0x812dc  GetCurrentApplicationUserModelId
     376  0x259a8  GetCurrentConsoleFont
     377  0x258b4  GetCurrentConsoleFontEx
     378  0x3070c  GetCurrentDirectoryA
     379  0x3084c  GetCurrentDirectoryW
     380  0x81318  GetCurrentPackageFamilyName
     381  0x81354  GetCurrentPackageFullName
     382  0x81390  GetCurrentPackageId
     383  0x813cc  GetCurrentPackageInfo
     384  0x81410  GetCurrentPackagePath
     385  0x64808  GetCurrentProcess
     386  0x64810  GetCurrentProcessId
     387           GetCurrentProcessorNumber (forwarded to ntdll.NtGetCurrentProcessorNumber)
     388           GetCurrentProcessorNumberEx (forwarded to ntdll.RtlGetCurrentProcessorNumberEx)
     389  0x7c4f8  GetCurrentThread
     390  0x7c500  GetCurrentThreadId
     391  0x7c4dc  GetCurrentThreadStackLimits
     392  0x4b1ac  GetDateFormatA
     393  0x4ba98  GetDateFormatEx
     394  0x4b2d8  GetDateFormatW
     395  0x2bf48  GetDeviceDriverBaseNameA
     396  0x2bfa4  GetDeviceDriverBaseNameW
     397  0x2c000  GetDeviceDriverFileNameA
     398  0x2c05c  GetDeviceDriverFileNameW
     399  0x837f4  GetDiskFreeSpaceA
     400  0x835e4  GetDiskFreeSpaceExA
     401  0x834c8  GetDiskFreeSpaceExW
     402  0x8362c  GetDiskFreeSpaceW
     403  0x83938  GetDiskSpaceInformationA
     404  0x83850  GetDiskSpaceInformationW
     405  0x834a0  GetDriveTypeA
     406  0x83184  GetDriveTypeW
     407  0x3d078  GetDynamicTimeZoneInformation
     408  0x445b0  GetDynamicTimeZoneInformationEffectiveYears
     409  0x65c68  GetEnvironmentStrings
     410  0x65c68  GetEnvironmentStringsA
     411  0x65d60  GetEnvironmentStringsW
     412  0x66084  GetEnvironmentVariableA
     413  0x661e8  GetEnvironmentVariableW
     414  0x10208  GetEraNameCountedString
     415  0x6481c  GetErrorMode
     416  0x6484c  GetExitCodeProcess
     417  0x7c50c  GetExitCodeThread
     418  0x1021c  GetFallbackDisplayName
     419  0x3086c  GetFileAttributesA
     420  0x30a20  GetFileAttributesExA
     421  0x30ae0  GetFileAttributesExW
     422  0x30910  GetFileAttributesW
     423  0x34348  GetFileInformationByHandle
     424  0x3442c  GetFileInformationByHandleEx
     425  0x446bc  GetFileMUIInfo
     426  0x44b78  GetFileMUIPath
     427  0x72624  GetFileSecurityW
     428  0x30694  GetFileSize
     429  0x34690  GetFileSizeEx
     430  0x346f4  GetFileTime
     431  0x34784  GetFileType
     432  0x7fdd0  GetFileVersionInfoA
     433  0x7fcec  GetFileVersionInfoExA
     434  0x7f2d0  GetFileVersionInfoExW
     435  0x7e5c0  GetFileVersionInfoSizeA
     436  0x7e668  GetFileVersionInfoSizeExA
     437  0x7e3a0  GetFileVersionInfoSizeExW
     438  0x7e390  GetFileVersionInfoSizeW
     439  0x7fdb4  GetFileVersionInfoW
     440  0x30c1c  GetFinalPathNameByHandleA
     441  0x30dd0  GetFinalPathNameByHandleW
     442  0x3137c  GetFullPathNameA
     443  0x31540  GetFullPathNameW
     444  0x44c24  GetGeoInfoW
     445  0x44e8c  GetGeoInfoEx
     446  0x648c0  GetHandleInformation
     447  0x727a8  GetKernelObjectSecurity
     448  0x516b0  GetLargePageMinimum
     449  0x25a44  GetLargestConsoleWindowSize
     450  0x7c580  GetLastError
     451  0x70df4  GetLengthSid
     452  0x360fc  GetLocalTime
     453  0x44ff8  GetLocaleInfoA
     454  0x45460  GetLocaleInfoEx
     455  0x10230  GetLocaleInfoHelper
     456  0x452ac  GetLocaleInfoW
     457  0x83074  GetLogicalDriveStringsW
     458  0x82f40  GetLogicalDrives
     459  0x540d8  GetLogicalProcessorInformation
     460  0x54158  GetLogicalProcessorInformationEx
     461  0x31560  GetLongPathNameA
     462  0x31824  GetLongPathNameW
     463  0x2c0b8  GetMappedFileNameA
     464  0x2c1d8  GetMappedFileNameW
     465  0x2c2b0  GetModuleBaseNameA
     466  0x2c3d4  GetModuleBaseNameW
     467  0x38198  GetModuleFileNameA
     468  0x2c680  GetModuleFileNameExA
     469  0x2c7f0  GetModuleFileNameExW
     470  0x38274  GetModuleFileNameW
     471  0x38384  GetModuleHandleA
     472  0x38454  GetModuleHandleExA
     473  0x38554  GetModuleHandleExW
     474  0x384c4  GetModuleHandleW
     475  0x2ca38  GetModuleInformation
     476  0x45518  GetNLSVersion
     477  0x45834  GetNLSVersionEx
     478  0x10244  GetNamedLocaleHashNode
     479  0x10258  GetNamedPipeAttribute
     480  0x1026c  GetNamedPipeClientComputerNameW
     481  0x7bbb0  GetNamedPipeHandleStateW
     482  0x7bd00  GetNamedPipeInfo
     483  0x516b8  GetNativeSystemInfo
     484  0x54320  GetNumaHighestNodeNumber
     485  0x54370  GetNumaNodeProcessorMaskEx
     486  0x543c0  GetNumaProximityNodeEx
     487  0x4a6a8  GetNumberFormatEx
     488  0x49ff4  GetNumberFormatW
     489  0x25b58  GetNumberOfConsoleInputEvents
     490  0x25c28  GetNumberOfConsoleMouseButtons
     491  0x3d328  GetOEMCP
     492  0x34814  GetOverlappedResult
     493  0x34908  GetOverlappedResultEx
     494  0x8148c  GetPackageFamilyName
     495  0x8144c  GetPackageFullName
     496  0x81554  GetPackagePathByFullName
     497  0x814cc  GetPackagesByPackageFamily
     498  0x2caec  GetPerformanceInfo
     499  0x53cd4  GetPhysicallyInstalledSystemMemory
     500  0x64940  GetPriorityClass
     501  0x727f0  GetPrivateObjectSecurity
     502  0x386a8  GetProcAddress
     503  0x649b8  GetProcessGroupAffinity
     504  0x64a04  GetProcessHandleCount
     505  0x64a5c  GetProcessHeap
     506  0x84d48  GetProcessHeaps
     507  0x64a6c  GetProcessId
     508  0x7c58c  GetProcessIdOfThread
     509  0x2ccfc  GetProcessImageFileNameA
     510  0x2ce18  GetProcessImageFileNameW
     511  0x65074  GetProcessInformation
     512  0x2d0dc  GetProcessMemoryInfo
     513  0x64ac8  GetProcessMitigationPolicy
     514  0x45950  GetProcessPreferredUILanguages
     515  0x64b0c  GetProcessPriorityBoost
     516  0x64b64  GetProcessShutdownParameters
     517  0x64b84  GetProcessTimes
     518  0x64c14  GetProcessVersion
     519  0x64eac  GetProcessWorkingSetSizeEx
     520  0x80dc4  GetProductInfo
     521  0x10280  GetPtrCalData
     522  0x10294  GetPtrCalDataArray
     523  0x7a9d0  GetQueuedCompletionStatus
     524  0x7aad4  GetQueuedCompletionStatusEx
     525  0x72d7c  GetSecurityDescriptorControl
     526  0x72bc4  GetSecurityDescriptorDacl
     527  0x72b24  GetSecurityDescriptorGroup
     528  0x72dc4  GetSecurityDescriptorLength
     529  0x72a84  GetSecurityDescriptorOwner
     530  0x102a8  GetSecurityDescriptorRMControl
     531  0x72c7c  GetSecurityDescriptorSacl
     532  0x31c44  GetShortPathNameW
     533  0x70d9c  GetSidIdentifierAuthority
     534  0x70e00  GetSidLengthRequired
     535  0x70dc4  GetSidSubAuthority
     536  0x70db0  GetSidSubAuthorityCount
     537  0x65854  GetStartupInfoW
     538  0x65930  GetStdHandle
     539  0x102bc  GetStringTableEntry
     540  0x45998  GetStringTypeA
     541  0x45c0c  GetStringTypeExW
     542  0x45b34  GetStringTypeW
     543  0x541e4  GetSystemCpuSetInformation
     544  0x45ce0  GetSystemDefaultLCID
     545  0x45cec  GetSystemDefaultLangID
     546  0x45cf8  GetSystemDefaultLocaleName
     547  0x45d1c  GetSystemDefaultUILanguage
     548  0x32100  GetSystemDirectoryA
     549  0x32114  GetSystemDirectoryW
     550  0x51928  GetSystemFileCacheSize
     551  0x549d0  GetSystemFirmwareTable
     552  0x51784  GetSystemInfo
     553  0x45d3c  GetSystemPreferredUILanguages
     554  0x36178  GetSystemTime
     555  0x361e0  GetSystemTimeAdjustment
     556  0x36260  GetSystemTimeAsFileTime
     557  0x3626c  GetSystemTimePreciseAsFileTime
     558  0x785a4  GetSystemTimes
     559  0x32150  GetSystemWindowsDirectoryA
     560  0x32178  GetSystemWindowsDirectoryW
     561  0x32238  GetSystemWow64Directory2A
     562  0x32294  GetSystemWow64Directory2W
     563  0x321e8  GetSystemWow64DirectoryA
     564  0x321fc  GetSystemWow64DirectoryW
     565  0x32300  GetTempFileNameA
     566  0x324b8  GetTempFileNameW
     567  0x329b0  GetTempPath2W
     568  0x32938  GetTempPath2A
     569  0x32738  GetTempPathA
     570  0x32784  GetTempPathW
     571  0x7c5e4  GetThreadContext
     572  0x7ce34  GetThreadDescription
     573  0x7c62c  GetThreadErrorMode
     574  0x7c654  GetThreadGroupAffinity
     575  0x7c6c4  GetThreadIOPendingFlag
     576  0x7c71c  GetThreadId
     577  0x7c774  GetThreadIdealProcessorEx
     578  0x7c7cc  GetThreadLocale
     579  0x45d94  GetThreadPreferredUILanguages
     580  0x7c7f0  GetThreadPriority
     581  0x7c850  GetThreadPriorityBoost
     582  0x7c8a8  GetThreadTimes
     583  0x7c950  GetThreadUILanguage
     584  0x78728  GetTickCount
     585  0x78738  GetTickCount64
     586  0x4bba0  GetTimeFormatA
     587  0x4c22c  GetTimeFormatEx
     588  0x4bccc  GetTimeFormatW
     589  0x45ddc  GetTimeZoneInformation
     590  0x41a64  GetTimeZoneInformationForYear
     591  0x717f0  GetTokenInformation
     592           GetTraceEnableFlags (forwarded to ntdll.EtwGetTraceEnableFlags)
     593           GetTraceEnableLevel (forwarded to ntdll.EtwGetTraceEnableLevel)
     594           GetTraceLoggerHandle (forwarded to ntdll.EtwGetTraceLoggerHandle)
     595  0x102d0  GetUILanguageInfo
     596  0x49cc0  GetUserDefaultGeoName
     597  0x45e3c  GetUserDefaultLCID
     598  0x45e48  GetUserDefaultLangID
     599  0x45e54  GetUserDefaultLocaleName
     600  0x45e78  GetUserDefaultUILanguage
     601  0x45e84  GetUserGeoID
     602  0x102e4  GetUserInfo
     603  0x102f8  GetUserInfoWord
     604  0x45f7c  GetUserPreferredUILanguages
     605  0x7f0a8  GetVersion
     606  0x80ec8  GetVersionExA
     607  0x80de0  GetVersionExW
     608  0x821f4  GetVolumeInformationA
     609  0x82064  GetVolumeInformationByHandleW
     610  0x81d68  GetVolumeInformationW
     611  0x82354  GetVolumeNameForVolumeMountPointW
     612  0x83970  GetVolumePathNameW
     613  0x83f98  GetVolumePathNamesForVolumeNameW
     614  0x70970  GetWindowsAccountDomainSid
     615  0x32164  GetWindowsDirectoryA
     616  0x321b0  GetWindowsDirectoryW
     617  0x51a00  GetWriteWatch
     618  0x2d178  GetWsChanges
     619  0x2d210  GetWsChangesEx
     620  0x53124  GlobalAlloc
     621  0x533d4  GlobalFree
     622  0x53d20  GlobalMemoryStatusEx
     623  0x62148  HashData
     624           HeapAlloc (forwarded to ntdll.RtlAllocateHeap)
     625  0x52c74  HeapCompact
     626  0x52c90  HeapCreate
     627  0x52cc8  HeapDestroy
     628           HeapFree (forwarded to ntdll.RtlFreeHeap)
     629  0x52cfc  HeapLock
     630  0x52d18  HeapQueryInformation
     631           HeapReAlloc (forwarded to ntdll.RtlReAllocateHeap)
     632  0x52d60  HeapSetInformation
     633           HeapSize (forwarded to ntdll.RtlSizeHeap)
     634  0x52da8  HeapSummary
     635  0x52fe8  HeapUnlock
     636  0x53004  HeapValidate
     637  0x52eb4  HeapWalk
     638  0x45fd4  IdnToAscii
     639  0x46028  IdnToNameprepUnicode
     640  0x4607c  IdnToUnicode
     641  0x71bf4  ImpersonateAnonymousToken
     642  0x71c6c  ImpersonateLoggedOnUser
     643  0x71ef8  ImpersonateNamedPipeClient
     644  0x71f68  ImpersonateSelf
     645  0x7bf20  InitOnceBeginInitialize
     646  0x7bf80  InitOnceComplete
     647  0x7bfc8  InitOnceExecuteOnce
     648           InitOnceInitialize (forwarded to ntdll.RtlRunOnceInitialize)
     649  0x73700  InitializeAcl
     650           InitializeConditionVariable (forwarded to ntdll.RtlInitializeConditionVariable)
     651  0x547fc  InitializeContext
     652  0x5467c  InitializeContext2
     653           InitializeCriticalSection (forwarded to ntdll.RtlInitializeCriticalSection)
     654  0x7a2e8  InitializeCriticalSectionAndSpinCount
     655  0x7a308  InitializeCriticalSectionEx
     656  0x66498  InitializeProcThreadAttributeList
     657  0x2d25c  InitializeProcessForWsWatch
     658           InitializeSListHead (forwarded to ntdll.RtlInitializeSListHead)
     659           InitializeSRWLock (forwarded to ntdll.RtlInitializeSRWLock)
     660  0x72a3c  InitializeSecurityDescriptor
     661  0x70e10  InitializeSid
     662  0x7bfe8  InitializeSynchronizationBarrier
     663           InterlockedFlushSList (forwarded to ntdll.RtlInterlockedFlushSList)
     664           InterlockedPopEntrySList (forwarded to ntdll.RtlInterlockedPopEntrySList)
     665           InterlockedPushEntrySList (forwarded to ntdll.RtlInterlockedPushEntrySList)
     666           InterlockedPushListSList (forwarded to ntdll.RtlInterlockedPushListSList)
     667           InterlockedPushListSListEx (forwarded to ntdll.RtlInterlockedPushListSListEx)
     668  0x1030c  InternalLcidToName
     669  0x3d334  Internal_EnumCalendarInfo
     670  0x3dd9c  Internal_EnumDateFormats
     671  0x3f5fc  Internal_EnumLanguageGroupLocales
     672  0x3f8b8  Internal_EnumSystemCodePages
     673  0x3fa04  Internal_EnumSystemLanguageGroups
     674  0x10320  Internal_EnumSystemLocales
     675  0x3fc7c  Internal_EnumTimeFormats
     676  0x3feb0  Internal_EnumUILanguages
     677  0x10334  InvalidateTzSpecificCache
     678  0x386ac  IsApiSetImplemented
     679  0x460d0  IsCharAlphaA
     680  0x46190  IsCharAlphaNumericA
     681  0x46218  IsCharAlphaNumericW
     682  0x46150  IsCharAlphaW
     683  0x46260  IsCharBlankW
     684  0x462a0  IsCharCntrlW
     685  0x462e0  IsCharDigitW
     686  0x46320  IsCharLowerA
     687  0x463a0  IsCharLowerW
     688  0x463e0  IsCharPunctW
     689  0x46420  IsCharSpaceA
     690  0x464a0  IsCharSpaceW
     691  0x464e0  IsCharUpperA
     692  0x46560  IsCharUpperW
     693  0x465a0  IsCharXDigitW
     694  0x465e0  IsDBCSLeadByte
     695  0x46610  IsDBCSLeadByteEx
     696  0x2a720  IsDebuggerPresent
     697  0x627a8  IsInternetESCEnabled
     698  0x46944  IsNLSDefinedString
     699  0x46654  IsNormalizedString
     700  0x64f28  IsProcessInJob
     701  0x64fa0  IsProcessorFeaturePresent
     702  0x7dcb4  IsThreadAFiber
     703           IsThreadpoolTimerSet (forwarded to ntdll.TpIsTimerSet)
     704  0x71fb0  IsTokenRestricted
     705  0x73748  IsValidAcl
     706  0x46698  IsValidCodePage
     707  0x466c0  IsValidLanguageGroup
     708  0x46798  IsValidLocale
     709  0x4686c  IsValidLocaleName
     710  0x46a6c  IsValidNLSVersion
     711  0x10348  IsValidRelativeSecurityDescriptor
     712  0x72dd0  IsValidSecurityDescriptor
     713  0x70954  IsValidSid
     714  0x71014  IsWellKnownSid
     715  0x65004  IsWow64Process
     716  0x64fbc  IsWow64Process2
     717  0x2b7a4  K32EmptyWorkingSet
     718  0x2b7b4  K32EnumDeviceDrivers
     719  0x2b808  K32EnumPageFilesA
     720  0x2b844  K32EnumPageFilesW
     721  0x2b880  K32EnumProcessModules
     722  0x2b888  K32EnumProcessModulesEx
     723  0x2bdfc  K32EnumProcesses
     724  0x2bf48  K32GetDeviceDriverBaseNameA
     725  0x2bfa4  K32GetDeviceDriverBaseNameW
     726  0x2c000  K32GetDeviceDriverFileNameA
     727  0x2c05c  K32GetDeviceDriverFileNameW
     728  0x2c0b8  K32GetMappedFileNameA
     729  0x2c1d8  K32GetMappedFileNameW
     730  0x2c2b0  K32GetModuleBaseNameA
     731  0x2c3d4  K32GetModuleBaseNameW
     732  0x2c680  K32GetModuleFileNameExA
     733  0x2c7f0  K32GetModuleFileNameExW
     734  0x2ca38  K32GetModuleInformation
     735  0x2caec  K32GetPerformanceInfo
     736  0x2ccfc  K32GetProcessImageFileNameA
     737  0x2ce18  K32GetProcessImageFileNameW
     738  0x2d0dc  K32GetProcessMemoryInfo
     739  0x2d178  K32GetWsChanges
     740  0x2d210  K32GetWsChangesEx
     741  0x2d25c  K32InitializeProcessForWsWatch
     742  0x2d294  K32QueryWorkingSet
     743  0x2d330  K32QueryWorkingSetEx
     744  0x530e4  KernelBaseGetGlobalData
     745  0x456dc  LCIDToLocaleName
     746  0x477f8  LCMapStringA
     747  0x46c74  LCMapStringEx
     748  0x47a68  LCMapStringW
     749           LeaveCriticalSection (forwarded to ntdll.RtlLeaveCriticalSection)
     750           LeaveCriticalSectionWhenCallbackReturns (forwarded to ntdll.TpCallbackLeaveCriticalSectionOnCompletion)
     751  0x38c14  LoadAppInitDlls
     752  0x38720  LoadLibraryA
     753  0x38778  LoadLibraryExA
     754  0x387dc  LoadLibraryExW
     755  0x387d4  LoadLibraryW
     756  0x38bb8  LoadPackagedLibrary
     757  0x3a61c  LoadResource
     758  0x7775c  LoadStringA
     759  0x1035c  LoadStringBaseExW
     760  0x10370  LoadStringByReference
     761  0x775d8  LoadStringW
     762  0x531a0  LocalAlloc
     763  0x36294  LocalFileTimeToFileTime
     764  0x533d8  LocalFree
     765  0x53588  LocalLock
     766  0x53730  LocalReAlloc
     767  0x539b4  LocalUnlock
     768  0x45904  LocaleNameToLCID
     769  0x34a44  LockFile
     770  0x34b1c  LockFileEx
     771  0x3a6f4  LockResource
     772  0x72e1c  MakeAbsoluteSD
     773  0x10384  MakeAbsoluteSD2
     774  0x72d34  MakeSelfRelativeSD
     775  0x73764  MapGenericMask
     776  0x53f3c  MapUserPhysicalPages
     777  0x51a64  MapViewOfFile
     778  0x51cb0  MapViewOfFile3
     779  0x51b28  MapViewOfFileEx
     780  0x543d4  MapViewOfFileExNuma
     781  0x51bec  MapViewOfFileFromApp
     782  0x32a00  MoveFileExW
     783  0x32a10  MoveFileWithProgressW
     784  0x4fd80  MulDiv
     785  0x40af0  MultiByteToWideChar
     786  0x32fd8  NeedCurrentDirectoryForExePathA
     787  0x330a8  NeedCurrentDirectoryForExePathW
     788  0x10398  NlsCheckPolicy
     789  0x103ac  NlsDispatchAnsiEnumProc
     790  0x103c0  NlsEventDataDescCreate
     791  0x103d4  NlsGetACPFromLocale
     792  0x103e8  NlsGetCacheUpdateCount
     793  0x103fc  NlsIsUserDefaultLocale
     794  0x10410  NlsUpdateLocale
     795  0x10424  NlsUpdateSystemLocale
     796  0x3ac80  NlsValidateLocale
     797  0x10438  NlsWriteEtwEvent
     798  0x48260  NormalizeString
     799  0x1044c  NotifyMountMgr
     800  0x10460  NotifyRedirectedStringChange
     801  0x73768  ObjectCloseAuditAlarmW
     802  0x737bc  ObjectDeleteAuditAlarmW
     803  0x73810  ObjectOpenAuditAlarmW
     804  0x738ec  ObjectPrivilegeAuditAlarmW
     805  0x79578  OpenEventA
     806  0x795f8  OpenEventW
     807  0x34c28  OpenFileById
     808  0x7a6f4  OpenFileMappingFromApp
     809  0x7a600  OpenFileMappingW
     810  0x799e0  OpenMutexW
     811  0x64e04  OpenProcess
     812  0x71694  OpenProcessToken
     813  0x10474  OpenRegKey
     814  0x79cd8  OpenSemaphoreW
     815  0x7c994  OpenThread
     816  0x7164c  OpenThreadToken
     817  0x79ef4  OpenWaitableTimerW
     818  0x2a730  OutputDebugStringA
     819  0x2aa50  OutputDebugStringW
     820  0x815bc  PackageIdFromFullName
     821  0x5b23c  ParseURLA
     822  0x5b3d8  ParseURLW
     823  0x576f4  PathAddBackslashA
     824  0x57794  PathAddBackslashW
     825  0x57964  PathAddExtensionA
     826  0x57aa4  PathAddExtensionW
     827  0x54aac  PathAllocCanonicalize
     828  0x55368  PathAllocCombine
     829  0x58380  PathAppendA
     830  0x58460  PathAppendW
     831  0x57ef0  PathCanonicalizeA
     832  0x57bec  PathCanonicalizeW
     833  0x552a0  PathCchAddBackslash
     834  0x55780  PathCchAddBackslashEx
     835  0x559f0  PathCchAddExtension
     836  0x55d14  PathCchAppend
     837  0x55d94  PathCchAppendEx
     838  0x55ff8  PathCchCanonicalize
     839  0x560bc  PathCchCanonicalizeEx
     840  0x5622c  PathCchCombine
     841  0x55ed8  PathCchCombineEx
     842  0x55c34  PathCchFindExtension
     843  0x562b8  PathCchIsRoot
     844  0x563d4  PathCchRemoveBackslash
     845  0x56440  PathCchRemoveBackslashEx
     846  0x56574  PathCchRemoveExtension
     847  0x566cc  PathCchRemoveFileSpec
     848  0x56ab4  PathCchRenameExtension
     849  0x56838  PathCchSkipRoot
     850  0x5514c  PathCchStripPrefix
     851  0x558a4  PathCchStripToRoot
     852  0x5825c  PathCombineA
     853  0x57fc8  PathCombineW
     854  0x5854c  PathCommonPrefixA
     855  0x5875c  PathCommonPrefixW
     856  0x5bb4c  PathCreateFromUrlA
     857  0x5c188  PathCreateFromUrlAlloc
     858  0x5bcf8  PathCreateFromUrlW
     859  0x5aab8  PathFileExistsA
     860  0x5ab34  PathFileExistsW
     861  0x57828  PathFindExtensionA
     862  0x578c4  PathFindExtensionW
     863  0x58aac  PathFindFileNameA
     864  0x58b58  PathFindFileNameW
     865  0x59b1c  PathFindNextComponentA
     866  0x59bb4  PathFindNextComponentW
     867  0x58bfc  PathGetArgsA
     868  0x58c84  PathGetArgsW
     869  0x58e40  PathGetCharTypeA
     870  0x58d14  PathGetCharTypeW
     871  0x58e48  PathGetDriveNumberA
     872  0x58ed4  PathGetDriveNumberW
     873  0x58f90  PathIsFileSpecA
     874  0x5900c  PathIsFileSpecW
     875  0x59954  PathIsLFNFileSpecA
     876  0x59a0c  PathIsLFNFileSpecW
     877  0x5897c  PathIsPrefixA
     878  0x58a10  PathIsPrefixW
     879  0x56ce8  PathIsRelativeA
     880  0x56d70  PathIsRelativeW
     881  0x56f1c  PathIsRootA
     882  0x570d8  PathIsRootW
     883  0x5a97c  PathIsSameRootA
     884  0x5aa14  PathIsSameRootW
     885  0x56c0c  PathIsUNCA
     886  0x56b4c  PathIsUNCEx
     887  0x59088  PathIsUNCServerA
     888  0x56dec  PathIsUNCServerShareA
     889  0x56e84  PathIsUNCServerShareW
     890  0x590c4  PathIsUNCServerW
     891  0x56c78  PathIsUNCW
     892  0x5c1e4  PathIsURLA
     893  0x5c260  PathIsURLW
     894  0x59ac4  PathIsValidCharA
     895  0x59af0  PathIsValidCharW
     896  0x5a73c  PathMatchSpecA
     897  0x5a458  PathMatchSpecExA
     898  0x5a628  PathMatchSpecExW
     899  0x5a820  PathMatchSpecW
     900  0x5abb4  PathParseIconLocationA
     901  0x5ad3c  PathParseIconLocationW
     902  0x5a838  PathQuoteSpacesA
     903  0x5a8d0  PathQuoteSpacesW
     904  0x5a0a8  PathRelativePathToA
     905  0x5a1d0  PathRelativePathToW
     906  0x597f0  PathRemoveBackslashA
     907  0x59884  PathRemoveBackslashW
     908  0x59150  PathRemoveBlanksA
     909  0x591f4  PathRemoveBlanksW
     910  0x59298  PathRemoveExtensionA
     911  0x59370  PathRemoveExtensionW
     912  0x57124  PathRemoveFileSpecA
     913  0x57264  PathRemoveFileSpecW
     914  0x5944c  PathRenameExtensionA
     915  0x59580  PathRenameExtensionW
     916  0x59f6c  PathSearchAndQualifyA
     917  0x5a008  PathSearchAndQualifyW
     918  0x59c54  PathSkipRootA
     919  0x59d18  PathSkipRootW
     920  0x59dd4  PathStripPathA
     921  0x59e5c  PathStripPathW
     922  0x574a4  PathStripToRootA
     923  0x57698  PathStripToRootW
     924  0x5aec4  PathUnExpandEnvStringsA
     925  0x5b040  PathUnExpandEnvStringsW
     926  0x596bc  PathUnquoteSpacesA
     927  0x59754  PathUnquoteSpacesW
     928  0x25c74  PeekConsoleInputA
     929  0x25ddc  PeekConsoleInputW
     930  0x7bdb4  PeekNamedPipe
     931  0x50004  PerfCreateInstance
     932  0x50418  PerfDeleteInstance
     933  0x506b0  PerfSetCounterRefValue
     934  0x504a0  PerfSetCounterSetInfo
     935  0x50770  PerfSetULongCounterValue
     936  0x50834  PerfSetULongLongCounterValue
     937  0x508f8  PerfStartProvider
     938  0x509f8  PerfStartProviderEx
     939  0x50b70  PerfStopProvider
     940  0x7abe8  PostQueuedCompletionStatus
     941  0x52300  PrefetchVirtualMemory
     942  0x10488  PrivCopyFileExW
     943  0x72108  PrivilegeCheck
     944  0x73968  PrivilegedServiceAuditAlarmW
     945  0x65184  ProcessIdToSessionId
     946  0x796d4  PulseEvent
     947  0x371b8  PurgeComm
     948  0x50d30  QISearch
     949  0x3a950  QueryActCtxSettingsW
     950  0x3a998  QueryActCtxW
     951           QueryDepthSList (forwarded to ntdll.RtlQueryDepthSList)
     952  0x82c04  QueryDosDeviceW
     953  0x2cd2c  QueryFullProcessImageNameA
     954  0x2ce48  QueryFullProcessImageNameW
     955  0x37b38  QueryIoRingCapabilities
     956  0x788e8  QueryIdleProcessorCycleTime
     957  0x78930  QueryIdleProcessorCycleTimeEx
     958  0x7875c  QueryInterruptTime
     959  0x78784  QueryInterruptTimePrecise
     960  0x53bc8  QueryMemoryResourceNotification
     961           QueryPerformanceCounter (forwarded to ntdll.RtlQueryPerformanceCounter)
     962           QueryPerformanceFrequency (forwarded to ntdll.RtlQueryPerformanceFrequency)
     963  0x1049c  QueryProcessAffinityUpdateMode
     964  0x65378  QueryProcessCycleTime
     965  0x104b0  QuerySecurityAccessMask
     966  0x7caf8  QueryThreadCycleTime
     967  0x7e22c  QueryThreadpoolStackInformation
     968           QueryUnbiasedInterruptTime (forwarded to ntdll.RtlQueryUnbiasedInterruptTime)
     969  0x78888  QueryUnbiasedInterruptTimePrecise
     970  0x545f0  QueryVirtualMemoryInformation
     971  0x2d294  QueryWorkingSet
     972  0x2d330  QueryWorkingSetEx
     973  0x7ca1c  QueueUserAPC
     974  0x7ca8c  QueueUserAPC2
     975  0x7e19c  QueueUserWorkItem
     976  0x50ca8  QuirkIsEnabled
     977  0x50ce0  QuirkIsEnabled3
     978  0x2a9cc  RaiseException
     979  0x2abc4  RaiseFailFastException
     980  0x34d3c  ReOpenFile
     981  0x28938  ReadConsoleA
     982  0x27a7c  ReadConsoleInputA
     983  0x104c4  ReadConsoleInputExA
     984  0x104d8  ReadConsoleInputExW
     985  0x27be4  ReadConsoleInputW
     986  0x262c4  ReadConsoleOutputA
     987  0x25ed0  ReadConsoleOutputAttribute
     988  0x26050  ReadConsoleOutputCharacterA
     989  0x26148  ReadConsoleOutputCharacterW
     990  0x263d8  ReadConsoleOutputW
     991  0x28a40  ReadConsoleW
     992  0x34ec0  ReadDirectoryChangesW
     993  0x350cc  ReadFile
     994  0x35238  ReadFileEx
     995  0x35380  ReadFileScatter
     996  0x51d20  ReadProcessMemory
     997  0x6874c  RegCloseKey
     998  0x6c798  RegCopyTreeW
     999  0x67148  RegCreateKeyExA
    1000  0x66c4c  RegCreateKeyExW
    1001  0x688f0  RegDeleteKeyExA
    1002  0x6878c  RegDeleteKeyExW
    1003  0x6b168  RegDeleteKeyValueA
    1004  0x6b028  RegDeleteKeyValueW
    1005  0x6c740  RegDeleteTreeA
    1006  0x6c4a0  RegDeleteTreeW
    1007  0x6b15c  RegDeleteValueA
    1008  0x6b01c  RegDeleteValueW
    1009  0x67e4c  RegEnumKeyExA
    1010  0x67bd4  RegEnumKeyExW
    1011  0x6aca0  RegEnumValueA
    1012  0x6a9bc  RegEnumValueW
    1013  0x6b91c  RegFlushKey
    1014  0x6b878  RegGetKeySecurity
    1015  0x6a520  RegGetValueA
    1016  0x6a010  RegGetValueW
    1017  0x6cbc8  RegLoadAppKeyA
    1018  0x6cc5c  RegLoadAppKeyW
    1019  0x6b338  RegLoadKeyA
    1020  0x6b25c  RegLoadKeyW
    1021  0x6c498  RegLoadMUIStringA
    1022  0x6ba80  RegLoadMUIStringW
    1023  0x6b950  RegNotifyChangeKeyValue
    1024  0x67a28  RegOpenCurrentUser
    1025  0x67908  RegOpenKeyExA
    1026  0x6728c  RegOpenKeyExW
    1027  0x6ba28  RegOpenUserClassesRoot
    1028  0x68404  RegQueryInfoKeyA
    1029  0x680e4  RegQueryInfoKeyW
    1030  0x69c24  RegQueryValueExA
    1031  0x68fa0  RegQueryValueExW
    1032  0x6b678  RegRestoreKeyA
    1033  0x6b5c4  RegRestoreKeyW
    1034  0x6b544  RegSaveKeyExA
    1035  0x6b3f0  RegSaveKeyExW
    1036  0x6b7e0  RegSetKeySecurity
    1037  0x68e84  RegSetKeyValueA
    1038  0x68d20  RegSetKeyValueW
    1039  0x68b44  RegSetValueExA
    1040  0x68a34  RegSetValueExW
    1041  0x6b794  RegUnLoadKeyA
    1042  0x6b6d4  RegUnLoadKeyW
    1043           RegisterTraceGuidsW (forwarded to ntdll.EtwRegisterTraceGuidsW)
    1044  0x78a98  RegisterWaitForSingleObjectEx
    1045  0x3a9e0  ReleaseActCtx
    1046  0x79abc  ReleaseMutex
    1047           ReleaseMutexWhenCallbackReturns (forwarded to ntdll.TpCallbackReleaseMutexOnCompletion)
    1048           ReleaseSRWLockExclusive (forwarded to ntdll.RtlReleaseSRWLockExclusive)
    1049           ReleaseSRWLockShared (forwarded to ntdll.RtlReleaseSRWLockShared)
    1050  0x79db4  ReleaseSemaphore
    1051           ReleaseSemaphoreWhenCallbackReturns (forwarded to ntdll.TpCallbackReleaseSemaphoreOnCompletion)
    1052  0x66a28  RemapPredefinedHandleInternal
    1053  0x35458  RemoveDirectoryA
    1054  0x35500  RemoveDirectoryW
    1055  0x38c3c  RemoveDllDirectory
    1056           RemoveVectoredContinueHandler (forwarded to ntdll.RtlRemoveVectoredContinueHandler)
    1057           RemoveVectoredExceptionHandler (forwarded to ntdll.RtlRemoveVectoredExceptionHandler)
    1058  0x330ec  ReplaceFileW
    1059  0x7976c  ResetEvent
    1060  0x51d68  ResetWriteWatch
    1061  0x29818  ResizePseudoConsole
    1062  0x84d3c  ResolveDelayLoadedAPI
    1063  0x482e8  ResolveLocaleName
    1064           RestoreLastError (forwarded to ntdll.RtlRestoreLastWin32Error)
    1065  0x7cb54  ResumeThread
    1066  0x72160  RevertToSelf
    1067  0x65a40  SHExpandEnvironmentStringsA
    1068  0x65b74  SHExpandEnvironmentStringsW
    1069  0x78020  SHLoadIndirectString
    1070  0x6de7c  SHRegCloseUSKey
    1071  0x6da50  SHRegCreateUSKeyA
    1072  0x6db8c  SHRegCreateUSKeyW
    1073  0x6dfbc  SHRegDeleteEmptyUSKeyA
    1074  0x6e014  SHRegDeleteEmptyUSKeyW
    1075  0x6e070  SHRegDeleteUSValueA
    1076  0x6e0c8  SHRegDeleteUSValueW
    1077  0x6e394  SHRegEnumUSKeyA
    1078  0x6e4b4  SHRegEnumUSKeyW
    1079  0x6e124  SHRegEnumUSValueA
    1080  0x6e25c  SHRegEnumUSValueW
    1081  0x6f7f8  SHRegGetBoolUSValueA
    1082  0x6f9cc  SHRegGetBoolUSValueW
    1083  0x6f5d4  SHRegGetUSValueA
    1084  0x6f6f8  SHRegGetUSValueW
    1085  0x6e5d4  SHRegOpenUSKeyA
    1086  0x6e660  SHRegOpenUSKeyW
    1087  0x6f084  SHRegQueryInfoUSKeyA
    1088  0x6f1c4  SHRegQueryInfoUSKeyW
    1089  0x6f304  SHRegQueryUSValueA
    1090  0x6f46c  SHRegQueryUSValueW
    1091  0x6ee38  SHRegSetUSValueA
    1092  0x6ef8c  SHRegSetUSValueW
    1093  0x6ea14  SHRegWriteUSValueA
    1094  0x6eaa8  SHRegWriteUSValueW
    1095  0x77f9c  SHTruncateString
    1096  0x2665c  ScrollConsoleScreenBufferA
    1097  0x266d0  ScrollConsoleScreenBufferW
    1098  0x33420  SearchPathA
    1099  0x336c0  SearchPathW
    1100  0x739e8  SetAclInformation
    1101  0x73a2c  SetCachedSigningLevel
    1102  0x48d1c  SetCalendarInfoW
    1103  0x37294  SetCommBreak
    1104  0x3736c  SetCommConfig
    1105  0x37784  SetCommMask
    1106  0x373c0  SetCommState
    1107  0x37860  SetCommTimeouts
    1108  0x6d330  SetComputerNameA
    1109  0x6d994  SetComputerNameExA
    1110  0x6d3e0  SetComputerNameExW
    1111  0x6d988  SetComputerNameW
    1112  0x268b0  SetConsoleActiveScreenBuffer
    1113  0x269ac  SetConsoleCP
    1114  0x26a94  SetConsoleCtrlHandler
    1115  0x26c08  SetConsoleCursorInfo
    1116  0x26d30  SetConsoleCursorPosition
    1117  0x26e64  SetConsoleDisplayMode
    1118  0x26eb8  SetConsoleInputExeNameA
    1119  0x26f3c  SetConsoleInputExeNameW
    1120  0x26fc8  SetConsoleMode
    1121  0x270cc  SetConsoleOutputCP
    1122  0x271b4  SetConsoleScreenBufferInfoEx
    1123  0x27350  SetConsoleScreenBufferSize
    1124  0x27484  SetConsoleTextAttribute
    1125  0x275b4  SetConsoleTitleA
    1126  0x27664  SetConsoleTitleW
    1127  0x27788  SetConsoleWindowInfo
    1128           SetCriticalSectionSpinCount (forwarded to ntdll.RtlSetCriticalSectionSpinCount)
    1129  0x27904  SetCurrentConsoleFontEx
    1130  0x33db0  SetCurrentDirectoryA
    1131  0x33ea4  SetCurrentDirectoryW
    1132  0x38c84  SetDefaultDllDirectories
    1133  0x35630  SetEndOfFile
    1134  0x65e1c  SetEnvironmentStringsA
    1135  0x65f14  SetEnvironmentStringsW
    1136  0x66314  SetEnvironmentVariableA
    1137  0x663b4  SetEnvironmentVariableW
    1138  0x653dc  SetErrorMode
    1139  0x79720  SetEvent
    1140           SetEventWhenCallbackReturns (forwarded to ntdll.TpCallbackSetEventOnCompletion)
    1141  0x33f04  SetFileApisToANSI
    1142  0x33f10  SetFileApisToOEM
    1143  0x33f20  SetFileAttributesA
    1144  0x33fd8  SetFileAttributesW
    1145  0x356b8  SetFileInformationByHandle
    1146  0x3594c  SetFilePointer
    1147  0x359b0  SetFilePointerEx
    1148  0x72e74  SetFileSecurityW
    1149  0x35ac4  SetFileTime
    1150  0x35b4c  SetFileValidData
    1151  0x65438  SetHandleCount
    1152  0x6543c  SetHandleInformation
    1153  0x72fe4  SetKernelObjectSecurity
    1154  0x104ec  SetLastConsoleEventActive
    1155           SetLastError (forwarded to ntdll.RtlSetLastWin32Error)
    1156  0x362dc  SetLocalTime
    1157  0x48460  SetLocaleInfoW
    1158  0x7b2ec  SetNamedPipeHandleState
    1159  0x65514  SetPriorityClass
    1160  0x7302c  SetPrivateObjectSecurity
    1161  0x73080  SetPrivateObjectSecurityEx
    1162  0x655c4  SetProcessAffinityUpdateMode
    1163  0x542d8  SetProcessDefaultCpuSets
    1164  0x6560c  SetProcessGroupAffinity
    1165  0x646cc  SetProcessInformation
    1166  0x65658  SetProcessMitigationPolicy
    1167  0x48d80  SetProcessPreferredUILanguages
    1168  0x65698  SetProcessPriorityBoost
    1169  0x656f0  SetProcessShutdownParameters
    1170  0x6574c  SetProcessWorkingSetSizeEx
    1171  0x10500  SetSecurityAccessMask
    1172  0x730d4  SetSecurityDescriptorControl
    1173  0x72c34  SetSecurityDescriptorDacl
    1174  0x72b7c  SetSecurityDescriptorGroup
    1175  0x72adc  SetSecurityDescriptorOwner
    1176  0x10514  SetSecurityDescriptorRMControl
    1177  0x72cec  SetSecurityDescriptorSacl
    1178  0x6598c  SetStdHandle
    1179  0x659f4  SetStdHandleEx
    1180  0x51dbc  SetSystemFileCacheSize
    1181  0x363e4  SetSystemTime
    1182  0x3647c  SetSystemTimeAdjustment
    1183  0x7cb94  SetThreadContext
    1184  0x7cbdc  SetThreadDescription
    1185  0x7cf88  SetThreadErrorMode
    1186  0x7d020  SetThreadGroupAffinity
    1187  0x7d0c4  SetThreadIdealProcessor
    1188  0x7d108  SetThreadIdealProcessorEx
    1189  0x7d364  SetThreadInformation
    1190  0x7d154  SetThreadLocale
    1191  0x48dc8  SetThreadPreferredUILanguages
    1192  0x7d1c8  SetThreadPriority
    1193  0x7d220  SetThreadPriorityBoost
    1194  0x54290  SetThreadSelectedCpuSets
    1195  0x7d278  SetThreadStackGuarantee
    1196  0x71e90  SetThreadToken
    1197  0x7d2e4  SetThreadUILanguage
    1198  0x7e1e4  SetThreadpoolStackInformation
    1199           SetThreadpoolThreadMaximum (forwarded to ntdll.TpSetPoolMaxThreads)
    1200           SetThreadpoolThreadMinimum (forwarded to ntdll.TpSetPoolMinThreads)
    1201           SetThreadpoolTimer (forwarded to ntdll.TpSetTimer)
    1202           SetThreadpoolWait (forwarded to ntdll.TpSetWait)
    1203  0x48e10  SetTimeZoneInformation
    1204  0x721bc  SetTokenInformation
    1205  0x2aca8  SetUnhandledExceptionFilter
    1206  0x48e58  SetUserGeoID
    1207  0x49eec  SetUserGeoName
    1208  0x79fd0  SetWaitableTimer
    1209  0x7a03c  SetWaitableTimerEx
    1210  0x3795c  SetupComm
    1211  0x78b78  SignalObjectAndWait
    1212  0x3a6f8  SizeofResource
    1213  0x78c34  Sleep
    1214  0x7a7c0  SleepConditionVariableCS
    1215  0x7a82c  SleepConditionVariableSRW
    1216  0x78c74  SleepEx
    1217  0x10528  SpecialMBToWC
    1218           StartThreadpoolIo (forwarded to ntdll.TpStartAsyncIoOperation)
    1219  0x75890  StrCSpnA
    1220  0x7597c  StrCSpnIA
    1221  0x75a3c  StrCSpnIW
    1222  0x75950  StrCSpnW
    1223  0x77d0c  StrCatBuffA
    1224  0x77db0  StrCatBuffW
    1225  0x77ea4  StrCatChainW
    1226  0x74498  StrChrA
    1227  0x746ec  StrChrIA
    1228  0x74844  StrChrIW
    1229  0x748dc  StrChrNW
    1230  0x7467c  StrChrW
    1231  0x740f4  StrCmpCA
    1232  0x7414c  StrCmpCW
    1233  0x741a4  StrCmpICA
    1234  0x74200  StrCmpICW
    1235  0x753d4  StrCmpIW
    1236  0x77878  StrCmpLogicalW
    1237  0x74e2c  StrCmpNA
    1238  0x75230  StrCmpNCA
    1239  0x752bc  StrCmpNCW
    1240  0x742e4  StrCmpNIA
    1241  0x74258  StrCmpNICA
    1242  0x74370  StrCmpNICW
    1243  0x74404  StrCmpNIW
    1244  0x7519c  StrCmpNW
    1245  0x75350  StrCmpW
    1246  0x75458  StrCpyNW
    1247  0x76f00  StrCpyNXA
    1248  0x76f94  StrCpyNXW
    1249  0x74b64  StrDupA
    1250  0x74bfc  StrDupW
    1251  0x77bbc  StrIsIntlEqualA
    1252  0x77c60  StrIsIntlEqualW
    1253  0x762cc  StrPBrkA
    1254  0x76394  StrPBrkW
    1255  0x75b60  StrRChrA
    1256  0x75d68  StrRChrIA
    1257  0x75e78  StrRChrIW
    1258  0x75ce4  StrRChrW
    1259  0x75f28  StrRStrIA
    1260  0x7610c  StrRStrIW
    1261  0x757a4  StrSpnA
    1262  0x75864  StrSpnW
    1263  0x74cd0  StrStrA
    1264  0x754f4  StrStrIA
    1265  0x75650  StrStrIW
    1266  0x75040  StrStrNIW
    1267  0x74f4c  StrStrNW
    1268  0x74eb8  StrStrW
    1269  0x767b8  StrToInt64ExA
    1270  0x76984  StrToInt64ExW
    1271  0x76c30  StrToIntA
    1272  0x76b3c  StrToIntExA
    1273  0x76bb4  StrToIntExW
    1274  0x76d94  StrToIntW
    1275  0x763b0  StrTrimA
    1276  0x765b0  StrTrimW
    1277           SubmitThreadpoolWork (forwarded to ntdll.TpPostWork)
    1278  0x7d3f0  SuspendThread
    1279  0x7dcc8  SwitchToFiber
    1280  0x7d4a4  SwitchToThread
    1281  0x36388  SystemTimeToFileTime
    1282  0x4901c  SystemTimeToTzSpecificLocalTime
    1283  0x1053c  SystemTimeToTzSpecificLocalTimeEx
    1284  0x65754  TerminateProcess
    1285  0x7d4cc  TerminateThread
    1286  0x7d514  TlsAlloc
    1287  0x7d628  TlsFree
    1288  0x7d724  TlsGetValue
    1289  0x7d77c  TlsSetValue
    1290           TraceEvent (forwarded to ntdll.EtwLogTraceEvent)
    1291           TraceMessage (forwarded to ntdll.EtwTraceMessage)
    1292           TraceMessageVa (forwarded to ntdll.EtwTraceMessageVa)
    1293  0x7b3f8  TransactNamedPipe
    1294  0x37a38  TransmitCommChar
    1295           TryAcquireSRWLockExclusive (forwarded to ntdll.RtlTryAcquireSRWLockExclusive)
    1296           TryAcquireSRWLockShared (forwarded to ntdll.RtlTryAcquireSRWLockShared)
    1297           TryEnterCriticalSection (forwarded to ntdll.RtlTryEnterCriticalSection)
    1298  0x7e154  TrySubmitThreadpoolCallback
    1299  0x490d8  TzSpecificLocalTimeToSystemTime
    1300  0x10550  TzSpecificLocalTimeToSystemTimeEx
    1301  0x2ace0  UnhandledExceptionFilter
    1302  0x35ba8  UnlockFile
    1303  0x35c08  UnlockFileEx
    1304  0x51e10  UnmapViewOfFile
    1305  0x51f38  UnmapViewOfFile2
    1306  0x51f80  UnmapViewOfFileEx
    1307           UnregisterTraceGuids (forwarded to ntdll.EtwUnregisterTraceGuids)
    1308  0x78cc0  UnregisterWaitEx
    1309  0x66530  UpdateProcThreadAttribute
    1310  0x5fc50  UrlApplySchemeA
    1311  0x5fdf8  UrlApplySchemeW
    1312  0x5caf0  UrlCanonicalizeA
    1313  0x5cc90  UrlCanonicalizeW
    1314  0x61838  UrlCombineA
    1315  0x61a14  UrlCombineW
    1316  0x60414  UrlCompareA
    1317  0x604f8  UrlCompareW
    1318  0x61518  UrlCreateFromPathA
    1319  0x61790  UrlCreateFromPathW
    1320  0x5c2e0  UrlEscapeA
    1321  0x5c4ac  UrlEscapeW
    1322  0x605d8  UrlFixupW
    1323  0x60698  UrlGetLocationA
    1324  0x60708  UrlGetLocationW
    1325  0x60778  UrlGetPartA
    1326  0x6092c  UrlGetPartW
    1327  0x6229c  UrlHashA
    1328  0x62490  UrlHashW
    1329  0x60f6c  UrlIsA
    1330  0x61408  UrlIsNoHistoryA
    1331  0x6148c  UrlIsNoHistoryW
    1332  0x612f4  UrlIsOpaqueA
    1333  0x6137c  UrlIsOpaqueW
    1334  0x61138  UrlIsW
    1335  0x5b550  UrlUnescapeA
    1336  0x5b740  UrlUnescapeW
    1337  0x804f0  VerFindFileA
    1338  0x809b0  VerFindFileW
    1339  0x49194  VerLanguageNameA
    1340  0x491a8  VerLanguageNameW
    1341  0x7fdec  VerQueryValueA
    1342  0x802f8  VerQueryValueW
    1343           VerSetConditionMask (forwarded to ntdll.VerSetConditionMask)
    1344  0x520a0  VirtualAlloc2
    1345  0x52100  VirtualAlloc2FromApp
    1346  0x51fd4  VirtualAlloc
    1347  0x5203c  VirtualAllocEx
    1348  0x54520  VirtualAllocExNuma
    1349  0x52210  VirtualAllocFromApp
    1350  0x52364  VirtualFree
    1351  0x5240c  VirtualFreeEx
    1352  0x524ac  VirtualLock
    1353  0x52508  VirtualProtect
    1354  0x52580  VirtualProtectEx
    1355  0x52608  VirtualProtectFromApp
    1356  0x51ed4  VirtualQuery
    1357  0x52680  VirtualQueryEx
    1358  0x526dc  VirtualUnlock
    1359  0x37b14  WaitCommEvent
    1360  0x79028  WaitForDebugEvent
    1361  0x79170  WaitForDebugEventEx
    1362  0x78e1c  WaitForMultipleObjects
    1363  0x78f20  WaitForMultipleObjectsEx
    1364  0x78d08  WaitForSingleObject
    1365  0x78d90  WaitForSingleObjectEx
    1366           WaitForThreadpoolIoCallbacks (forwarded to ntdll.TpWaitForIoCompletion)
    1367           WaitForThreadpoolTimerCallbacks (forwarded to ntdll.TpWaitForTimer)
    1368           WaitForThreadpoolWaitCallbacks (forwarded to ntdll.TpWaitForWait)
    1369           WaitForThreadpoolWorkCallbacks (forwarded to ntdll.TpWaitForWork)
    1370  0x7b038  WaitNamedPipeW
    1371  0x79244  WaitOnAddress
    1372           WakeAllConditionVariable (forwarded to ntdll.RtlWakeAllConditionVariable)
    1373           WakeByAddressAll (forwarded to ntdll.RtlWakeAddressAll)
    1374           WakeByAddressSingle (forwarded to ntdll.RtlWakeAddressSingle)
    1375           WakeConditionVariable (forwarded to ntdll.RtlWakeConditionVariable)
    1376  0x2b4ec  WerGetFlags
    1377  0x2b52c  WerRegisterCustomMetadata
    1378  0x2b584  WerRegisterFile
    1379  0x2b5dc  WerRegisterMemoryBlock
    1380  0x2b61c  WerRegisterRuntimeExceptionModule
    1381  0x2b668  WerSetFlags
    1382  0x2b6a0  WerUnregisterCustomMetadata
    1383  0x2b6dc  WerUnregisterFile
    1384  0x2b71c  WerUnregisterMemoryBlock
    1385  0x2b758  WerUnregisterRuntimeExceptionModule
    1386  0x3d948  WideCharToMultiByte
    1387  0x3412c  Wow64DisableWow64FsRedirection
    1388  0x3417c  Wow64EnableWow64FsRedirection
    1389  0x7d820  Wow64GetThreadContext
    1390  0x341c4  Wow64RevertWow64FsRedirection
    1391  0x7d850  Wow64SetThreadContext
    1392  0x28d5c  WriteConsoleA
    1393  0x27ce8  WriteConsoleInputA
    1394  0x27e9c  WriteConsoleInputW
    1395  0x27f54  WriteConsoleOutputA
    1396  0x283fc  WriteConsoleOutputAttribute
    1397  0x285dc  WriteConsoleOutputCharacterA
    1398  0x28750  WriteConsoleOutputCharacterW
    1399  0x28130  WriteConsoleOutputW
    1400  0x28ea4  WriteConsoleW
    1401  0x35ce8  WriteFile
    1402  0x35e28  WriteFileEx
    1403  0x35f34  WriteFileGather
    1404  0x52738  WriteProcessMemory
    1405  0x3a9ec  ZombifyActCtx
    1406           __C_specific_handler (forwarded to ntdll.__C_specific_handler)
    1407           __chkstk (forwarded to ntdll.__chkstk)
    1408  0x10564  __misaligned_access
    1409  0x73d00  lstrcmp
    1410  0x73d00  lstrcmpA
    1411  0x73d58  lstrcmpW
    1412  0x73db0  lstrcmpi
    1413  0x73db0  lstrcmpiA
    1414  0x73e0c  lstrcmpiW
    1415  0x73e64  lstrcpyn
    1416  0x73e64  lstrcpynA
    1417  0x73f28  lstrcpynW
    1418  0x73fec  lstrlen
    1419  0x73fec  lstrlenA
    1420  0x74070  lstrlenW
/Users/runner/work/WineIOS-Core/WineIOS-Core/build/wine-ios-arm64/dlls/kernel32/aarch64-windows/kernel32.dll: PE32+ executable (DLL) (console) Aarch64, for MS Windows

/Users/runner/work/WineIOS-Core/WineIOS-Core/build/wine-ios-arm64/dlls/kernel32/aarch64-windows/kernel32.dll:	file format coff-arm64
Characteristics 0x2022
	executable
	large address aware
	DLL

Time/Date               Sun Sep  6 03:28:39 2026
Magic                   020b	(PE32+)
MajorLinkerVersion      14
MinorLinkerVersion      0
SizeOfCode              0000000000030000
SizeOfInitializedData   00000000001c0000
SizeOfUninitializedData 0000000000000000
AddressOfEntryPoint     000000000003b2d8
BaseOfCode              0000000000010000
ImageBase               0000000180000000
SectionAlignment        00010000
FileAlignment           00010000
MajorOSystemVersion     6
MinorOSystemVersion     0
MajorImageVersion       0
MinorImageVersion       0
MajorSubsystemVersion   6
MinorSubsystemVersion   0
Win32Version            00000000
SizeOfImage             00200000
SizeOfHeaders           00010000
CheckSum                00000000
Subsystem               00000003	(Windows CUI)
DllCharacteristics      00000160
					HIGH_ENTROPY_VA
					DYNAMIC_BASE
					NX_COMPAT
SizeOfStackReserve      0000000000100000
SizeOfStackCommit       0000000000001000
SizeOfHeapReserve       0000000000100000
SizeOfHeapCommit        0000000000001000
LoaderFlags             00000000
NumberOfRvaAndSizes     00000010

The Data Directory
Entry 0 0000000000044608 0000a66c Export Directory [.edata (or where ever we found it)]
Entry 1 000000000004ec74 0000003c Import Directory [parts of .idata]
Entry 2 0000000000090000 000003bc Resource Directory [.rsrc]
Entry 3 0000000000080000 000035b8 Exception Directory [.pdata]
Entry 4 0000000000000000 00000000 Security Directory
Entry 5 00000000000a0000 00000028 Base Relocation Directory [.reloc]
Entry 6 0000000000060000 0000001c Debug Directory
Entry 7 0000000000000000 00000000 Description Directory
Entry 8 0000000000000000 00000000 Special Directory
Entry 9 0000000000000000 00000000 Thread Storage Directory [.tls]
Entry a 0000000000041d88 00000140 Load Configuration Directory
Entry b 0000000000000000 00000000 Bound Import Directory
Entry c 0000000000050980 00001cd0 Import Address Table Directory
Entry d 0000000000000000 00000000 Delay Import Directory
Entry e 0000000000000000 00000000 CLR Runtime Header
Entry f 0000000000000000 00000000 Reserved

The Import Tables:
  lookup 0004ecb0 time 00000000 fwd 00000000 name 000573a4 addr 00050980

    DLL Name: kernelbase.dll
    Hint/Ord  Name
          10  ActivateActCtx
          21  AddConsoleAliasA
          22  AddConsoleAliasW
          23  AddDllDirectory
          25  AddRefActCtx
          30  AllocConsole
          33  AllocateUserPhysicalPages
          34  AllocateUserPhysicalPagesNuma
          42  AreFileApisANSI
          43  AttachConsole
          49  BaseFlushAppcompatCache
          50  BaseGetNamedObjectDirectory
          59  Beep
          65  CallNamedPipeW
          66  CallbackMayRunLong
          67  CancelIo
          68  CancelIoEx
          69  CancelSynchronousIo
          71  CancelWaitableTimer
          72  ChangeTimerQueueTimer
          88  CheckRemoteDebuggerPresent
          92  ClearCommBreak
          93  ClearCommError
          94  CloseHandle
          95  ClosePseudoConsole
         103  CompareFileTime
         105  CompareStringA
         106  CompareStringEx
         107  CompareStringOrdinal
         108  CompareStringW
         109  ConnectNamedPipe
         110  ContinueDebugEvent
         112  ConvertDefaultLocale
         113  ConvertFiberToThread
         115  ConvertThreadToFiber
         116  ConvertThreadToFiberEx
         118  CopyContext
         119  CopyFile2
         120  CopyFileExW
         121  CopyFileW
         123  CreateActCtxW
         124  CreateBoundaryDescriptorW
         125  CreateConsoleScreenBuffer
         126  CreateDirectoryA
         127  CreateDirectoryExW
         128  CreateDirectoryW
         129  CreateEventA
         130  CreateEventExA
         131  CreateEventExW
         132  CreateEventW
         133  CreateFiber
         134  CreateFiberEx
         135  CreateFile2
         136  CreateFileA
         139  CreateFileMappingNumaW
         140  CreateFileMappingW
         141  CreateFileW
         142  CreateHardLinkA
         143  CreateHardLinkW
         144  CreateIoCompletionPort
         145  CreateMemoryResourceNotification
         146  CreateMutexA
         147  CreateMutexExA
         148  CreateMutexExW
         149  CreateMutexW
         150  CreateNamedPipeW
         151  CreatePipe
         155  CreateProcessA
         156  CreateProcessAsUserA
         157  CreateProcessAsUserW
         158  CreateProcessInternalA
         159  CreateProcessInternalW
         160  CreateProcessW
         161  CreatePseudoConsole
         162  CreateRemoteThread
         163  CreateRemoteThreadEx
         165  CreateSemaphoreExW
         166  CreateSemaphoreW
         167  CreateSymbolicLinkW
         168  CreateThread
         169  CreateThreadpool
         170  CreateThreadpoolCleanupGroup
         171  CreateThreadpoolIo
         172  CreateThreadpoolTimer
         173  CreateThreadpoolWait
         174  CreateThreadpoolWork
         175  CreateTimerQueue
         176  CreateTimerQueueTimer
         177  CreateWaitableTimerExW
         178  CreateWaitableTimerW
         181  DeactivateActCtx
         183  DebugActiveProcess
         184  DebugActiveProcessStop
         185  DebugBreak
         188  DefineDosDeviceW
         189  DelayLoadFailureHook
         192  DeleteFiber
         193  DeleteFileA
         194  DeleteFileW
         195  DeleteProcThreadAttributeList
         196  DeleteSynchronizationBarrier
         197  DeleteTimerQueueEx
         198  DeleteTimerQueueTimer
         199  DeleteVolumeMountPointW
         201  DeviceIoControl
         203  DisableThreadLibraryCalls
         206  DisconnectNamedPipe
         207  DnsHostnameToComputerNameExW
         208  DuplicateHandle
         214  EnterCriticalSection
         215  EnterSynchronizationBarrier
         216  EnumCalendarInfoExEx
         217  EnumCalendarInfoExW
         218  EnumCalendarInfoW
         219  EnumDateFormatsExEx
         220  EnumDateFormatsExW
         221  EnumDateFormatsW
         224  EnumLanguageGroupLocalesW
         230  EnumResourceLanguagesExA
         231  EnumResourceLanguagesExW
         232  EnumResourceNamesExA
         233  EnumResourceNamesExW
         234  EnumResourceNamesW
         235  EnumResourceTypesExA
         236  EnumResourceTypesExW
         237  EnumSystemCodePagesW
         238  EnumSystemFirmwareTables
         239  EnumSystemGeoID
         240  EnumSystemLanguageGroupsW
         241  EnumSystemLocalesA
         242  EnumSystemLocalesEx
         243  EnumSystemLocalesW
         244  EnumTimeFormatsEx
         245  EnumTimeFormatsW
         246  EnumUILanguagesW
         250  EscapeCommFunction
         262  ExitThread
         263  ExpandEnvironmentStringsA
         264  ExpandEnvironmentStringsW
         265  ExpungeConsoleCommandHistoryA
         266  ExpungeConsoleCommandHistoryW
         267  FatalAppExitA
         268  FatalAppExitW
         269  FileTimeToLocalFileTime
         270  FileTimeToSystemTime
         271  FillConsoleOutputAttribute
         272  FillConsoleOutputCharacterA
         273  FillConsoleOutputCharacterW
         274  FindActCtxSectionGuid
         275  FindActCtxSectionStringW
         276  FindClose
         277  FindCloseChangeNotification
         278  FindFirstChangeNotificationA
         279  FindFirstChangeNotificationW
         280  FindFirstFileA
         281  FindFirstFileExA
         282  FindFirstFileExW
         283  FindFirstFileNameW
         284  FindFirstFileW
         286  FindFirstStreamW
         287  FindFirstVolumeW
         288  FindNLSString
         289  FindNLSStringEx
         290  FindNextChangeNotification
         291  FindNextFileA
         292  FindNextFileW
         293  FindNextStreamW
         294  FindNextVolumeW
         295  FindResourceExW
         296  FindResourceW
         297  FindStringOrdinal
         298  FindVolumeClose
         299  FlsAlloc
         300  FlsFree
         301  FlsGetValue
         302  FlsSetValue
         303  FlushConsoleInputBuffer
         304  FlushFileBuffers
         305  FlushInstructionCache
         307  FlushViewOfFile
         308  FoldStringW
         309  FormatMessageA
         310  FormatMessageW
         311  FreeConsole
         312  FreeEnvironmentStringsA
         313  FreeEnvironmentStringsW
         314  FreeLibrary
         317  FreeResource
         319  FreeUserPhysicalPages
         320  GenerateConsoleCtrlEvent
         321  GetACP
         326  GetApplicationRestartSettings
         329  GetCPInfo
         330  GetCPInfoExW
         332  GetCalendarInfoEx
         333  GetCalendarInfoW
         334  GetCommConfig
         335  GetCommMask
         336  GetCommModemStatus
         337  GetCommProperties
         338  GetCommState
         339  GetCommTimeouts
         340  GetCommandLineA
         341  GetCommandLineW
         342  GetCompressedFileSizeA
         343  GetCompressedFileSizeW
         344  GetComputerNameExA
         345  GetComputerNameExW
         346  GetConsoleAliasA
         347  GetConsoleAliasExesLengthA
         348  GetConsoleAliasExesLengthW
         349  GetConsoleAliasW
         350  GetConsoleAliasesLengthA
         351  GetConsoleAliasesLengthW
         352  GetConsoleCP
         353  GetConsoleCommandHistoryA
         354  GetConsoleCommandHistoryLengthA
         355  GetConsoleCommandHistoryLengthW
         356  GetConsoleCommandHistoryW
         357  GetConsoleCursorInfo
         358  GetConsoleDisplayMode
         359  GetConsoleFontSize
         360  GetConsoleInputExeNameA
         361  GetConsoleInputExeNameW
         362  GetConsoleMode
         363  GetConsoleOriginalTitleA
         364  GetConsoleOriginalTitleW
         365  GetConsoleOutputCP
         366  GetConsoleProcessList
         367  GetConsoleScreenBufferInfo
         368  GetConsoleScreenBufferInfoEx
         369  GetConsoleTitleA
         370  GetConsoleTitleW
         371  GetConsoleWindow
         372  GetCurrencyFormatEx
         373  GetCurrencyFormatW
         374  GetCurrentActCtx
         376  GetCurrentConsoleFont
         377  GetCurrentConsoleFontEx
         378  GetCurrentDirectoryA
         379  GetCurrentDirectoryW
         391  GetCurrentThreadStackLimits
         392  GetDateFormatA
         393  GetDateFormatEx
         394  GetDateFormatW
         399  GetDiskFreeSpaceA
         400  GetDiskFreeSpaceExA
         401  GetDiskFreeSpaceExW
         402  GetDiskFreeSpaceW
         403  GetDiskSpaceInformationA
         404  GetDiskSpaceInformationW
         405  GetDriveTypeA
         406  GetDriveTypeW
         407  GetDynamicTimeZoneInformation
         408  GetDynamicTimeZoneInformationEffectiveYears
         409  GetEnvironmentStrings
         410  GetEnvironmentStringsA
         411  GetEnvironmentStringsW
         412  GetEnvironmentVariableA
         413  GetEnvironmentVariableW
         415  GetErrorMode
         417  GetExitCodeThread
         419  GetFileAttributesA
         420  GetFileAttributesExA
         421  GetFileAttributesExW
         422  GetFileAttributesW
         423  GetFileInformationByHandle
         424  GetFileInformationByHandleEx
         425  GetFileMUIInfo
         426  GetFileMUIPath
         428  GetFileSize
         429  GetFileSizeEx
         430  GetFileTime
         431  GetFileType
         440  GetFinalPathNameByHandleA
         441  GetFinalPathNameByHandleW
         442  GetFullPathNameA
         443  GetFullPathNameW
         445  GetGeoInfoEx
         444  GetGeoInfoW
         446  GetHandleInformation
         448  GetLargePageMinimum
         449  GetLargestConsoleWindowSize
         450  GetLastError
         452  GetLocalTime
         453  GetLocaleInfoA
         454  GetLocaleInfoEx
         456  GetLocaleInfoW
         457  GetLogicalDriveStringsW
         458  GetLogicalDrives
         459  GetLogicalProcessorInformation
         460  GetLogicalProcessorInformationEx
         461  GetLongPathNameA
         462  GetLongPathNameW
         467  GetModuleFileNameA
         470  GetModuleFileNameW
         471  GetModuleHandleA
         472  GetModuleHandleExA
         473  GetModuleHandleExW
         474  GetModuleHandleW
         476  GetNLSVersion
         477  GetNLSVersionEx
         481  GetNamedPipeHandleStateW
         482  GetNamedPipeInfo
         483  GetNativeSystemInfo
         484  GetNumaHighestNodeNumber
         485  GetNumaNodeProcessorMaskEx
         486  GetNumaProximityNodeEx
         487  GetNumberFormatEx
         488  GetNumberFormatW
         489  GetNumberOfConsoleInputEvents
         490  GetNumberOfConsoleMouseButtons
         491  GetOEMCP
         492  GetOverlappedResult
         493  GetOverlappedResultEx
         499  GetPhysicallyInstalledSystemMemory
         500  GetPriorityClass
         503  GetProcessGroupAffinity
         504  GetProcessHandleCount
         505  GetProcessHeap
         507  GetProcessId
         508  GetProcessIdOfThread
         511  GetProcessInformation
         513  GetProcessMitigationPolicy
         514  GetProcessPreferredUILanguages
         515  GetProcessPriorityBoost
         516  GetProcessShutdownParameters
         517  GetProcessTimes
         518  GetProcessVersion
         519  GetProcessWorkingSetSizeEx
         520  GetProductInfo
         523  GetQueuedCompletionStatus
         524  GetQueuedCompletionStatusEx
         532  GetShortPathNameW
         537  GetStartupInfoW
         538  GetStdHandle
         540  GetStringTypeA
         541  GetStringTypeExW
         542  GetStringTypeW
         543  GetSystemCpuSetInformation
         544  GetSystemDefaultLCID
         545  GetSystemDefaultLangID
         546  GetSystemDefaultLocaleName
         547  GetSystemDefaultUILanguage
         550  GetSystemFileCacheSize
         551  GetSystemFirmwareTable
         552  GetSystemInfo
         553  GetSystemPreferredUILanguages
         554  GetSystemTime
         555  GetSystemTimeAdjustment
         556  GetSystemTimeAsFileTime
         557  GetSystemTimePreciseAsFileTime
         558  GetSystemTimes
         559  GetSystemWindowsDirectoryA
         560  GetSystemWindowsDirectoryW
         563  GetSystemWow64DirectoryA
         564  GetSystemWow64DirectoryW
         565  GetTempFileNameA
         566  GetTempFileNameW
         568  GetTempPath2A
         567  GetTempPath2W
         569  GetTempPathA
         570  GetTempPathW
         571  GetThreadContext
         572  GetThreadDescription
         573  GetThreadErrorMode
         574  GetThreadGroupAffinity
         575  GetThreadIOPendingFlag
         576  GetThreadId
         577  GetThreadIdealProcessorEx
         578  GetThreadLocale
         579  GetThreadPreferredUILanguages
         580  GetThreadPriority
         581  GetThreadPriorityBoost
         582  GetThreadTimes
         583  GetThreadUILanguage
         586  GetTimeFormatA
         587  GetTimeFormatEx
         588  GetTimeFormatW
         589  GetTimeZoneInformation
         590  GetTimeZoneInformationForYear
         596  GetUserDefaultGeoName
         597  GetUserDefaultLCID
         598  GetUserDefaultLangID
         599  GetUserDefaultLocaleName
         600  GetUserDefaultUILanguage
         601  GetUserGeoID
         604  GetUserPreferredUILanguages
         605  GetVersion
         606  GetVersionExA
         607  GetVersionExW
         608  GetVolumeInformationA
         609  GetVolumeInformationByHandleW
         610  GetVolumeInformationW
         611  GetVolumeNameForVolumeMountPointW
         612  GetVolumePathNameW
         613  GetVolumePathNamesForVolumeNameW
         615  GetWindowsDirectoryA
         616  GetWindowsDirectoryW
         617  GetWriteWatch
         620  GlobalAlloc
         621  GlobalFree
         622  GlobalMemoryStatusEx
         624  HeapAlloc
         625  HeapCompact
         628  HeapFree
         629  HeapLock
         630  HeapQueryInformation
         631  HeapReAlloc
         632  HeapSetInformation
         633  HeapSize
         634  HeapSummary
         635  HeapUnlock
         636  HeapValidate
         637  HeapWalk
         638  IdnToAscii
         639  IdnToNameprepUnicode
         640  IdnToUnicode
         651  InitializeContext
         652  InitializeContext2
         654  InitializeCriticalSectionAndSpinCount
         655  InitializeCriticalSectionEx
         656  InitializeProcThreadAttributeList
         662  InitializeSynchronizationBarrier
         669  Internal_EnumCalendarInfo
         670  Internal_EnumDateFormats
         671  Internal_EnumLanguageGroupLocales
         672  Internal_EnumSystemCodePages
         673  Internal_EnumSystemLanguageGroups
         675  Internal_EnumTimeFormats
         676  Internal_EnumUILanguages
         694  IsDBCSLeadByte
         695  IsDBCSLeadByteEx
         696  IsDebuggerPresent
         698  IsNLSDefinedString
         699  IsNormalizedString
         700  IsProcessInJob
         701  IsProcessorFeaturePresent
         702  IsThreadAFiber
         706  IsValidCodePage
         707  IsValidLanguageGroup
         708  IsValidLocale
         709  IsValidLocaleName
         710  IsValidNLSVersion
         715  IsWow64Process
         716  IsWow64Process2
         717  K32EmptyWorkingSet
         718  K32EnumDeviceDrivers
         719  K32EnumPageFilesA
         720  K32EnumPageFilesW
         721  K32EnumProcessModules
         722  K32EnumProcessModulesEx
         723  K32EnumProcesses
         724  K32GetDeviceDriverBaseNameA
         725  K32GetDeviceDriverBaseNameW
         726  K32GetDeviceDriverFileNameA
         727  K32GetDeviceDriverFileNameW
         728  K32GetMappedFileNameA
         729  K32GetMappedFileNameW
         730  K32GetModuleBaseNameA
         731  K32GetModuleBaseNameW
         732  K32GetModuleFileNameExA
         733  K32GetModuleFileNameExW
         734  K32GetModuleInformation
         735  K32GetPerformanceInfo
         736  K32GetProcessImageFileNameA
         737  K32GetProcessImageFileNameW
         738  K32GetProcessMemoryInfo
         739  K32GetWsChanges
         740  K32GetWsChangesEx
         741  K32InitializeProcessForWsWatch
         742  K32QueryWorkingSet
         743  K32QueryWorkingSetEx
         744  KernelBaseGetGlobalData
         745  LCIDToLocaleName
         746  LCMapStringA
         747  LCMapStringEx
         748  LCMapStringW
         749  LeaveCriticalSection
         751  LoadAppInitDlls
         752  LoadLibraryA
         753  LoadLibraryExA
         754  LoadLibraryExW
         755  LoadLibraryW
         756  LoadPackagedLibrary
         757  LoadResource
         762  LocalAlloc
         763  LocalFileTimeToFileTime
         764  LocalFree
         765  LocalLock
         766  LocalReAlloc
         767  LocalUnlock
         768  LocaleNameToLCID
         769  LockFile
         770  LockFileEx
         771  LockResource
         776  MapUserPhysicalPages
         777  MapViewOfFile
         779  MapViewOfFileEx
         780  MapViewOfFileExNuma
         782  MoveFileExW
         783  MoveFileWithProgressW
         785  MultiByteToWideChar
         786  NeedCurrentDirectoryForExePathA
         787  NeedCurrentDirectoryForExePathW
         796  NlsValidateLocale
         798  NormalizeString
         805  OpenEventA
         806  OpenEventW
         807  OpenFileById
         809  OpenFileMappingW
         810  OpenMutexW
         811  OpenProcess
         812  OpenProcessToken
         814  OpenSemaphoreW
         815  OpenThread
         816  OpenThreadToken
         817  OpenWaitableTimerW
         819  OutputDebugStringW
         820  PackageIdFromFullName
         864  PathFindFileNameW
         928  PeekConsoleInputA
         929  PeekConsoleInputW
         930  PeekNamedPipe
         940  PostQueuedCompletionStatus
         941  PrefetchVirtualMemory
         945  ProcessIdToSessionId
         946  PulseEvent
         947  PurgeComm
         949  QueryActCtxSettingsW
         950  QueryActCtxW
         952  QueryDosDeviceW
         953  QueryFullProcessImageNameA
         954  QueryFullProcessImageNameW
         956  QueryIdleProcessorCycleTime
         957  QueryIdleProcessorCycleTimeEx
         960  QueryMemoryResourceNotification
         961  QueryPerformanceCounter
         962  QueryPerformanceFrequency
         964  QueryProcessCycleTime
         966  QueryThreadCycleTime
         967  QueryThreadpoolStackInformation
         968  QueryUnbiasedInterruptTime
         973  QueueUserAPC
         974  QueueUserAPC2
         975  QueueUserWorkItem
         978  RaiseException
         979  RaiseFailFastException
         980  ReOpenFile
         981  ReadConsoleA
         982  ReadConsoleInputA
         985  ReadConsoleInputW
         986  ReadConsoleOutputA
         987  ReadConsoleOutputAttribute
         988  ReadConsoleOutputCharacterA
         989  ReadConsoleOutputCharacterW
         990  ReadConsoleOutputW
         991  ReadConsoleW
         992  ReadDirectoryChangesW
         993  ReadFile
         994  ReadFileEx
         995  ReadFileScatter
         996  ReadProcessMemory
         997  RegCloseKey
         999  RegCreateKeyExA
        1000  RegCreateKeyExW
        1001  RegDeleteKeyExA
        1002  RegDeleteKeyExW
        1005  RegDeleteTreeA
        1006  RegDeleteTreeW
        1007  RegDeleteValueA
        1008  RegDeleteValueW
        1009  RegEnumKeyExA
        1010  RegEnumKeyExW
        1011  RegEnumValueA
        1012  RegEnumValueW
        1013  RegFlushKey
        1014  RegGetKeySecurity
        1015  RegGetValueA
        1016  RegGetValueW
        1019  RegLoadKeyA
        1020  RegLoadKeyW
        1021  RegLoadMUIStringA
        1022  RegLoadMUIStringW
        1023  RegNotifyChangeKeyValue
        1024  RegOpenCurrentUser
        1025  RegOpenKeyExA
        1026  RegOpenKeyExW
        1027  RegOpenUserClassesRoot
        1028  RegQueryInfoKeyA
        1029  RegQueryInfoKeyW
        1030  RegQueryValueExA
        1031  RegQueryValueExW
        1032  RegRestoreKeyA
        1033  RegRestoreKeyW
        1034  RegSaveKeyExA
        1035  RegSaveKeyExW
        1036  RegSetKeySecurity
        1039  RegSetValueExA
        1040  RegSetValueExW
        1041  RegUnLoadKeyA
        1042  RegUnLoadKeyW
        1044  RegisterWaitForSingleObjectEx
        1045  ReleaseActCtx
        1046  ReleaseMutex
        1050  ReleaseSemaphore
        1053  RemoveDirectoryA
        1054  RemoveDirectoryW
        1055  RemoveDllDirectory
        1058  ReplaceFileW
        1059  ResetEvent
        1060  ResetWriteWatch
        1061  ResizePseudoConsole
        1063  ResolveLocaleName
        1065  ResumeThread
        1096  ScrollConsoleScreenBufferA
        1097  ScrollConsoleScreenBufferW
        1098  SearchPathA
        1099  SearchPathW
        1101  SetCachedSigningLevel
        1102  SetCalendarInfoW
        1103  SetCommBreak
        1104  SetCommConfig
        1105  SetCommMask
        1106  SetCommState
        1107  SetCommTimeouts
        1108  SetComputerNameA
        1109  SetComputerNameExA
        1110  SetComputerNameExW
        1111  SetComputerNameW
        1112  SetConsoleActiveScreenBuffer
        1113  SetConsoleCP
        1114  SetConsoleCtrlHandler
        1115  SetConsoleCursorInfo
        1116  SetConsoleCursorPosition
        1117  SetConsoleDisplayMode
        1118  SetConsoleInputExeNameA
        1119  SetConsoleInputExeNameW
        1120  SetConsoleMode
        1121  SetConsoleOutputCP
        1122  SetConsoleScreenBufferInfoEx
        1123  SetConsoleScreenBufferSize
        1124  SetConsoleTextAttribute
        1125  SetConsoleTitleA
        1126  SetConsoleTitleW
        1127  SetConsoleWindowInfo
        1129  SetCurrentConsoleFontEx
        1130  SetCurrentDirectoryA
        1131  SetCurrentDirectoryW
        1132  SetDefaultDllDirectories
        1133  SetEndOfFile
        1134  SetEnvironmentStringsA
        1135  SetEnvironmentStringsW
        1136  SetEnvironmentVariableA
        1137  SetEnvironmentVariableW
        1138  SetErrorMode
        1139  SetEvent
        1141  SetFileApisToANSI
        1142  SetFileApisToOEM
        1143  SetFileAttributesA
        1144  SetFileAttributesW
        1145  SetFileInformationByHandle
        1146  SetFilePointer
        1147  SetFilePointerEx
        1149  SetFileTime
        1150  SetFileValidData
        1152  SetHandleInformation
        1156  SetLocalTime
        1157  SetLocaleInfoW
        1158  SetNamedPipeHandleState
        1159  SetPriorityClass
        1162  SetProcessAffinityUpdateMode
        1163  SetProcessDefaultCpuSets
        1165  SetProcessInformation
        1166  SetProcessMitigationPolicy
        1167  SetProcessPreferredUILanguages
        1168  SetProcessPriorityBoost
        1169  SetProcessShutdownParameters
        1170  SetProcessWorkingSetSizeEx
        1178  SetStdHandle
        1179  SetStdHandleEx
        1180  SetSystemFileCacheSize
        1181  SetSystemTime
        1182  SetSystemTimeAdjustment
        1183  SetThreadContext
        1184  SetThreadDescription
        1185  SetThreadErrorMode
        1186  SetThreadGroupAffinity
        1187  SetThreadIdealProcessor
        1188  SetThreadIdealProcessorEx
        1189  SetThreadInformation
        1190  SetThreadLocale
        1191  SetThreadPreferredUILanguages
        1192  SetThreadPriority
        1193  SetThreadPriorityBoost
        1194  SetThreadSelectedCpuSets
        1195  SetThreadStackGuarantee
        1197  SetThreadUILanguage
        1198  SetThreadpoolStackInformation
        1203  SetTimeZoneInformation
        1205  SetUnhandledExceptionFilter
        1206  SetUserGeoID
        1207  SetUserGeoName
        1208  SetWaitableTimer
        1209  SetWaitableTimerEx
        1210  SetupComm
        1211  SignalObjectAndWait
        1212  SizeofResource
        1213  Sleep
        1214  SleepConditionVariableCS
        1215  SleepConditionVariableSRW
        1216  SleepEx
        1278  SuspendThread
        1279  SwitchToFiber
        1280  SwitchToThread
        1281  SystemTimeToFileTime
        1282  SystemTimeToTzSpecificLocalTime
        1284  TerminateProcess
        1285  TerminateThread
        1286  TlsAlloc
        1287  TlsFree
        1288  TlsGetValue
        1289  TlsSetValue
        1293  TransactNamedPipe
        1294  TransmitCommChar
        1298  TrySubmitThreadpoolCallback
        1299  TzSpecificLocalTimeToSystemTime
        1301  UnhandledExceptionFilter
        1302  UnlockFile
        1303  UnlockFileEx
        1304  UnmapViewOfFile
        1306  UnmapViewOfFileEx
        1308  UnregisterWaitEx
        1309  UpdateProcThreadAttribute
        1339  VerLanguageNameA
        1340  VerLanguageNameW
        1346  VirtualAlloc
        1347  VirtualAllocEx
        1348  VirtualAllocExNuma
        1350  VirtualFree
        1351  VirtualFreeEx
        1352  VirtualLock
        1353  VirtualProtect
        1354  VirtualProtectEx
        1356  VirtualQuery
        1357  VirtualQueryEx
        1358  VirtualUnlock
        1359  WaitCommEvent
        1360  WaitForDebugEvent
        1361  WaitForDebugEventEx
        1362  WaitForMultipleObjects
        1363  WaitForMultipleObjectsEx
        1364  WaitForSingleObject
        1365  WaitForSingleObjectEx
        1370  WaitNamedPipeW
        1376  WerGetFlags
        1377  WerRegisterCustomMetadata
        1378  WerRegisterFile
        1379  WerRegisterMemoryBlock
        1380  WerRegisterRuntimeExceptionModule
        1381  WerSetFlags
        1382  WerUnregisterCustomMetadata
        1383  WerUnregisterFile
        1384  WerUnregisterMemoryBlock
        1385  WerUnregisterRuntimeExceptionModule
        1386  WideCharToMultiByte
        1387  Wow64DisableWow64FsRedirection
        1388  Wow64EnableWow64FsRedirection
        1389  Wow64GetThreadContext
        1390  Wow64RevertWow64FsRedirection
        1391  Wow64SetThreadContext
        1392  WriteConsoleA
        1393  WriteConsoleInputA
        1394  WriteConsoleInputW
        1395  WriteConsoleOutputA
        1396  WriteConsoleOutputAttribute
        1397  WriteConsoleOutputCharacterA
        1398  WriteConsoleOutputCharacterW
        1399  WriteConsoleOutputW
        1400  WriteConsoleW
        1401  WriteFile
        1402  WriteFileEx
        1403  WriteFileGather
        1404  WriteProcessMemory
        1405  ZombifyActCtx
        1407  __chkstk
        1409  lstrcmp
        1410  lstrcmpA
        1411  lstrcmpW
        1412  lstrcmpi
        1413  lstrcmpiA
        1414  lstrcmpiW
        1415  lstrcpyn
        1416  lstrcpynA
        1417  lstrcpynW
        1418  lstrlen
        1419  lstrlenA
        1420  lstrlenW

  lookup 000505a8 time 00000000 fwd 00000000 name 000573b3 addr 00052278

    DLL Name: ntdll.dll
    Hint/Ord  Name
          32  DbgUiGetThreadDebugObject
          33  DbgUiIssueRemoteBreakin
          73  LdrGetDllDirectory
          78  LdrGetProcedureAddress
          92  LdrSetDllDirectory
         115  NtAddAtom
         129  NtAssignProcessToJobObject
         136  NtClose
         149  NtCreateFile
         151  NtCreateJobObject
         156  NtCreateMailslotFile
         162  NtCreateSection
         164  NtCreateSemaphore
         175  NtDeleteAtom
         179  NtDeviceIoControlFile
         186  NtFindAtom
         194  NtFsControlFile
         224  NtOpenFile
         226  NtOpenJobObject
         243  NtPowerInformation
         245  NtProtectVirtualMemory
         255  NtQueryInformationAtom
         256  NtQueryInformationFile
         257  NtQueryInformationJobObject
         258  NtQueryInformationProcess
         259  NtQueryInformationThread
         269  NtQuerySection
         275  NtQuerySystemInformation
         277  NtQuerySystemTime
         320  NtSetInformationDebugObject
         321  NtSetInformationFile
         322  NtSetInformationJobObject
         325  NtSetInformationProcess
         326  NtSetInformationThread
         336  NtSetThreadExecutionState
         346  NtTerminateJobObject
         380  RtlAcquirePebLock
         396  RtlAddAtomToAtomTable
         412  RtlAllocateHeap
         415  RtlAnsiStringToUnicodeString
         428  RtlCaptureContext
         430  RtlCharToInteger
         463  RtlCreateAtomTable
         465  RtlCreateHeap
         476  RtlCreateUnicodeString
         477  RtlCreateUnicodeStringFromAsciiz
         495  RtlDeleteAtomFromAtomTable
         497  RtlDeleteCriticalSection
         510  RtlDeregisterWait
         513  RtlDestroyAtomTable
         516  RtlDestroyHeap
         519  RtlDetermineDosPathNameType_U
         522  RtlDosPathNameToNtPathName_U
         523  RtlDosPathNameToNtPathName_U_WithStatus
         534  RtlEnterCriticalSection
         548  RtlExitUserProcess
         549  RtlExitUserThread
         589  RtlFreeHeap
         593  RtlFreeUnicodeString
         628  RtlGetProcessHeaps
         638  RtlGetUserInfoHeap
         649  RtlImageNtHeader
         653  RtlInitAnsiString
         659  RtlInitUnicodeString
         664  RtlInitializeCriticalSection
         712  RtlIsNameLegalDOS8Dot3
         715  RtlIsTextUnicode
         721  RtlLeaveCriticalSection
         730  RtlLockHeap
         731  RtlLookupAtomInAtomTable
         748  RtlNtStatusToDosError
         755  RtlOemStringToUnicodeString
         769  RtlQueryAtomInAtomTable
         810  RtlRegisterWait
         814  RtlReleasePebLock
         824  RtlRestoreContext
         850  RtlSetIoCompletionCallback
         851  RtlSetLastWin32Error
         860  RtlSetSearchPathMode
         865  RtlSetUnhandledExceptionFilter
         868  RtlSetUserValueHeap
         880  RtlTimeFieldsToTime
         884  RtlTimeToTimeFields
         889  RtlUnicodeStringToAnsiSize
         890  RtlUnicodeStringToAnsiString
         892  RtlUnicodeStringToInteger
         893  RtlUnicodeStringToOemSize
         894  RtlUnicodeStringToOemString
         896  RtlUnicodeToMultiByteN
         897  RtlUnicodeToMultiByteSize
         898  RtlUnicodeToOemN
         901  RtlUnlockHeap
         902  RtlUnwind
         905  RtlUpcaseUnicodeString
         913  RtlUpperChar
        1454  __wine_dbg_header
        1455  __wine_dbg_output
        1456  __wine_dbg_strdup
        1319  _vsnprintf
        1324  _wcsicmp
        1327  _wcsnicmp
        1349  isalpha
        1353  islower
        1373  memchr
        1375  memcpy
        1377  memmove
        1379  memset
        1388  strcat
        1390  strchr
        1392  strcpy
        1395  strlen
        1402  strpbrk
        1403  strrchr
        1412  tolower
        1421  wcscat
        1423  wcschr
        1424  wcscmp
        1425  wcscpy
        1428  wcslen
        1431  wcsncmp
        1436  wcsrchr
        1443  wcstoul

Export Table:
 DLL name: KERNEL32.dll
 Ordinal base: 1
 Ordinal      RVA  Name
       1           AcquireSRWLockExclusive (forwarded to NTDLL.RtlAcquireSRWLockExclusive)
       2           AcquireSRWLockShared (forwarded to NTDLL.RtlAcquireSRWLockShared)
       3  0x3b2dc  ActivateActCtx
       4  0x222dc  AddAtomA
       5  0x224ac  AddAtomW
       6  0x3b2e8  AddConsoleAliasA
       7  0x3b2f4  AddConsoleAliasW
       8  0x3b300  AddDllDirectory
       9  0x3b30c  AddRefActCtx
      10           AddVectoredContinueHandler (forwarded to NTDLL.RtlAddVectoredContinueHandler)
      11           AddVectoredExceptionHandler (forwarded to NTDLL.RtlAddVectoredExceptionHandler)
      12  0x3b318  AllocConsole
      13  0x3b324  AllocateUserPhysicalPages
      14  0x3b330  AllocateUserPhysicalPagesNuma
      15  0x2c880  ApplicationRecoveryFinished
      16  0x2c8bc  ApplicationRecoveryInProgress
      17           AppPolicyGetMediaFoundationCodecLoading (forwarded to kernelbase.AppPolicyGetMediaFoundationCodecLoading)
      18           AppPolicyGetWindowingModel (forwarded to kernelbase.AppPolicyGetWindowingModel)
      19  0x3b33c  AreFileApisANSI
      20  0x35804  AssignProcessToJobObject
      21  0x3b348  AttachConsole
      22  0x36bac  BackupRead
      23  0x36ca4  BackupSeek
      24  0x36d04  BackupWrite
      25  0x10000  BaseAttachCompleteThunk
      26  0x10014  BaseCheckAppcompatCache
      27  0x10028  BaseCleanupAppcompatCache
      28  0x1003c  BaseCleanupAppcompatCacheSupport
      29  0x10050  BaseDumpAppcompatCache
      30  0x3b354  BaseFlushAppcompatCache
      31  0x3b360  BaseGetNamedObjectDirectory
      32  0x10064  BaseInitAppcompatCache
      33  0x10078  BaseInitAppcompatCacheSupport
      34  0x1008c  BaseProcessInitPostImport
      35  0x374e4  BaseThreadInitThunk
      36  0x100a0  BaseUpdateAppcompatCache
      37  0x3b36c  Beep
      38  0x32fe4  BeginUpdateResourceA
      39  0x32b74  BeginUpdateResourceW
      40  0x3696c  BindIoCompletionCallback
      41  0x22e78  BuildCommDCBA
      42  0x22f24  BuildCommDCBAndTimeoutsA
      43  0x23060  BuildCommDCBAndTimeoutsW
      44  0x23bb4  BuildCommDCBW
      45  0x3b384  CallbackMayRunLong
      46  0x36028  CallNamedPipeA
      47  0x3b378  CallNamedPipeW
      48  0x100b4  CancelDeviceWakeupRequest
      49  0x3b390  CancelIo
      50  0x3b39c  CancelIoEx
      51  0x3b3a8  CancelSynchronousIo
      52           CancelThreadpoolIo (forwarded to NTDLL.TpCancelAsyncIoOperation)
      53  0x35a18  CancelTimerQueueTimer
      54  0x3b3b4  CancelWaitableTimer
      55  0x3b3c0  ChangeTimerQueueTimer
      56  0x2aeac  CheckNameLegalDOS8Dot3A
      57  0x2af5c  CheckNameLegalDOS8Dot3W
      58  0x3b3cc  CheckRemoteDebuggerPresent
      59  0x3b3d8  ClearCommBreak
      60  0x3b3e4  ClearCommError
      61  0x249a0  CloseConsoleHandle
      62  0x3b3f0  CloseHandle
      63  0x316fc  CloseProfileUserMapping
      64  0x3b3fc  ClosePseudoConsole
      65  0x100c8  CloseSystemHandle
      66           CloseThreadpool (forwarded to NTDLL.TpReleasePool)
      67           CloseThreadpoolCleanupGroup (forwarded to NTDLL.TpReleaseCleanupGroup)
      68           CloseThreadpoolCleanupGroupMembers (forwarded to NTDLL.TpReleaseCleanupGroupMembers)
      69           CloseThreadpoolIo (forwarded to NTDLL.TpReleaseIoCompletion)
      70           CloseThreadpoolTimer (forwarded to NTDLL.TpReleaseTimer)
      71           CloseThreadpoolWait (forwarded to NTDLL.TpReleaseWait)
      72           CloseThreadpoolWork (forwarded to NTDLL.TpReleaseWork)
      73  0x2c508  CmdBatNotification
      74  0x23bbc  CommConfigDialogA
      75  0x23e78  CommConfigDialogW
      76  0x3b408  CompareFileTime
      77  0x3b414  CompareStringA
      78  0x3b420  CompareStringEx
      79  0x3b42c  CompareStringOrdinal
      80  0x3b438  CompareStringW
      81  0x3b444  ConnectNamedPipe
      82  0x100dc  ConsoleMenuControl
      83  0x100f0  ConsoleSubst
      84  0x3b450  ContinueDebugEvent
      85  0x3b45c  ConvertDefaultLocale
      86  0x3b468  ConvertFiberToThread
      87  0x3b474  ConvertThreadToFiber
      88  0x3b480  ConvertThreadToFiberEx
      89  0x2bba4  ConvertToGlobalHandle
      90  0x3b48c  CopyContext
      91  0x3b498  CopyFile2
      92  0x29a9c  CopyFileA
      93  0x29b18  CopyFileExA
      94  0x3b4a4  CopyFileExW
      95  0x3b4b0  CopyFileW
      96  0x2879c  CopyLZFile
      97  0x2be0c  CreateActCtxA
      98  0x3b4bc  CreateActCtxW
      99  0x26a18  CreateBoundaryDescriptorA
     100  0x3b4c8  CreateBoundaryDescriptorW
     101  0x3b4d4  CreateConsoleScreenBuffer
     102  0x3b4e0  CreateDirectoryA
     103  0x2a080  CreateDirectoryExA
     104  0x3b4ec  CreateDirectoryExW
     105  0x29fa4  CreateDirectoryTransactedA
     106  0x2a104  CreateDirectoryTransactedW
     107  0x3b4f8  CreateDirectoryW
     108  0x3b504  CreateEventA
     109  0x3b510  CreateEventExA
     110  0x3b51c  CreateEventExW
     111  0x3b528  CreateEventW
     112  0x3b534  CreateFiber
     113  0x3b540  CreateFiberEx
     114  0x3b54c  CreateFile2
     115  0x3b558  CreateFileA
     116  0x29e1c  CreateFileTransactedA
     117  0x35a20  CreateFileMappingA
     118           CreateFileMappingFromApp (forwarded to kernelbase.CreateFileMappingFromApp)
     119  0x3b564  CreateFileMappingNumaW
     120  0x3b570  CreateFileMappingW
     121  0x3b57c  CreateFileW
     122  0x29ee0  CreateFileTransactedW
     123  0x3b588  CreateHardLinkA
     124  0x2adb4  CreateHardLinkTransactedA
     125  0x2ae30  CreateHardLinkTransactedW
     126  0x3b594  CreateHardLinkW
     127  0x3b5a0  CreateIoCompletionPort
     128  0x353cc  CreateJobObjectA
     129  0x35300  CreateJobObjectW
     130  0x10104  CreateKernelThread
     131  0x3635c  CreateMailslotA
     132  0x36468  CreateMailslotW
     133  0x3b5ac  CreateMemoryResourceNotification
     134  0x3b5b8  CreateMutexA
     135  0x3b5c4  CreateMutexExA
     136  0x3b5d0  CreateMutexExW
     137  0x3b5dc  CreateMutexW
     138  0x35b5c  CreateNamedPipeA
     139  0x3b5e8  CreateNamedPipeW
     140  0x3b5f4  CreatePipe
     141  0x3b600  CreateProcessA
     142  0x3b60c  CreateProcessAsUserA
     143  0x3b618  CreateProcessAsUserW
     144  0x3b624  CreateProcessInternalA
     145  0x3b630  CreateProcessInternalW
     146  0x3b63c  CreateProcessW
     147  0x3b648  CreatePseudoConsole
     148  0x3b654  CreateRemoteThread
     149  0x3b660  CreateRemoteThreadEx
     150  0x35110  CreateSemaphoreA
     151  0x351c4  CreateSemaphoreExA
     152  0x3b66c  CreateSemaphoreExW
     153  0x3b678  CreateSemaphoreW
     154  0x2bc68  CreateSocketHandle
     155  0x2ad38  CreateSymbolicLinkA
     156  0x3b684  CreateSymbolicLinkW
     157  0x36d70  CreateTapePartition
     158  0x3b690  CreateThread
     159  0x3b69c  CreateThreadpool
     160  0x3b6a8  CreateThreadpoolCleanupGroup
     161  0x3b6b4  CreateThreadpoolIo
     162  0x3b6c0  CreateThreadpoolTimer
     163  0x3b6cc  CreateThreadpoolWait
     164  0x3b6d8  CreateThreadpoolWork
     165  0x3b6e4  CreateTimerQueue
     166  0x3b6f0  CreateTimerQueueTimer
     167  0x376f0  CreateToolhelp32Snapshot
     168  0x2d5d4  CreateUmsCompletionList
     169  0x2d618  CreateUmsThreadContext
     170  0x10118  CreateVirtualBuffer
     171  0x3584c  CreateWaitableTimerA
     172  0x358ec  CreateWaitableTimerExA
     173  0x3b6fc  CreateWaitableTimerExW
     174  0x3b708  CreateWaitableTimerW
     175           CtrlRoutine (forwarded to kernelbase.CtrlRoutine)
     176  0x3b714  DeactivateActCtx
     177  0x3b720  DebugActiveProcess
     178  0x3b72c  DebugActiveProcessStop
     179  0x3b738  DebugBreak
     180  0x2507c  DebugBreakProcess
     181  0x250c4  DebugSetProcessKillOnExit
     182           DecodePointer (forwarded to NTDLL.RtlDecodePointer)
     183           DecodeSystemPointer (forwarded to NTDLL.RtlDecodeSystemPointer)
     184  0x3a5a8  DefineDosDeviceA
     185  0x3b744  DefineDosDeviceW
     186  0x3b750  DelayLoadFailureHook
     187  0x2260c  DeleteAtom
     188           DeleteCriticalSection (forwarded to NTDLL.RtlDeleteCriticalSection)
     189  0x3b75c  DeleteFiber
     190  0x3b768  DeleteFileA
     191  0x2a180  DeleteFileTransactedA
     192  0x2a1d0  DeleteFileTransactedW
     193  0x3b774  DeleteFileW
     194  0x3b780  DeleteProcThreadAttributeList
     195           DisassociateCurrentThreadFromCallback (forwarded to NTDLL.TpDisassociateCallback)
     196           DiscardVirtualMemory (forwarded to kernelbase.DiscardVirtualMemory)
     197  0x3b78c  DeleteSynchronizationBarrier
     198  0x35a10  DeleteTimerQueue
     199  0x3b798  DeleteTimerQueueEx
     200  0x3b7a4  DeleteTimerQueueTimer
     201  0x2d65c  DeleteUmsCompletionList
     202  0x2d6a0  DeleteUmsThreadContext
     203  0x3ac44  DeleteVolumeMountPointA
     204  0x3b7b0  DeleteVolumeMountPointW
     205  0x2d6e4  DequeueUmsCompletionListItems
     206  0x25b54  DeviceIoControl
     207  0x3b7c8  DisableThreadLibraryCalls
     208  0x3b7d4  DisconnectNamedPipe
     209  0x2449c  DnsHostnameToComputerNameA
     210  0x245d4  DnsHostnameToComputerNameW
     211  0x258a0  DosDateTimeToFileTime
     212  0x24968  DuplicateConsoleHandle
     213  0x3b7ec  DuplicateHandle
     214           EncodePointer (forwarded to NTDLL.RtlEncodePointer)
     215           EncodeSystemPointer (forwarded to NTDLL.RtlEncodeSystemPointer)
     216  0x33bdc  EndUpdateResourceA
     217  0x33034  EndUpdateResourceW
     218           EnterCriticalSection (forwarded to NTDLL.RtlEnterCriticalSection)
     219  0x27094  EnumCalendarInfoA
     220  0x270f0  EnumCalendarInfoExA
     221  0x3b810  EnumCalendarInfoExEx
     222  0x3b81c  EnumCalendarInfoExW
     223  0x3b828  EnumCalendarInfoW
     224  0x27198  EnumDateFormatsA
     225  0x2714c  EnumDateFormatsExA
     226  0x3b834  EnumDateFormatsExEx
     227  0x3b840  EnumDateFormatsExW
     228  0x3b84c  EnumDateFormatsW
     229  0x2708c  EnumLanguageGroupLocalesA
     230  0x3b858  EnumLanguageGroupLocalesW
     231  0x32b5c  EnumResourceLanguagesA
     232  0x3b864  EnumResourceLanguagesExA
     233  0x3b870  EnumResourceLanguagesExW
     234  0x32b68  EnumResourceLanguagesW
     235  0x32b50  EnumResourceNamesA
     236  0x3b87c  EnumResourceNamesExA
     237  0x3b888  EnumResourceNamesExW
     238  0x3b894  EnumResourceNamesW
     239  0x32b38  EnumResourceTypesA
     240  0x3b8a0  EnumResourceTypesExA
     241  0x3b8ac  EnumResourceTypesExW
     242  0x32b44  EnumResourceTypesW
     243  0x3b804  EnterSynchronizationBarrier
     244  0x26ec0  EnumSystemCodePagesA
     245  0x3b8b8  EnumSystemCodePagesW
     246  0x3b8c4  EnumSystemFirmwareTables
     247  0x3b8d0  EnumSystemGeoID
     248  0x27084  EnumSystemLanguageGroupsA
     249  0x3b8dc  EnumSystemLanguageGroupsW
     250  0x3b8e8  EnumSystemLocalesA
     251  0x3b8f4  EnumSystemLocalesEx
     252  0x3b900  EnumSystemLocalesW
     253  0x271e4  EnumTimeFormatsA
     254  0x3b90c  EnumTimeFormatsEx
     255  0x3b918  EnumTimeFormatsW
     256  0x2727c  EnumUILanguagesA
     257  0x3b924  EnumUILanguagesW
     258  0x2d730  EnterUmsSchedulingMode
     259  0x36e2c  EraseTape
     260  0x3b930  EscapeCommFunction
     261  0x2d774  ExecuteUmsThread
     262  0x2ba6c  ExitProcess
     263           ExitThread (forwarded to NTDLL.RtlExitUserThread)
     264  0x1012c  ExitVDM
     265  0x3b948  ExpandEnvironmentStringsA
     266  0x3b954  ExpandEnvironmentStringsW
     267  0x3b960  ExpungeConsoleCommandHistoryA
     268  0x3b96c  ExpungeConsoleCommandHistoryW
     269  0x10140  ExtendVirtualBuffer
     270  0x3b978  FatalAppExitA
     271  0x3b984  FatalAppExitW
     272  0x2bae8  FatalExit
     273  0x25920  FileTimeToDosDateTime
     274  0x3b990  FileTimeToLocalFileTime
     275  0x3b99c  FileTimeToSystemTime
     276  0x3b9a8  FillConsoleOutputAttribute
     277  0x3b9b4  FillConsoleOutputCharacterA
     278  0x3b9c0  FillConsoleOutputCharacterW
     279  0x3b9cc  FindActCtxSectionGuid
     280  0x2c188  FindActCtxSectionStringA
     281  0x3b9d8  FindActCtxSectionStringW
     282  0x22794  FindAtomA
     283  0x22964  FindAtomW
     284  0x3b9e4  FindClose
     285  0x3b9f0  FindCloseChangeNotification
     286  0x3b9fc  FindFirstChangeNotificationA
     287  0x3ba08  FindFirstChangeNotificationW
     288  0x3ba14  FindFirstFileA
     289  0x3ba20  FindFirstFileExA
     290  0x3ba2c  FindFirstFileExW
     291  0x3ba38  FindFirstFileNameW
     292  0x2a220  FindFirstFileTransactedA
     293  0x2a2c4  FindFirstFileTransactedW
     294  0x3ba44  FindFirstFileW
     295  0x3ba50  FindFirstStreamW
     296  0x3a9f4  FindFirstVolumeA
     297  0x3ab4c  FindFirstVolumeMountPointA
     298  0x3abac  FindFirstVolumeMountPointW
     299  0x3ba5c  FindFirstVolumeW
     300  0x3ba80  FindNextChangeNotification
     301  0x3ba8c  FindNextFileA
     302  0x3ba98  FindNextFileW
     303  0x3baa4  FindNextStreamW
     304  0x3aa9c  FindNextVolumeA
     305  0x10154  FindNextVolumeMountPointA
     306  0x10168  FindNextVolumeMountPointW
     307  0x3bab0  FindNextVolumeW
     308  0x3ba68  FindNLSString
     309  0x3ba74  FindNLSStringEx
     310  0x32b24  FindResourceA
     311  0x326a0  FindResourceExA
     312  0x3babc  FindResourceExW
     313  0x3bac8  FindResourceW
     314  0x3bad4  FindStringOrdinal
     315  0x3bae0  FindVolumeClose
     316  0x3ac0c  FindVolumeMountPointClose
     317  0x3baec  FlsAlloc
     318  0x3baf8  FlsFree
     319  0x3bb04  FlsGetValue
     320  0x3bb10  FlsSetValue
     321  0x3bb1c  FlushConsoleInputBuffer
     322  0x3bb28  FlushFileBuffers
     323  0x3bb34  FlushInstructionCache
     324           FlushProcessWriteBuffers (forwarded to NTDLL.NtFlushProcessWriteBuffers)
     325  0x3bb40  FlushViewOfFile
     326  0x26ecc  FoldStringA
     327  0x3bb4c  FoldStringW
     328  0x3bb58  FormatMessageA
     329  0x3bb64  FormatMessageW
     330  0x3bb70  FreeConsole
     331  0x3bb7c  FreeEnvironmentStringsA
     332  0x3bb88  FreeEnvironmentStringsW
     333  0x3bb94  FreeLibrary
     334  0x37500  FreeLibraryAndExitThread
     335           FreeLibraryWhenCallbackReturns (forwarded to NTDLL.TpCallbackUnloadDllOnCompletion)
     336  0x3bba0  FreeResource
     337  0x3bbac  FreeUserPhysicalPages
     338  0x1017c  FreeVirtualBuffer
     339  0x3bbb8  GenerateConsoleCtrlEvent
     340  0x3bbc4  GetACP
     341  0x2ca38  GetActiveProcessorCount
     342  0x2c948  GetActiveProcessorGroupCount
     343  0x3bbd0  GetApplicationRestartSettings
     344  0x22c64  GetAtomNameA
     345  0x22d24  GetAtomNameW
     346  0x2937c  GetBinaryType
     347  0x2937c  GetBinaryTypeA
     348  0x28f08  GetBinaryTypeW
     349  0x3bbdc  GetCPInfo
     350  0x26e2c  GetCPInfoExA
     351  0x3bbe8  GetCPInfoExW
     352  0x27284  GetCalendarInfoA
     353  0x3bc00  GetCalendarInfoW
     354  0x3bbf4  GetCalendarInfoEx
     355  0x3bc0c  GetCommConfig
     356  0x3bc18  GetCommMask
     357  0x3bc24  GetCommModemStatus
     358  0x3bc30  GetCommProperties
     359  0x3bc3c  GetCommState
     360  0x3bc48  GetCommTimeouts
     361  0x3bc54  GetCommandLineA
     362  0x3bc60  GetCommandLineW
     363  0x3bc6c  GetCompressedFileSizeA
     364  0x3bc78  GetCompressedFileSizeW
     365  0x24364  GetComputerNameA
     366  0x3bc84  GetComputerNameExA
     367  0x3bc90  GetComputerNameExW
     368  0x2432c  GetComputerNameW
     369  0x3bc9c  GetConsoleAliasA
     370  0x10190  GetConsoleAliasExesA
     371  0x3bca8  GetConsoleAliasExesLengthA
     372  0x3bcb4  GetConsoleAliasExesLengthW
     373  0x101a4  GetConsoleAliasExesW
     374  0x3bcc0  GetConsoleAliasW
     375  0x101b8  GetConsoleAliasesA
     376  0x3bccc  GetConsoleAliasesLengthA
     377  0x3bcd8  GetConsoleAliasesLengthW
     378  0x101cc  GetConsoleAliasesW
     379  0x3bce4  GetConsoleCP
     380  0x101e0  GetConsoleCharType
     381  0x3bcf0  GetConsoleCommandHistoryA
     382  0x3bcfc  GetConsoleCommandHistoryLengthA
     383  0x3bd08  GetConsoleCommandHistoryLengthW
     384  0x3bd14  GetConsoleCommandHistoryW
     385  0x3bd20  GetConsoleCursorInfo
     386  0x101f4  GetConsoleCursorMode
     387  0x3bd2c  GetConsoleDisplayMode
     388  0x24b14  GetConsoleFontInfo
     389  0x3bd38  GetConsoleFontSize
     390  0x10208  GetConsoleHardwareState
     391  0x3bd44  GetConsoleInputExeNameA
     392  0x3bd50  GetConsoleInputExeNameW
     393  0x249a4  GetConsoleInputWaitHandle
     394  0x249ac  GetConsoleKeyboardLayoutNameA
     395  0x249e4  GetConsoleKeyboardLayoutNameW
     396  0x3bd5c  GetConsoleMode
     397  0x1021c  GetConsoleNlsMode
     398  0x3bd68  GetConsoleOriginalTitleA
     399  0x3bd74  GetConsoleOriginalTitleW
     400  0x3bd80  GetConsoleOutputCP
     401  0x3bd8c  GetConsoleProcessList
     402  0x3bd98  GetConsoleScreenBufferInfo
     403  0x3bda4  GetConsoleScreenBufferInfoEx
     404  0x3bdb0  GetConsoleTitleA
     405  0x3bdbc  GetConsoleTitleW
     406  0x3bdc8  GetConsoleWindow
     407  0x27770  GetCurrencyFormatA
     408  0x3bdd4  GetCurrencyFormatEx
     409  0x3bde0  GetCurrencyFormatW
     410  0x3bdec  GetCurrentActCtx
     411  0x3bdf8  GetCurrentConsoleFont
     412  0x3be04  GetCurrentConsoleFontEx
     413  0x3be10  GetCurrentDirectoryA
     414  0x3be1c  GetCurrentDirectoryW
     415           GetCurrentApplicationUserModelId (forwarded to kernelbase.GetCurrentApplicationUserModelId)
     416           GetCurrentPackageFamilyName (forwarded to kernelbase.GetCurrentPackageFamilyName)
     417           GetCurrentPackageFullName (forwarded to kernelbase.GetCurrentPackageFullName)
     418           GetCurrentPackageId (forwarded to kernelbase.GetCurrentPackageId)
     419           GetCurrentPackageInfo (forwarded to kernelbase.GetCurrentPackageInfo)
     420           GetCurrentPackagePath (forwarded to kernelbase.GetCurrentPackagePath)
     421  0x2be04  GetCurrentProcess
     422  0x376d8  GetCurrentProcessId
     423           GetCurrentProcessorNumber (forwarded to NTDLL.NtGetCurrentProcessorNumber)
     424           GetCurrentProcessorNumberEx (forwarded to NTDLL.RtlGetCurrentProcessorNumberEx)
     425  0x376d0  GetCurrentThread
     426  0x376e4  GetCurrentThreadId
     427  0x3be28  GetCurrentThreadStackLimits
     428  0x2d7b8  GetCurrentUmsThread
     429  0x3be34  GetDateFormatA
     430  0x3be40  GetDateFormatEx
     431  0x3be4c  GetDateFormatW
     432  0x26e9c  GetDaylightFlag
     433  0x241c8  GetDefaultCommConfigA
     434  0x240f0  GetDefaultCommConfigW
     435  0x10230  GetDefaultSortkeySize
     436  0x2b2c4  GetDevicePowerState
     437  0x3be58  GetDiskFreeSpaceA
     438  0x3be64  GetDiskFreeSpaceExA
     439  0x3be70  GetDiskFreeSpaceExW
     440  0x3be7c  GetDiskFreeSpaceW
     441  0x3be88  GetDiskSpaceInformationA
     442  0x3be94  GetDiskSpaceInformationW
     443  0x28c20  GetDllDirectoryA
     444  0x28d78  GetDllDirectoryW
     445  0x3bea0  GetDriveTypeA
     446  0x3beac  GetDriveTypeW
     447  0x3beb8  GetDynamicTimeZoneInformation
     448  0x3bec4  GetDynamicTimeZoneInformationEffectiveYears
     449  0x3bed0  GetEnvironmentStrings
     450  0x3bedc  GetEnvironmentStringsA
     451  0x3bee8  GetEnvironmentStringsW
     452  0x3bef4  GetEnvironmentVariableA
     453  0x3bf00  GetEnvironmentVariableW
     454  0x3bf0c  GetErrorMode
     455  0x2ba80  GetExitCodeProcess
     456  0x3bf18  GetExitCodeThread
     457  0x27e78  GetExpandedNameA
     458  0x280a0  GetExpandedNameW
     459  0x3bf24  GetFileAttributesA
     460  0x3bf30  GetFileAttributesExA
     461  0x3bf3c  GetFileAttributesExW
     462  0x2a368  GetFileAttributesTransactedA
     463  0x2a3d0  GetFileAttributesTransactedW
     464  0x3bf48  GetFileAttributesW
     465  0x3bf54  GetFileInformationByHandle
     466  0x3bf60  GetFileInformationByHandleEx
     467  0x3bf6c  GetFileMUIInfo
     468  0x3bf78  GetFileMUIPath
     469  0x3bf84  GetFileSize
     470  0x3bf90  GetFileSizeEx
     471  0x3bf9c  GetFileTime
     472  0x3bfa8  GetFileType
     473  0x3bfb4  GetFinalPathNameByHandleA
     474  0x3bfc0  GetFinalPathNameByHandleW
     475  0x2d158  GetFirmwareEnvironmentVariableA
     476  0x2d1d4  GetFirmwareEnvironmentVariableW
     477  0x2d348  GetFirmwareType
     478  0x3bfcc  GetFullPathNameA
     479  0x3bfd8  GetFullPathNameW
     480  0x27990  GetGeoInfoA
     481  0x3bff0  GetGeoInfoW
     482  0x3bfe4  GetGeoInfoEx
     483  0x2bc24  GetHandleContext
     484  0x3bffc  GetHandleInformation
     485  0x3c008  GetLargePageMinimum
     486  0x3c014  GetLargestConsoleWindowSize
     487  0x3c020  GetLastError
     488  0x10244  GetLinguistLangSize
     489  0x3c02c  GetLocalTime
     490  0x3c038  GetLocaleInfoA
     491  0x3c050  GetLocaleInfoW
     492  0x3c044  GetLocaleInfoEx
     493  0x3a6e8  GetLogicalDriveStringsA
     494  0x3c05c  GetLogicalDriveStringsW
     495  0x3c068  GetLogicalDrives
     496  0x3c074  GetLogicalProcessorInformation
     497  0x3c080  GetLogicalProcessorInformationEx
     498  0x3c08c  GetLongPathNameA
     499  0x3c098  GetLongPathNameW
     500  0x3679c  GetMailslotInfo
     501  0x2cd94  GetMaximumProcessorCount
     502  0x2d0f0  GetMaximumProcessorGroupCount
     503  0x3c0a4  GetModuleFileNameA
     504  0x3c0b0  GetModuleFileNameW
     505  0x3c0bc  GetModuleHandleA
     506  0x3c0c8  GetModuleHandleExA
     507  0x3c0d4  GetModuleHandleExW
     508  0x3c0e0  GetModuleHandleW
     509  0x3c0ec  GetNLSVersion
     510  0x3c0f8  GetNLSVersionEx
     511  0x35cb0  GetNamedPipeClientProcessId
     512  0x35da8  GetNamedPipeClientSessionId
     513  0x35efc  GetNamedPipeHandleStateA
     514  0x3c104  GetNamedPipeHandleStateW
     515  0x3c110  GetNamedPipeInfo
     516  0x35d2c  GetNamedPipeServerProcessId
     517  0x35e98  GetNamedPipeServerSessionId
     518  0x3c11c  GetNativeSystemInfo
     519  0x2d7f8  GetNextUmsListItem
     520  0x10258  GetNextVDMCommand
     521  0x1026c  GetNlsSectionName
     522  0x2d3a0  GetNumaAvailableMemoryNode
     523  0x2d3e8  GetNumaAvailableMemoryNodeEx
     524  0x3c128  GetNumaHighestNodeNumber
     525  0x2d358  GetNumaNodeProcessorMask
     526  0x3c134  GetNumaNodeProcessorMaskEx
     527  0x2d430  GetNumaProcessorNode
     528  0x2d4ac  GetNumaProcessorNodeEx
     529  0x2d4c0  GetNumaProximityNode
     530  0x3c140  GetNumaProximityNodeEx
     531  0x273bc  GetNumberFormatA
     532  0x3c14c  GetNumberFormatEx
     533  0x3c158  GetNumberFormatW
     534  0x24a74  GetNumberOfConsoleFonts
     535  0x3c164  GetNumberOfConsoleInputEvents
     536  0x3c170  GetNumberOfConsoleMouseButtons
     537  0x3c17c  GetOEMCP
     538  0x3c188  GetOverlappedResult
     539  0x3c194  GetOverlappedResultEx
     540  0x3c4b8  GetUserDefaultGeoName
     541  0x3c500  GetUserPreferredUILanguages
     542           GetPackageFamilyName (forwarded to kernelbase.GetPackageFamilyName)
     543           GetPackageFullName (forwarded to kernelbase.GetPackageFullName)
     544           GetPackagesByPackageFamily (forwarded to kernelbase.GetPackagesByPackageFamily)
     545           GetPackagePathByFullName (forwarded to kernelbase.GetPackagePathByFullName)
     546  0x3c1a0  GetPhysicallyInstalledSystemMemory
     547  0x3c1ac  GetPriorityClass
     548  0x2d9e4  GetPrivateProfileIntA
     549  0x2db58  GetPrivateProfileIntW
     550  0x2fa0c  GetPrivateProfileSectionA
     551  0x30fc8  GetPrivateProfileSectionNamesA
     552  0x2e054  GetPrivateProfileSectionNamesW
     553  0x2f954  GetPrivateProfileSectionW
     554  0x2f490  GetPrivateProfileStringA
     555  0x2dbc8  GetPrivateProfileStringW
     556  0x312d8  GetPrivateProfileStructA
     557  0x310d4  GetPrivateProfileStructW
     558  0x29678  GetProcAddress
     559  0x2bd00  GetProcessAffinityMask
     560  0x2d4d4  GetProcessDEPPolicy
     561  0x2bb24  GetProcessFlags
     562  0x3c1b8  GetProcessGroupAffinity
     563  0x3c1c4  GetProcessHandleCount
     564  0x3c1d0  GetProcessHeap
     565  0x3d850  GetProcessHeaps
     566  0x3c1dc  GetProcessId
     567  0x3c1e8  GetProcessIdOfThread
     568  0x3c1f4  GetProcessInformation
     569  0x2bda4  GetProcessIoCounters
     570  0x3c200  GetProcessMitigationPolicy
     571  0x3c20c  GetProcessPreferredUILanguages
     572  0x3c218  GetProcessPriorityBoost
     573  0x3c224  GetProcessShutdownParameters
     574  0x3c230  GetProcessTimes
     575  0x3c23c  GetProcessVersion
     576  0x2bd9c  GetProcessWorkingSetSize
     577  0x3c248  GetProcessWorkingSetSizeEx
     578  0x3c254  GetProductInfo
     579  0x10280  GetProductName
     580  0x2d9d8  GetProfileIntA
     581  0x2dae4  GetProfileIntW
     582  0x2fbcc  GetProfileSectionA
     583  0x2fbd8  GetProfileSectionW
     584  0x2f61c  GetProfileStringA
     585  0x2f628  GetProfileStringW
     586  0x3c260  GetQueuedCompletionStatus
     587  0x3c26c  GetQueuedCompletionStatusEx
     588  0x296dc  GetShortPathNameA
     589  0x3c278  GetShortPathNameW
     590  0x26730  GetStartupInfoA
     591  0x3c284  GetStartupInfoW
     592  0x3c290  GetStdHandle
     593  0x3c29c  GetStringTypeA
     594  0x26ec8  GetStringTypeExA
     595  0x3c2a8  GetStringTypeExW
     596  0x3c2b4  GetStringTypeW
     597  0x3c2c0  GetSystemCpuSetInformation
     598  0x3c2fc  GetSystemFileCacheSize
     599  0x3c2cc  GetSystemDefaultLCID
     600  0x3c2d8  GetSystemDefaultLangID
     601  0x3c2e4  GetSystemDefaultLocaleName
     602  0x3c2f0  GetSystemDefaultUILanguage
     603  0x2c7c0  GetSystemDEPPolicy
     604  0x2a628  GetSystemDirectoryA
     605  0x2a5ec  GetSystemDirectoryW
     606  0x3c308  GetSystemFirmwareTable
     607  0x3c314  GetSystemInfo
     608  0x2b38c  GetSystemPowerStatus
     609  0x3c320  GetSystemPreferredUILanguages
     610  0x26920  GetSystemRegistryQuota
     611  0x3c32c  GetSystemTime
     612  0x3c338  GetSystemTimeAdjustment
     613  0x3c344  GetSystemTimeAsFileTime
     614  0x3c350  GetSystemTimePreciseAsFileTime
     615  0x3c35c  GetSystemTimes
     616  0x3c368  GetSystemWindowsDirectoryA
     617  0x3c374  GetSystemWindowsDirectoryW
     618  0x3c380  GetSystemWow64DirectoryA
     619  0x3c38c  GetSystemWow64DirectoryW
     620  0x36ed4  GetTapeParameters
     621  0x3700c  GetTapePosition
     622  0x370f4  GetTapeStatus
     623  0x3c398  GetTempFileNameA
     624  0x3c3a4  GetTempFileNameW
     625  0x3c3b0  GetTempPath2A
     626  0x3c3bc  GetTempPath2W
     627  0x3c3c8  GetTempPathA
     628  0x3c3d4  GetTempPathW
     629  0x3c3e0  GetThreadContext
     630  0x3c3ec  GetThreadDescription
     631  0x3c3f8  GetThreadErrorMode
     632  0x3c404  GetThreadGroupAffinity
     633  0x3c410  GetThreadIOPendingFlag
     634  0x3c41c  GetThreadId
     635  0x3c428  GetThreadIdealProcessorEx
     636  0x3c434  GetThreadLocale
     637  0x3c440  GetThreadPreferredUILanguages
     638  0x3c44c  GetThreadPriority
     639  0x3c458  GetThreadPriorityBoost
     640  0x37668  GetThreadSelectorEntry
     641  0x3c464  GetThreadTimes
     642  0x3c470  GetThreadUILanguage
     643  0x34f48  GetTickCount
     644  0x34f24  GetTickCount64
     645  0x3c47c  GetTimeFormatA
     646  0x3c488  GetTimeFormatEx
     647  0x3c494  GetTimeFormatW
     648  0x3c4a0  GetTimeZoneInformation
     649  0x3c4ac  GetTimeZoneInformationForYear
     650  0x2d83c  GetUmsCompletionListEvent
     651  0x3c4c4  GetUserDefaultLCID
     652  0x3c4d0  GetUserDefaultLangID
     653  0x3c4dc  GetUserDefaultLocaleName
     654  0x3c4e8  GetUserDefaultUILanguage
     655  0x3c4f4  GetUserGeoID
     656  0x10294  GetVDMCurrentDirectories
     657  0x3c50c  GetVersion
     658  0x3c518  GetVersionExA
     659  0x3c524  GetVersionExW
     660  0x3c530  GetVolumeInformationA
     661  0x3c53c  GetVolumeInformationByHandleW
     662  0x3c548  GetVolumeInformationW
     663  0x3a310  GetVolumeNameForVolumeMountPointA
     664  0x3c554  GetVolumeNameForVolumeMountPointW
     665  0x3a7f4  GetVolumePathNameA
     666  0x3c560  GetVolumePathNameW
     667  0x3a8e4  GetVolumePathNamesForVolumeNameA
     668  0x3c56c  GetVolumePathNamesForVolumeNameW
     669  0x3c578  GetWindowsDirectoryA
     670  0x3c584  GetWindowsDirectoryW
     671  0x3c590  GetWriteWatch
     672  0x221a4  GlobalAddAtomA
     673  0x22424  GlobalAddAtomW
     674  0x3c59c  GlobalAlloc
     675  0x2665c  GlobalCompact
     676  0x225b8  GlobalDeleteAtom
     677  0x226d0  GlobalFindAtomA
     678  0x228dc  GlobalFindAtomW
     679  0x264c0  GlobalFix
     680  0x264d8  GlobalFlags
     681  0x3c5a8  GlobalFree
     682  0x22a44  GlobalGetAtomNameA
     683  0x22b8c  GlobalGetAtomNameW
     684  0x26184  GlobalHandle
     685  0x26168  GlobalLock
     686  0x26690  GlobalMemoryStatus
     687  0x3c5b4  GlobalMemoryStatusEx
     688  0x26268  GlobalReAlloc
     689  0x2635c  GlobalSize
     690  0x264a8  GlobalUnWire
     691  0x264c4  GlobalUnfix
     692  0x2616c  GlobalUnlock
     693  0x264a4  GlobalWire
     694  0x102a8  Heap32First
     695  0x38788  Heap32ListFirst
     696  0x102bc  Heap32ListNext
     697  0x102d0  Heap32Next
     698           HeapAlloc (forwarded to NTDLL.RtlAllocateHeap)
     699  0x3c5cc  HeapCompact
     700  0x260fc  HeapCreate
     701  0x102e4  HeapCreateTagsW
     702  0x26134  HeapDestroy
     703  0x102f8  HeapExtend
     704  0x3c5d8  HeapFree
     705  0x3c5e4  HeapLock
     706  0x3c5f0  HeapQueryInformation
     707  0x1030c  HeapQueryTagW
     708           HeapReAlloc (forwarded to NTDLL.RtlReAllocateHeap)
     709  0x10320  HeapSetFlags
     710  0x3c608  HeapSetInformation
     711           HeapSize (forwarded to NTDLL.RtlSizeHeap)
     712  0x3c620  HeapSummary
     713  0x3c62c  HeapUnlock
     714  0x10334  HeapUsage
     715  0x3c638  HeapValidate
     716  0x3c644  HeapWalk
     717  0x3c650  IdnToAscii
     718  0x3c65c  IdnToNameprepUnicode
     719  0x3c668  IdnToUnicode
     720  0x22104  InitAtomTable
     721           InitOnceBeginInitialize (forwarded to kernelbase.InitOnceBeginInitialize)
     722           InitOnceComplete (forwarded to kernelbase.InitOnceComplete)
     723           InitOnceExecuteOnce (forwarded to kernelbase.InitOnceExecuteOnce)
     724           InitOnceInitialize (forwarded to NTDLL.RtlRunOnceInitialize)
     725           InitializeConditionVariable (forwarded to NTDLL.RtlInitializeConditionVariable)
     726  0x3c674  InitializeContext
     727  0x3c680  InitializeContext2
     728           InitializeCriticalSection (forwarded to NTDLL.RtlInitializeCriticalSection)
     729  0x3c68c  InitializeCriticalSectionAndSpinCount
     730  0x3c698  InitializeCriticalSectionEx
     731  0x3c6a4  InitializeProcThreadAttributeList
     732  0x3c6b0  InitializeSynchronizationBarrier
     733           InitializeSListHead (forwarded to NTDLL.RtlInitializeSListHead)
     734           InitializeSRWLock (forwarded to NTDLL.RtlInitializeSRWLock)
     735           InterlockedFlushSList (forwarded to NTDLL.RtlInterlockedFlushSList)
     736           InterlockedPopEntrySList (forwarded to NTDLL.RtlInterlockedPopEntrySList)
     737           InterlockedPushEntrySList (forwarded to NTDLL.RtlInterlockedPushEntrySList)
     738           InterlockedPushListSList (forwarded to NTDLL.RtlInterlockedPushListSList)
     739           InterlockedPushListSListEx (forwarded to NTDLL.RtlInterlockedPushListSListEx)
     740  0x10348  InvalidateConsoleDIBits
     741  0x27248  InvalidateNLSCache
     742  0x393f8  IsBadCodePtr
     743  0x393f0  IsBadHugeReadPtr
     744  0x393f4  IsBadHugeWritePtr
     745  0x39090  IsBadReadPtr
     746  0x39400  IsBadStringPtrA
     747  0x39528  IsBadStringPtrW
     748  0x392c8  IsBadWritePtr
     749  0x3c710  IsDBCSLeadByte
     750  0x3c71c  IsDBCSLeadByteEx
     751  0x3c728  IsDebuggerPresent
     752  0x3c734  IsNLSDefinedString
     753  0x3c740  IsNormalizedString
     754  0x3c74c  IsProcessInJob
     755  0x3c758  IsProcessorFeaturePresent
     756  0x2b4c0  IsSystemResumeAutomatic
     757  0x3c764  IsThreadAFiber
     758           IsThreadpoolTimerSet (forwarded to NTDLL.TpIsTimerSet)
     759  0x3c770  IsValidCodePage
     760  0x3c77c  IsValidLanguageGroup
     761  0x3c788  IsValidLocale
     762  0x3c794  IsValidLocaleName
     763  0x3c7a0  IsValidNLSVersion
     764  0x3c7ac  IsWow64Process
     765  0x3c7b8  IsWow64Process2
     766  0x3c7c4  K32EmptyWorkingSet
     767  0x3c7d0  K32EnumDeviceDrivers
     768  0x3c7dc  K32EnumPageFilesA
     769  0x3c7e8  K32EnumPageFilesW
     770  0x3c7f4  K32EnumProcessModules
     771  0x3c800  K32EnumProcessModulesEx
     772  0x3c80c  K32EnumProcesses
     773  0x3c818  K32GetDeviceDriverBaseNameA
     774  0x3c824  K32GetDeviceDriverBaseNameW
     775  0x3c830  K32GetDeviceDriverFileNameA
     776  0x3c83c  K32GetDeviceDriverFileNameW
     777  0x3c848  K32GetMappedFileNameA
     778  0x3c854  K32GetMappedFileNameW
     779  0x3c860  K32GetModuleBaseNameA
     780  0x3c86c  K32GetModuleBaseNameW
     781  0x3c878  K32GetModuleFileNameExA
     782  0x3c884  K32GetModuleFileNameExW
     783  0x3c890  K32GetModuleInformation
     784  0x3c89c  K32GetPerformanceInfo
     785  0x3c8a8  K32GetProcessImageFileNameA
     786  0x3c8b4  K32GetProcessImageFileNameW
     787  0x3c8c0  K32GetProcessMemoryInfo
     788  0x3c8cc  K32GetWsChanges
     789  0x3c8d8  K32GetWsChangesEx
     790  0x3c8e4  K32InitializeProcessForWsWatch
     791  0x3c8f0  K32QueryWorkingSet
     792  0x3c8fc  K32QueryWorkingSetEx
     793  0x3c914  LCIDToLocaleName
     794  0x3c920  LCMapStringA
     795  0x3c92c  LCMapStringEx
     796  0x3c938  LCMapStringW
     797  0x28920  LZClose
     798  0x2879c  LZCopy
     799  0x27e50  LZDone
     800  0x27b74  LZInit
     801  0x289cc  LZOpenFileA
     802  0x28b5c  LZOpenFileW
     803  0x281bc  LZRead
     804  0x286c8  LZSeek
     805  0x27ab4  LZStart
     806           LeaveCriticalSection (forwarded to NTDLL.RtlLeaveCriticalSection)
     807           LeaveCriticalSectionWhenCallbackReturns (forwarded to NTDLL.TpCallbackLeaveCriticalSectionOnCompletion)
     808  0x3c950  LoadAppInitDlls
     809  0x3c95c  LoadLibraryA
     810  0x3c968  LoadLibraryExA
     811  0x3c974  LoadLibraryExW
     812  0x3c980  LoadLibraryW
     813  0x2b860  LoadModule
     814  0x3c98c  LoadPackagedLibrary
     815  0x3c998  LoadResource
     816  0x3c9a4  LocalAlloc
     817  0x26664  LocalCompact
     818  0x3c9b0  LocalFileTimeToFileTime
     819  0x2666c  LocalFlags
     820  0x3c9bc  LocalFree
     821  0x26188  LocalHandle
     822  0x3c9c8  LocalLock
     823  0x3c9d4  LocalReAlloc
     824  0x26688  LocalShrink
     825  0x26360  LocalSize
     826  0x3c9e0  LocalUnlock
     827  0x3c9ec  LocaleNameToLCID
     828  0x3c9f8  LockFile
     829  0x3ca04  LockFileEx
     830  0x3ca10  LockResource
     831  0x34fe8  MakeCriticalSectionGlobal
     832  0x3ca1c  MapUserPhysicalPages
     833  0x3ca28  MapViewOfFile
     834  0x3ca34  MapViewOfFileEx
     835  0x3ca40  MapViewOfFileExNuma
     836           MapViewOfFileFromApp (forwarded to kernelbase.MapViewOfFileFromApp)
     837  0x38608  Module32First
     838  0x38448  Module32FirstW
     839  0x38780  Module32Next
     840  0x38524  Module32NextW
     841  0x2a568  MoveFileA
     842  0x2a4d8  MoveFileExA
     843  0x3ca4c  MoveFileExW
     844  0x29be0  MoveFileTransactedA
     845  0x29d78  MoveFileTransactedW
     846  0x2a560  MoveFileW
     847  0x29ce0  MoveFileWithProgressA
     848  0x3ca58  MoveFileWithProgressW
     849  0x268d8  MulDiv
     850  0x3ca64  MultiByteToWideChar
     851  0x3ca70  NeedCurrentDirectoryForExePathA
     852  0x3ca7c  NeedCurrentDirectoryForExePathW
     853  0x3ca94  NormalizeString
     854  0x1035c  NotifyNLSUserCache
     855  0x245d8  OpenConsoleW
     856  0x10370  OpenDataFile
     857  0x3caa0  OpenEventA
     858  0x3caac  OpenEventW
     859  0x25c90  OpenFile
     860  0x3cab8  OpenFileById
     861  0x35ad8  OpenFileMappingA
     862  0x3cac4  OpenFileMappingW
     863  0x3562c  OpenJobObjectA
     864  0x35568  OpenJobObjectW
     865  0x3508c  OpenMutexA
     866  0x3cad0  OpenMutexW
     867  0x3cadc  OpenProcess
     868  0x3cae8  OpenProcessToken
     869  0x316bc  OpenProfileUserMapping
     870  0x3527c  OpenSemaphoreA
     871  0x3caf4  OpenSemaphoreW
     872  0x3cb00  OpenThread
     873  0x3cb0c  OpenThreadToken
     874  0x3598c  OpenWaitableTimerA
     875  0x3cb18  OpenWaitableTimerW
     876  0x24bc4  OutputDebugStringA
     877  0x3cb24  OutputDebugStringW
     878  0x3cb3c  PeekConsoleInputA
     879  0x3cb48  PeekConsoleInputW
     880  0x3cb54  PeekNamedPipe
     881  0x3cb60  PostQueuedCompletionStatus
     882  0x3cb30  PackageIdFromFullName
     883  0x2b640  PowerClearRequest
     884  0x2b5c0  PowerCreateRequest
     885  0x2b604  PowerSetRequest
     886  0x3cb6c  PrefetchVirtualMemory
     887  0x37180  PrepareTape
     888  0x10384  PrivCopyFileExW
     889  0x10398  PrivMoveFileIdentityW
     890  0x380a4  Process32First
     891  0x38280  Process32FirstW
     892  0x38274  Process32Next
     893  0x38360  Process32NextW
     894  0x3cb78  ProcessIdToSessionId
     895  0x3cb84  PulseEvent
     896  0x3cb90  PurgeComm
     897  0x3cb9c  QueryActCtxSettingsW
     898  0x3cba8  QueryActCtxW
     899           QueryDepthSList (forwarded to NTDLL.RtlQueryDepthSList)
     900  0x3a62c  QueryDosDeviceA
     901  0x3cbb4  QueryDosDeviceW
     902  0x3cbc0  QueryFullProcessImageNameA
     903  0x3cbcc  QueryFullProcessImageNameW
     904  0x3cbd8  QueryIdleProcessorCycleTime
     905  0x3cbe4  QueryIdleProcessorCycleTimeEx
     906  0x35774  QueryInformationJobObject
     907  0x3cbf0  QueryMemoryResourceNotification
     908  0x103ac  QueryNumberOfEventLogRecords
     909  0x103c0  QueryOldestEventLogRecord
     910  0x3cbfc  QueryPerformanceCounter
     911  0x3cc08  QueryPerformanceFrequency
     912  0x3cc14  QueryProcessCycleTime
     913  0x3cc20  QueryThreadCycleTime
     914  0x3cc2c  QueryThreadpoolStackInformation
     915  0x2d884  QueryUmsThreadInformation
     916  0x3cc38  QueryUnbiasedInterruptTime
     917  0x103d4  QueryWin31IniFilesMappedToRegistry
     918  0x3cc44  QueueUserAPC
     919  0x3cc50  QueueUserAPC2
     920  0x3cc5c  QueueUserWorkItem
     921  0x3cc68  RaiseException
     922  0x3cc74  RaiseFailFastException
     923  0x3cc8c  ReadConsoleA
     924  0x3cc98  ReadConsoleInputA
     925  0x103e8  ReadConsoleInputExA
     926  0x103fc  ReadConsoleInputExW
     927  0x3cca4  ReadConsoleInputW
     928  0x3ccb0  ReadConsoleOutputA
     929  0x3ccbc  ReadConsoleOutputAttribute
     930  0x3ccc8  ReadConsoleOutputCharacterA
     931  0x3ccd4  ReadConsoleOutputCharacterW
     932  0x3cce0  ReadConsoleOutputW
     933  0x3ccec  ReadConsoleW
     934  0x3ccf8  ReadDirectoryChangesW
     935  0x3cd04  ReadFile
     936  0x3cd10  ReadFileEx
     937  0x3cd1c  ReadFileScatter
     938  0x3cd28  ReadProcessMemory
     939  0x3cd34  RegCloseKey
     940  0x3cd40  RegCreateKeyExA
     941  0x3cd4c  RegCreateKeyExW
     942  0x3cd58  RegDeleteKeyExA
     943  0x3cd64  RegDeleteKeyExW
     944  0x3cd70  RegDeleteTreeA
     945  0x3cd7c  RegDeleteTreeW
     946  0x3cd88  RegDeleteValueA
     947  0x3cd94  RegDeleteValueW
     948  0x3cda0  RegEnumKeyExA
     949  0x3cdac  RegEnumKeyExW
     950  0x3cdb8  RegEnumValueA
     951  0x3cdc4  RegEnumValueW
     952  0x3cdd0  RegFlushKey
     953  0x3cddc  RegGetKeySecurity
     954  0x3cde8  RegGetValueA
     955  0x3cdf4  RegGetValueW
     956  0x3ce00  RegLoadKeyA
     957  0x3ce0c  RegLoadKeyW
     958  0x3ce18  RegLoadMUIStringA
     959  0x3ce24  RegLoadMUIStringW
     960  0x3ce30  RegNotifyChangeKeyValue
     961  0x3ce3c  RegOpenCurrentUser
     962  0x3ce48  RegOpenKeyExA
     963  0x3ce54  RegOpenKeyExW
     964  0x3ce60  RegOpenUserClassesRoot
     965  0x3ce6c  RegQueryInfoKeyA
     966  0x3ce78  RegQueryInfoKeyW
     967  0x3ce84  RegQueryValueExA
     968  0x3ce90  RegQueryValueExW
     969  0x3ce9c  RegRestoreKeyA
     970  0x3cea8  RegRestoreKeyW
     971  0x3ceb4  RegSaveKeyExA
     972  0x3cec0  RegSaveKeyExW
     973  0x3cecc  RegSetKeySecurity
     974  0x3ced8  RegSetValueExA
     975  0x3cee4  RegSetValueExW
     976  0x3cef0  RegUnLoadKeyA
     977  0x3cefc  RegUnLoadKeyW
     978  0x2c904  RegisterApplicationRecoveryCallback
     979  0x2c540  RegisterApplicationRestart
     980  0x10410  RegisterConsoleIME
     981  0x10424  RegisterConsoleOS2
     982  0x10438  RegisterConsoleVDM
     983  0x2bdfc  RegisterServiceProcess
     984  0x1044c  RegisterSysMsgHandler
     985  0x2b67c  RegisterWaitForInputIdle
     986  0x34f58  RegisterWaitForSingleObject
     987  0x3cf08  RegisterWaitForSingleObjectEx
     988  0x10460  RegisterWowBaseHandlers
     989  0x10474  RegisterWowExec
     990  0x35068  ReinitializeCriticalSection
     991  0x3cf14  ReleaseActCtx
     992  0x3cf20  ReleaseMutex
     993           ReleaseMutexWhenCallbackReturns (forwarded to NTDLL.TpCallbackReleaseMutexOnCompletion)
     994  0x3cf2c  ReleaseSemaphore
     995           ReleaseSemaphoreWhenCallbackReturns (forwarded to NTDLL.TpCallbackReleaseSemaphoreOnCompletion)
     996           ReleaseSRWLockExclusive (forwarded to NTDLL.RtlReleaseSRWLockExclusive)
     997           ReleaseSRWLockShared (forwarded to NTDLL.RtlReleaseSRWLockShared)
     998  0x3cf38  RemoveDirectoryA
     999  0x3cf44  RemoveDirectoryW
    1000           RemoveVectoredContinueHandler (forwarded to NTDLL.RtlRemoveVectoredContinueHandler)
    1001           RemoveVectoredExceptionHandler (forwarded to NTDLL.RtlRemoveVectoredExceptionHandler)
    1002  0x3cc80  ReOpenFile
    1003  0x3cf5c  ReplaceFile
    1004  0x259d0  ReplaceFileA
    1005  0x3cf5c  ReplaceFileW
    1006  0x2a438  RemoveDirectoryTransactedA
    1007  0x2a488  RemoveDirectoryTransactedW
    1008  0x3cf50  RemoveDllDirectory
    1009  0x2b528  RequestDeviceWakeup
    1010  0x2b4f4  RequestWakeupLatency
    1011  0x3cf68  ResetEvent
    1012  0x3cf74  ResetWriteWatch
    1013  0x3cf80  ResizePseudoConsole
    1014           ResolveDelayLoadedAPI (forwarded to NTDLL.LdrResolveDelayLoadedAPI)
    1015  0x3cf8c  ResolveLocaleName
    1016           RestoreLastError (forwarded to NTDLL.RtlRestoreLastWin32Error)
    1017  0x3cf98  ResumeThread
    1018           RtlAddFunctionTable (forwarded to NTDLL.RtlAddFunctionTable)
    1019  0x3d844  RtlCaptureContext
    1020           RtlCaptureStackBackTrace (forwarded to NTDLL.RtlCaptureStackBackTrace)
    1021           RtlCompareMemory (forwarded to NTDLL.RtlCompareMemory)
    1022           RtlCopyMemory (forwarded to NTDLL.RtlCopyMemory)
    1023           RtlDeleteFunctionTable (forwarded to NTDLL.RtlDeleteFunctionTable)
    1024           RtlFillMemory (forwarded to NTDLL.RtlFillMemory)
    1025           RtlInstallFunctionTableCallback (forwarded to NTDLL.RtlInstallFunctionTableCallback)
    1026           RtlLookupFunctionEntry (forwarded to NTDLL.RtlLookupFunctionEntry)
    1027           RtlMoveMemory (forwarded to NTDLL.RtlMoveMemory)
    1028           RtlPcToFileHeader (forwarded to NTDLL.RtlPcToFileHeader)
    1029  0x3d85c  RtlRestoreContext
    1030           RtlUnwind (forwarded to NTDLL.RtlUnwind)
    1031           RtlUnwindEx (forwarded to NTDLL.RtlUnwindEx)
    1032           RtlVirtualUnwind (forwarded to NTDLL.RtlVirtualUnwind)
    1033           RtlZeroMemory (forwarded to NTDLL.RtlZeroMemory)
    1034  0x3cfa4  ScrollConsoleScreenBufferA
    1035  0x3cfb0  ScrollConsoleScreenBufferW
    1036  0x3cfbc  SearchPathA
    1037  0x3cfc8  SearchPathW
    1038  0x26d70  SetCPGlobal
    1039  0x3cfd4  SetCachedSigningLevel
    1040  0x27328  SetCalendarInfoA
    1041  0x3cfe0  SetCalendarInfoW
    1042  0x3cfec  SetCommBreak
    1043  0x3cff8  SetCommConfig
    1044  0x3d004  SetCommMask
    1045  0x3d010  SetCommState
    1046  0x3d01c  SetCommTimeouts
    1047  0x3d028  SetComputerNameA
    1048  0x3d034  SetComputerNameExA
    1049  0x3d040  SetComputerNameExW
    1050  0x3d04c  SetComputerNameW
    1051  0x3d058  SetConsoleActiveScreenBuffer
    1052  0x3d064  SetConsoleCP
    1053  0x10488  SetConsoleCommandHistoryMode
    1054  0x3d070  SetConsoleCtrlHandler
    1055  0x1049c  SetConsoleCursor
    1056  0x3d07c  SetConsoleCursorInfo
    1057  0x104b0  SetConsoleCursorMode
    1058  0x3d088  SetConsoleCursorPosition
    1059  0x3d094  SetConsoleDisplayMode
    1060  0x24a7c  SetConsoleFont
    1061  0x104c4  SetConsoleHardwareState
    1062  0x24a30  SetConsoleIcon
    1063  0x3d0a0  SetConsoleInputExeNameA
    1064  0x3d0ac  SetConsoleInputExeNameW
    1065  0x24ac4  SetConsoleKeyShortcuts
    1066  0x104d8  SetConsoleLocalEUDC
    1067  0x104ec  SetConsoleMaximumWindowSize
    1068  0x10500  SetConsoleMenuClose
    1069  0x3d0b8  SetConsoleMode
    1070  0x10514  SetConsoleNlsMode
    1071  0x10528  SetConsoleNumberOfCommandsA
    1072  0x1053c  SetConsoleNumberOfCommandsW
    1073  0x10550  SetConsoleOS2OemFormat
    1074  0x3d0c4  SetConsoleOutputCP
    1075  0x10564  SetConsolePalette
    1076  0x3d0d0  SetConsoleScreenBufferInfoEx
    1077  0x3d0dc  SetConsoleScreenBufferSize
    1078  0x3d0e8  SetConsoleTextAttribute
    1079  0x3d0f4  SetConsoleTitleA
    1080  0x3d100  SetConsoleTitleW
    1081  0x3d10c  SetConsoleWindowInfo
    1082           SetCriticalSectionSpinCount (forwarded to NTDLL.RtlSetCriticalSectionSpinCount)
    1083  0x3d118  SetCurrentConsoleFontEx
    1084  0x3d124  SetCurrentDirectoryA
    1085  0x3d130  SetCurrentDirectoryW
    1086  0x10578  SetDaylightFlag
    1087  0x23ff8  SetDefaultCommConfigA
    1088  0x23f40  SetDefaultCommConfigW
    1089  0x3d13c  SetDefaultDllDirectories
    1090  0x28e04  SetDllDirectoryA
    1091  0x28ea8  SetDllDirectoryW
    1092  0x3d148  SetEndOfFile
    1093  0x3d154  SetEnvironmentStringsA
    1094  0x3d160  SetEnvironmentStringsW
    1095  0x3d16c  SetEnvironmentVariableA
    1096  0x3d178  SetEnvironmentVariableW
    1097  0x3d184  SetErrorMode
    1098  0x3d190  SetEvent
    1099           SetEventWhenCallbackReturns (forwarded to NTDLL.TpCallbackSetEventOnCompletion)
    1100  0x3d19c  SetFileApisToANSI
    1101  0x3d1a8  SetFileApisToOEM
    1102  0x3d1b4  SetFileAttributesA
    1103  0x3d1c0  SetFileAttributesW
    1104  0x2583c  SetFileCompletionNotificationModes
    1105  0x3d1cc  SetFileInformationByHandle
    1106  0x3d1d8  SetFilePointer
    1107  0x3d1e4  SetFilePointerEx
    1108  0x3d1f0  SetFileTime
    1109  0x3d1fc  SetFileValidData
    1110  0x2d250  SetFirmwareEnvironmentVariableA
    1111  0x2d2cc  SetFirmwareEnvironmentVariableW
    1112  0x2bbdc  SetHandleContext
    1113  0x2589c  SetHandleCount
    1114  0x3d208  SetHandleInformation
    1115  0x357bc  SetInformationJobObject
    1116  0x1058c  SetLastConsoleEventActive
    1117  0x3d868  SetLastError
    1118  0x3d214  SetLocalTime
    1119  0x26c64  SetLocaleInfoA
    1120  0x3d220  SetLocaleInfoW
    1121  0x368b8  SetMailslotInfo
    1122  0x105a0  SetMessageWaitingIndicator
    1123  0x3d22c  SetNamedPipeHandleState
    1124  0x3d238  SetPriorityClass
    1125  0x2bca8  SetProcessAffinityMask
    1126  0x3d244  SetProcessAffinityUpdateMode
    1127  0x3d250  SetProcessDefaultCpuSets
    1128  0x2c7d0  SetProcessDEPPolicy
    1129  0x3d25c  SetProcessInformation
    1130  0x3d268  SetProcessMitigationPolicy
    1131  0x3d274  SetProcessPreferredUILanguages
    1132  0x3d280  SetProcessPriorityBoost
    1133  0x3d28c  SetProcessShutdownParameters
    1134  0x2bd94  SetProcessWorkingSetSize
    1135  0x3d298  SetProcessWorkingSetSizeEx
    1136  0x2b03c  SetSearchPathMode
    1137  0x3d2a4  SetStdHandle
    1138  0x3d2b0  SetStdHandleEx
    1139  0x3d2bc  SetSystemFileCacheSize
    1140  0x2b56c  SetSystemPowerState
    1141  0x3d2c8  SetSystemTime
    1142  0x3d2d4  SetSystemTimeAdjustment
    1143  0x3722c  SetTapeParameters
    1144  0x37350  SetTapePosition
    1145  0x38ff8  SetTermsrvAppInstallMode
    1146  0x375e8  SetThreadAffinityMask
    1147  0x3d2e0  SetThreadContext
    1148  0x3d2ec  SetThreadDescription
    1149  0x3d2f8  SetThreadErrorMode
    1150  0x2b5a0  SetThreadExecutionState
    1151  0x3d304  SetThreadGroupAffinity
    1152  0x3d310  SetThreadIdealProcessor
    1153  0x3d31c  SetThreadIdealProcessorEx
    1154  0x3d328  SetThreadInformation
    1155  0x3d334  SetThreadLocale
    1156  0x3d340  SetThreadPreferredUILanguages
    1157  0x3d34c  SetThreadPriority
    1158  0x3d358  SetThreadPriorityBoost
    1159  0x3d364  SetThreadSelectedCpuSets
    1160  0x3d370  SetThreadStackGuarantee
    1161           SetThreadToken (forwarded to kernelbase.SetThreadToken)
    1162  0x3d37c  SetThreadUILanguage
    1163  0x3d388  SetThreadpoolStackInformation
    1164           SetThreadpoolThreadMaximum (forwarded to NTDLL.TpSetPoolMaxThreads)
    1165           SetThreadpoolThreadMinimum (forwarded to NTDLL.TpSetPoolMinThreads)
    1166           SetThreadpoolTimer (forwarded to NTDLL.TpSetTimer)
    1167           SetThreadpoolWait (forwarded to NTDLL.TpSetWait)
    1168  0x3d394  SetTimeZoneInformation
    1169  0x105b4  SetTimerQueueTimer
    1170  0x2d8e4  SetUmsThreadInformation
    1171  0x3d3a0  SetUnhandledExceptionFilter
    1172  0x3d3ac  SetUserGeoID
    1173  0x3d3b8  SetUserGeoName
    1174  0x105c8  SetVDMCurrentDirectories
    1175  0x3a288  SetVolumeLabelA
    1176  0x398ec  SetVolumeLabelW
    1177  0x3ac80  SetVolumeMountPointA
    1178  0x3acf4  SetVolumeMountPointW
    1179  0x3d3c4  SetWaitableTimer
    1180  0x3d3d0  SetWaitableTimerEx
    1181  0x3d3dc  SetupComm
    1182  0x105dc  ShowConsoleCursor
    1183  0x3d3e8  SignalObjectAndWait
    1184  0x3d3f4  SizeofResource
    1185  0x3d400  Sleep
    1186  0x3d40c  SleepConditionVariableCS
    1187  0x3d418  SleepConditionVariableSRW
    1188  0x3d424  SleepEx
    1189           StartThreadpoolIo (forwarded to NTDLL.TpStartAsyncIoOperation)
    1190           SubmitThreadpoolWork (forwarded to NTDLL.TpPostWork)
    1191  0x3d430  SuspendThread
    1192  0x3d43c  SwitchToFiber
    1193  0x3d448  SwitchToThread
    1194  0x3d454  SystemTimeToFileTime
    1195  0x3d460  SystemTimeToTzSpecificLocalTime
    1196  0x3572c  TerminateJobObject
    1197  0x3d46c  TerminateProcess
    1198  0x3d478  TerminateThread
    1199  0x38fc4  TermsrvAppInstallMode
    1200  0x37ef4  Thread32First
    1201  0x37fc8  Thread32Next
    1202  0x3d484  TlsAlloc
    1203  0x3d484  TlsAllocInternal
    1204  0x3d490  TlsFree
    1205  0x3d490  TlsFreeInternal
    1206  0x3d49c  TlsGetValue
    1207  0x3d4a8  TlsSetValue
    1208  0x387bc  Toolhelp32ReadProcessMemory
    1209  0x3d4b4  TransactNamedPipe
    1210  0x3d4c0  TransmitCommChar
    1211  0x105f0  TrimVirtualBuffer
    1212           TryAcquireSRWLockExclusive (forwarded to NTDLL.RtlTryAcquireSRWLockExclusive)
    1213           TryAcquireSRWLockShared (forwarded to NTDLL.RtlTryAcquireSRWLockShared)
    1214           TryEnterCriticalSection (forwarded to NTDLL.RtlTryEnterCriticalSection)
    1215  0x3d4cc  TrySubmitThreadpoolCallback
    1216  0x3d4d8  TzSpecificLocalTimeToSystemTime
    1217  0x2d934  UmsThreadYield
    1218  0x3d4e4  UnhandledExceptionFilter
    1219  0x35080  UninitializeCriticalSection
    1220  0x3d4f0  UnlockFile
    1221  0x3d4fc  UnlockFileEx
    1222  0x3d508  UnmapViewOfFile
    1223  0x3d514  UnmapViewOfFileEx
    1224  0x2d594  UnregisterApplicationRestart
    1225  0x34fa0  UnregisterWait
    1226  0x3d520  UnregisterWaitEx
    1227  0x3d52c  UpdateProcThreadAttribute
    1228  0x34280  UpdateResourceA
    1229  0x33be0  UpdateResourceW
    1230  0x10604  VDMConsoleOperation
    1231  0x10618  VDMOperationStarted
    1232  0x1062c  ValidateLCType
    1233  0x10640  ValidateLocale
    1234  0x3d538  VerLanguageNameA
    1235  0x3d544  VerLanguageNameW
    1236           VerSetConditionMask (forwarded to NTDLL.VerSetConditionMask)
    1237  0x24910  VerifyConsoleIoHandle
    1238  0x38840  VerifyVersionInfoA
    1239  0x38880  VerifyVersionInfoW
    1240  0x3d550  VirtualAlloc
    1241  0x3d55c  VirtualAllocEx
    1242  0x3d568  VirtualAllocExNuma
    1243  0x10654  VirtualBufferExceptionHandler
    1244  0x3d574  VirtualFree
    1245  0x3d580  VirtualFreeEx
    1246  0x3d58c  VirtualLock
    1247  0x3d598  VirtualProtect
    1248  0x3d5a4  VirtualProtectEx
    1249  0x3d5b0  VirtualQuery
    1250  0x3d5bc  VirtualQueryEx
    1251  0x3d5c8  VirtualUnlock
    1252  0x2c770  WTSGetActiveConsoleSessionId
    1253  0x3d5d4  WaitCommEvent
    1254  0x3d5e0  WaitForDebugEvent
    1255  0x3d5ec  WaitForDebugEventEx
    1256  0x3d5f8  WaitForMultipleObjects
    1257  0x3d604  WaitForMultipleObjectsEx
    1258  0x3d610  WaitForSingleObject
    1259  0x3d61c  WaitForSingleObjectEx
    1260           WaitForThreadpoolIoCallbacks (forwarded to NTDLL.TpWaitForIoCompletion)
    1261           WaitForThreadpoolTimerCallbacks (forwarded to NTDLL.TpWaitForTimer)
    1262           WaitForThreadpoolWaitCallbacks (forwarded to NTDLL.TpWaitForWait)
    1263           WaitForThreadpoolWorkCallbacks (forwarded to NTDLL.TpWaitForWork)
    1264  0x35c34  WaitNamedPipeA
    1265  0x3d628  WaitNamedPipeW
    1266           WakeAllConditionVariable (forwarded to NTDLL.RtlWakeAllConditionVariable)
    1267           WakeConditionVariable (forwarded to NTDLL.RtlWakeConditionVariable)
    1268  0x3d634  WerGetFlags
    1269  0x3d640  WerRegisterCustomMetadata
    1270  0x3d64c  WerRegisterFile
    1271  0x3d658  WerRegisterMemoryBlock
    1272  0x3d664  WerRegisterRuntimeExceptionModule
    1273  0x3d670  WerSetFlags
    1274  0x3d67c  WerUnregisterCustomMetadata
    1275  0x3d688  WerUnregisterFile
    1276  0x3d694  WerUnregisterMemoryBlock
    1277  0x3d6a0  WerUnregisterRuntimeExceptionModule
    1278  0x3d6ac  WideCharToMultiByte
    1279  0x2b688  WinExec
    1280  0x3d6b8  Wow64DisableWow64FsRedirection
    1281  0x3d6c4  Wow64EnableWow64FsRedirection
    1282  0x3d6d0  Wow64GetThreadContext
    1283  0x3751c  Wow64GetThreadSelectorEntry
    1284  0x3d6dc  Wow64RevertWow64FsRedirection
    1285  0x3d6e8  Wow64SetThreadContext
    1286  0x3d6f4  WriteConsoleA
    1287  0x3d700  WriteConsoleInputA
    1288  0x10668  WriteConsoleInputVDMA
    1289  0x1067c  WriteConsoleInputVDMW
    1290  0x3d70c  WriteConsoleInputW
    1291  0x3d718  WriteConsoleOutputA
    1292  0x3d724  WriteConsoleOutputAttribute
    1293  0x3d730  WriteConsoleOutputCharacterA
    1294  0x3d73c  WriteConsoleOutputCharacterW
    1295  0x3d748  WriteConsoleOutputW
    1296  0x3d754  WriteConsoleW
    1297  0x3d760  WriteFile
    1298  0x3d76c  WriteFileEx
    1299  0x3d778  WriteFileGather
    1300  0x30d80  WritePrivateProfileSectionA
    1301  0x308f8  WritePrivateProfileSectionW
    1302  0x2f640  WritePrivateProfileStringA
    1303  0x2f730  WritePrivateProfileStringW
    1304  0x315f0  WritePrivateProfileStructA
    1305  0x313a4  WritePrivateProfileStructW
    1306  0x3d784  WriteProcessMemory
    1307  0x30ed8  WriteProfileSectionA
    1308  0x30ee4  WriteProfileSectionW
    1309  0x2f634  WriteProfileStringA
    1310  0x2f724  WriteProfileStringW
    1311  0x37428  WriteTapemark
    1312  0x3d790  ZombifyActCtx
    1313  0x10690  _DebugOut
    1314  0x106a4  _DebugPrintf
    1315  0x2532c  _hread
    1316  0x2537c  _hwrite
    1317  0x25498  _lclose
    1318  0x254e8  _lcreat
    1319  0x2579c  _llseek
    1320  0x25550  _lopen
    1321  0x25354  _lread
    1322  0x257ac  _lwrite
    1323  0x106b8  dprintf
    1324  0x39664  lstrcat
    1325  0x39664  lstrcatA
    1326  0x39700  lstrcatW
    1327  0x3d7b4  lstrcmp
    1328  0x3d7c0  lstrcmpA
    1329  0x3d7cc  lstrcmpW
    1330  0x3d7d8  lstrcmpi
    1331  0x3d7e4  lstrcmpiA
    1332  0x3d7f0  lstrcmpiW
    1333  0x397a0  lstrcpy
    1334  0x397a0  lstrcpyA
    1335  0x3984c  lstrcpyW
    1336  0x3d7fc  lstrcpyn
    1337  0x3d808  lstrcpynA
    1338  0x3d814  lstrcpynW
    1339  0x3d820  lstrlen
    1340  0x3d82c  lstrlenA
    1341  0x3d838  lstrlenW
    1342  0x36aac  timeBeginPeriod
    1343  0x36afc  timeEndPeriod
    1344  0x36a40  timeGetDevCaps
    1345  0x369ec  timeGetSystemTime
    1346  0x369b4  timeGetTime
    1347  0x2a63c  wine_get_unix_file_name
    1348  0x2a99c  wine_get_dos_file_name
