aarch64-w64-mingw32-clang -c -o dlls/ntdll/aarch64-windows/actctx.o /Users/runner/work/WineIOS-Core/WineIOS-Core/third_party/wine/dlls/ntdll/actctx.c \
  -Idlls/ntdll -I/Users/runner/work/WineIOS-Core/WineIOS-Core/third_party/wine/dlls/ntdll -Iinclude \
  -I/Users/runner/work/WineIOS-Core/WineIOS-Core/third_party/wine/include \
  -I/Users/runner/work/WineIOS-Core/WineIOS-Core/third_party/wine/include/msvcrt \
  -I/Users/runner/work/WineIOS-Core/WineIOS-Core/third_party/wine/libs/tomcrypt/src/headers \
  -D_MSVCR_VER=0 -D__WINESRC__ -DLTC_NO_PROTOTYPES -DLTC_SOURCE -D_NTSYSTEM_ -D_ACRTIMP= \
  -DWINBASEAPI= -D__WINE_PE_BUILD -Wall -fuse-ld=lld --no-default-config -fno-strict-aliasing \
  -Wdeclaration-after-statement -Wempty-body -Wignored-qualifiers -Winit-self \
  -Wno-microsoft-enum-forward-reference -Wstrict-prototypes -Wtype-limits -Wunused-but-set-parameter \
  -Wvla -Wwrite-strings -Wpointer-arith -Wabsolute-value -ffunction-sections \
  -ffp-exception-behavior=maytrap -gdwarf-4 -g -O2
aarch64-w64-mingw32-clang -c -o dlls/ntdll/aarch64-windows/atom.o /Users/runner/work/WineIOS-Core/WineIOS-Core/third_party/wine/dlls/ntdll/atom.c \
  -Idlls/ntdll -I/Users/runner/work/WineIOS-Core/WineIOS-Core/third_party/wine/dlls/ntdll -Iinclude \
  -I/Users/runner/work/WineIOS-Core/WineIOS-Core/third_party/wine/include \
  -I/Users/runner/work/WineIOS-Core/WineIOS-Core/third_party/wine/include/msvcrt \
  -I/Users/runner/work/WineIOS-Core/WineIOS-Core/third_party/wine/libs/tomcrypt/src/headers \
  -D_MSVCR_VER=0 -D__WINESRC__ -DLTC_NO_PROTOTYPES -DLTC_SOURCE -D_NTSYSTEM_ -D_ACRTIMP= \
  -DWINBASEAPI= -D__WINE_PE_BUILD -Wall -fuse-ld=lld --no-default-config -fno-strict-aliasing \
  -Wdeclaration-after-statement -Wempty-body -Wignored-qualifiers -Winit-self \
  -Wno-microsoft-enum-forward-reference -Wstrict-prototypes -Wtype-limits -Wunused-but-set-parameter \
  -Wvla -Wwrite-strings -Wpointer-arith -Wabsolute-value -ffunction-sections \
  -ffp-exception-behavior=maytrap -gdwarf-4 -g -O2
aarch64-w64-mingw32-clang -c -o dlls/ntdll/aarch64-windows/crypt.o /Users/runner/work/WineIOS-Core/WineIOS-Core/third_party/wine/dlls/ntdll/crypt.c \
  -Idlls/ntdll -I/Users/runner/work/WineIOS-Core/WineIOS-Core/third_party/wine/dlls/ntdll -Iinclude \
  -I/Users/runner/work/WineIOS-Core/WineIOS-Core/third_party/wine/include \
  -I/Users/runner/work/WineIOS-Core/WineIOS-Core/third_party/wine/include/msvcrt \
  -I/Users/runner/work/WineIOS-Core/WineIOS-Core/third_party/wine/libs/tomcrypt/src/headers \
  -D_MSVCR_VER=0 -D__WINESRC__ -DLTC_NO_PROTOTYPES -DLTC_SOURCE -D_NTSYSTEM_ -D_ACRTIMP= \
  -DWINBASEAPI= -D__WINE_PE_BUILD -Wall -fuse-ld=lld --no-default-config -fno-strict-aliasing \
  -Wdeclaration-after-statement -Wempty-body -Wignored-qualifiers -Winit-self \
  -Wno-microsoft-enum-forward-reference -Wstrict-prototypes -Wtype-limits -Wunused-but-set-parameter \
  -Wvla -Wwrite-strings -Wpointer-arith -Wabsolute-value -ffunction-sections \
  -ffp-exception-behavior=maytrap -gdwarf-4 -g -O2
aarch64-w64-mingw32-clang -c -o dlls/ntdll/aarch64-windows/debugbuffer.o /Users/runner/work/WineIOS-Core/WineIOS-Core/third_party/wine/dlls/ntdll/debugbuffer.c \
  -Idlls/ntdll -I/Users/runner/work/WineIOS-Core/WineIOS-Core/third_party/wine/dlls/ntdll -Iinclude \
  -I/Users/runner/work/WineIOS-Core/WineIOS-Core/third_party/wine/include \
  -I/Users/runner/work/WineIOS-Core/WineIOS-Core/third_party/wine/include/msvcrt \
  -I/Users/runner/work/WineIOS-Core/WineIOS-Core/third_party/wine/libs/tomcrypt/src/headers \
  -D_MSVCR_VER=0 -D__WINESRC__ -DLTC_NO_PROTOTYPES -DLTC_SOURCE -D_NTSYSTEM_ -D_ACRTIMP= \
  -DWINBASEAPI= -D__WINE_PE_BUILD -Wall -fuse-ld=lld --no-default-config -fno-strict-aliasing \
  -Wdeclaration-after-statement -Wempty-body -Wignored-qualifiers -Winit-self \
  -Wno-microsoft-enum-forward-reference -Wstrict-prototypes -Wtype-limits -Wunused-but-set-parameter \
  -Wvla -Wwrite-strings -Wpointer-arith -Wabsolute-value -ffunction-sections \
  -ffp-exception-behavior=maytrap -gdwarf-4 -g -O2
aarch64-w64-mingw32-clang -c -o dlls/ntdll/aarch64-windows/env.o /Users/runner/work/WineIOS-Core/WineIOS-Core/third_party/wine/dlls/ntdll/env.c \
  -Idlls/ntdll -I/Users/runner/work/WineIOS-Core/WineIOS-Core/third_party/wine/dlls/ntdll -Iinclude \
  -I/Users/runner/work/WineIOS-Core/WineIOS-Core/third_party/wine/include \
  -I/Users/runner/work/WineIOS-Core/WineIOS-Core/third_party/wine/include/msvcrt \
  -I/Users/runner/work/WineIOS-Core/WineIOS-Core/third_party/wine/libs/tomcrypt/src/headers \
  -D_MSVCR_VER=0 -D__WINESRC__ -DLTC_NO_PROTOTYPES -DLTC_SOURCE -D_NTSYSTEM_ -D_ACRTIMP= \
  -DWINBASEAPI= -D__WINE_PE_BUILD -Wall -fuse-ld=lld --no-default-config -fno-strict-aliasing \
  -Wdeclaration-after-statement -Wempty-body -Wignored-qualifiers -Winit-self \
  -Wno-microsoft-enum-forward-reference -Wstrict-prototypes -Wtype-limits -Wunused-but-set-parameter \
  -Wvla -Wwrite-strings -Wpointer-arith -Wabsolute-value -ffunction-sections \
  -ffp-exception-behavior=maytrap -gdwarf-4 -g -O2
aarch64-w64-mingw32-clang -c -o dlls/ntdll/aarch64-windows/error.o /Users/runner/work/WineIOS-Core/WineIOS-Core/third_party/wine/dlls/ntdll/error.c \
  -Idlls/ntdll -I/Users/runner/work/WineIOS-Core/WineIOS-Core/third_party/wine/dlls/ntdll -Iinclude \
  -I/Users/runner/work/WineIOS-Core/WineIOS-Core/third_party/wine/include \
  -I/Users/runner/work/WineIOS-Core/WineIOS-Core/third_party/wine/include/msvcrt \
  -I/Users/runner/work/WineIOS-Core/WineIOS-Core/third_party/wine/libs/tomcrypt/src/headers \
  -D_MSVCR_VER=0 -D__WINESRC__ -DLTC_NO_PROTOTYPES -DLTC_SOURCE -D_NTSYSTEM_ -D_ACRTIMP= \
  -DWINBASEAPI= -D__WINE_PE_BUILD -Wall -fuse-ld=lld --no-default-config -fno-strict-aliasing \
  -Wdeclaration-after-statement -Wempty-body -Wignored-qualifiers -Winit-self \
  -Wno-microsoft-enum-forward-reference -Wstrict-prototypes -Wtype-limits -Wunused-but-set-parameter \
  -Wvla -Wwrite-strings -Wpointer-arith -Wabsolute-value -ffunction-sections \
  -ffp-exception-behavior=maytrap -gdwarf-4 -g -O2
aarch64-w64-mingw32-clang -c -o dlls/ntdll/aarch64-windows/exception.o /Users/runner/work/WineIOS-Core/WineIOS-Core/third_party/wine/dlls/ntdll/exception.c \
  -Idlls/ntdll -I/Users/runner/work/WineIOS-Core/WineIOS-Core/third_party/wine/dlls/ntdll -Iinclude \
  -I/Users/runner/work/WineIOS-Core/WineIOS-Core/third_party/wine/include \
  -I/Users/runner/work/WineIOS-Core/WineIOS-Core/third_party/wine/include/msvcrt \
  -I/Users/runner/work/WineIOS-Core/WineIOS-Core/third_party/wine/libs/tomcrypt/src/headers \
  -D_MSVCR_VER=0 -D__WINESRC__ -DLTC_NO_PROTOTYPES -DLTC_SOURCE -D_NTSYSTEM_ -D_ACRTIMP= \
  -DWINBASEAPI= -D__WINE_PE_BUILD -Wall -fuse-ld=lld --no-default-config -fno-strict-aliasing \
  -Wdeclaration-after-statement -Wempty-body -Wignored-qualifiers -Winit-self \
  -Wno-microsoft-enum-forward-reference -Wstrict-prototypes -Wtype-limits -Wunused-but-set-parameter \
  -Wvla -Wwrite-strings -Wpointer-arith -Wabsolute-value -ffunction-sections \
  -ffp-exception-behavior=maytrap -gdwarf-4 -g -O2
aarch64-w64-mingw32-clang -c -o dlls/ntdll/aarch64-windows/handletable.o /Users/runner/work/WineIOS-Core/WineIOS-Core/third_party/wine/dlls/ntdll/handletable.c \
  -Idlls/ntdll -I/Users/runner/work/WineIOS-Core/WineIOS-Core/third_party/wine/dlls/ntdll -Iinclude \
  -I/Users/runner/work/WineIOS-Core/WineIOS-Core/third_party/wine/include \
  -I/Users/runner/work/WineIOS-Core/WineIOS-Core/third_party/wine/include/msvcrt \
  -I/Users/runner/work/WineIOS-Core/WineIOS-Core/third_party/wine/libs/tomcrypt/src/headers \
  -D_MSVCR_VER=0 -D__WINESRC__ -DLTC_NO_PROTOTYPES -DLTC_SOURCE -D_NTSYSTEM_ -D_ACRTIMP= \
  -DWINBASEAPI= -D__WINE_PE_BUILD -Wall -fuse-ld=lld --no-default-config -fno-strict-aliasing \
  -Wdeclaration-after-statement -Wempty-body -Wignored-qualifiers -Winit-self \
  -Wno-microsoft-enum-forward-reference -Wstrict-prototypes -Wtype-limits -Wunused-but-set-parameter \
  -Wvla -Wwrite-strings -Wpointer-arith -Wabsolute-value -ffunction-sections \
  -ffp-exception-behavior=maytrap -gdwarf-4 -g -O2
aarch64-w64-mingw32-clang -c -o dlls/ntdll/aarch64-windows/heap.o /Users/runner/work/WineIOS-Core/WineIOS-Core/third_party/wine/dlls/ntdll/heap.c \
  -Idlls/ntdll -I/Users/runner/work/WineIOS-Core/WineIOS-Core/third_party/wine/dlls/ntdll -Iinclude \
  -I/Users/runner/work/WineIOS-Core/WineIOS-Core/third_party/wine/include \
  -I/Users/runner/work/WineIOS-Core/WineIOS-Core/third_party/wine/include/msvcrt \
  -I/Users/runner/work/WineIOS-Core/WineIOS-Core/third_party/wine/libs/tomcrypt/src/headers \
  -D_MSVCR_VER=0 -D__WINESRC__ -DLTC_NO_PROTOTYPES -DLTC_SOURCE -D_NTSYSTEM_ -D_ACRTIMP= \
  -DWINBASEAPI= -D__WINE_PE_BUILD -Wall -fuse-ld=lld --no-default-config -fno-strict-aliasing \
  -Wdeclaration-after-statement -Wempty-body -Wignored-qualifiers -Winit-self \
  -Wno-microsoft-enum-forward-reference -Wstrict-prototypes -Wtype-limits -Wunused-but-set-parameter \
  -Wvla -Wwrite-strings -Wpointer-arith -Wabsolute-value -ffunction-sections \
  -ffp-exception-behavior=maytrap -gdwarf-4 -g -O2
aarch64-w64-mingw32-clang -c -o dlls/ntdll/aarch64-windows/large_int.o /Users/runner/work/WineIOS-Core/WineIOS-Core/third_party/wine/dlls/ntdll/large_int.c \
  -Idlls/ntdll -I/Users/runner/work/WineIOS-Core/WineIOS-Core/third_party/wine/dlls/ntdll -Iinclude \
  -I/Users/runner/work/WineIOS-Core/WineIOS-Core/third_party/wine/include \
  -I/Users/runner/work/WineIOS-Core/WineIOS-Core/third_party/wine/include/msvcrt \
  -I/Users/runner/work/WineIOS-Core/WineIOS-Core/third_party/wine/libs/tomcrypt/src/headers \
  -D_MSVCR_VER=0 -D__WINESRC__ -DLTC_NO_PROTOTYPES -DLTC_SOURCE -D_NTSYSTEM_ -D_ACRTIMP= \
  -DWINBASEAPI= -D__WINE_PE_BUILD -Wall -fuse-ld=lld --no-default-config -fno-strict-aliasing \
  -Wdeclaration-after-statement -Wempty-body -Wignored-qualifiers -Winit-self \
  -Wno-microsoft-enum-forward-reference -Wstrict-prototypes -Wtype-limits -Wunused-but-set-parameter \
  -Wvla -Wwrite-strings -Wpointer-arith -Wabsolute-value -ffunction-sections \
  -ffp-exception-behavior=maytrap -gdwarf-4 -g -O2
aarch64-w64-mingw32-clang -c -o dlls/ntdll/aarch64-windows/loader.o /Users/runner/work/WineIOS-Core/WineIOS-Core/third_party/wine/dlls/ntdll/loader.c \
  -Idlls/ntdll -I/Users/runner/work/WineIOS-Core/WineIOS-Core/third_party/wine/dlls/ntdll -Iinclude \
  -I/Users/runner/work/WineIOS-Core/WineIOS-Core/third_party/wine/include \
  -I/Users/runner/work/WineIOS-Core/WineIOS-Core/third_party/wine/include/msvcrt \
  -I/Users/runner/work/WineIOS-Core/WineIOS-Core/third_party/wine/libs/tomcrypt/src/headers \
  -D_MSVCR_VER=0 -D__WINESRC__ -DLTC_NO_PROTOTYPES -DLTC_SOURCE -D_NTSYSTEM_ -D_ACRTIMP= \
  -DWINBASEAPI= -D__WINE_PE_BUILD -Wall -fuse-ld=lld --no-default-config -fno-strict-aliasing \
  -Wdeclaration-after-statement -Wempty-body -Wignored-qualifiers -Winit-self \
  -Wno-microsoft-enum-forward-reference -Wstrict-prototypes -Wtype-limits -Wunused-but-set-parameter \
  -Wvla -Wwrite-strings -Wpointer-arith -Wabsolute-value -ffunction-sections \
  -ffp-exception-behavior=maytrap -gdwarf-4 -g -O2
aarch64-w64-mingw32-clang -c -o dlls/ntdll/aarch64-windows/locale.o /Users/runner/work/WineIOS-Core/WineIOS-Core/third_party/wine/dlls/ntdll/locale.c \
  -Idlls/ntdll -I/Users/runner/work/WineIOS-Core/WineIOS-Core/third_party/wine/dlls/ntdll -Iinclude \
  -I/Users/runner/work/WineIOS-Core/WineIOS-Core/third_party/wine/include \
  -I/Users/runner/work/WineIOS-Core/WineIOS-Core/third_party/wine/include/msvcrt \
  -I/Users/runner/work/WineIOS-Core/WineIOS-Core/third_party/wine/libs/tomcrypt/src/headers \
  -D_MSVCR_VER=0 -D__WINESRC__ -DLTC_NO_PROTOTYPES -DLTC_SOURCE -D_NTSYSTEM_ -D_ACRTIMP= \
  -DWINBASEAPI= -D__WINE_PE_BUILD -Wall -fuse-ld=lld --no-default-config -fno-strict-aliasing \
  -Wdeclaration-after-statement -Wempty-body -Wignored-qualifiers -Winit-self \
  -Wno-microsoft-enum-forward-reference -Wstrict-prototypes -Wtype-limits -Wunused-but-set-parameter \
  -Wvla -Wwrite-strings -Wpointer-arith -Wabsolute-value -ffunction-sections \
  -ffp-exception-behavior=maytrap -gdwarf-4 -g -O2
aarch64-w64-mingw32-clang -c -o dlls/ntdll/aarch64-windows/math.o /Users/runner/work/WineIOS-Core/WineIOS-Core/third_party/wine/dlls/ntdll/math.c \
  -Idlls/ntdll -I/Users/runner/work/WineIOS-Core/WineIOS-Core/third_party/wine/dlls/ntdll -Iinclude \
  -I/Users/runner/work/WineIOS-Core/WineIOS-Core/third_party/wine/include \
  -I/Users/runner/work/WineIOS-Core/WineIOS-Core/third_party/wine/include/msvcrt \
  -I/Users/runner/work/WineIOS-Core/WineIOS-Core/third_party/wine/libs/tomcrypt/src/headers \
  -D_MSVCR_VER=0 -D__WINESRC__ -DLTC_NO_PROTOTYPES -DLTC_SOURCE -D_NTSYSTEM_ -D_ACRTIMP= \
  -DWINBASEAPI= -D__WINE_PE_BUILD -Wall -fuse-ld=lld --no-default-config -fno-strict-aliasing \
  -Wdeclaration-after-statement -Wempty-body -Wignored-qualifiers -Winit-self \
  -Wno-microsoft-enum-forward-reference -Wstrict-prototypes -Wtype-limits -Wunused-but-set-parameter \
  -Wvla -Wwrite-strings -Wpointer-arith -Wabsolute-value -ffunction-sections \
  -ffp-exception-behavior=maytrap -gdwarf-4 -g -O2
aarch64-w64-mingw32-clang -c -o dlls/ntdll/aarch64-windows/misc.o /Users/runner/work/WineIOS-Core/WineIOS-Core/third_party/wine/dlls/ntdll/misc.c \
  -Idlls/ntdll -I/Users/runner/work/WineIOS-Core/WineIOS-Core/third_party/wine/dlls/ntdll -Iinclude \
  -I/Users/runner/work/WineIOS-Core/WineIOS-Core/third_party/wine/include \
  -I/Users/runner/work/WineIOS-Core/WineIOS-Core/third_party/wine/include/msvcrt \
  -I/Users/runner/work/WineIOS-Core/WineIOS-Core/third_party/wine/libs/tomcrypt/src/headers \
  -D_MSVCR_VER=0 -D__WINESRC__ -DLTC_NO_PROTOTYPES -DLTC_SOURCE -D_NTSYSTEM_ -D_ACRTIMP= \
  -DWINBASEAPI= -D__WINE_PE_BUILD -Wall -fuse-ld=lld --no-default-config -fno-strict-aliasing \
  -Wdeclaration-after-statement -Wempty-body -Wignored-qualifiers -Winit-self \
  -Wno-microsoft-enum-forward-reference -Wstrict-prototypes -Wtype-limits -Wunused-but-set-parameter \
  -Wvla -Wwrite-strings -Wpointer-arith -Wabsolute-value -ffunction-sections \
  -ffp-exception-behavior=maytrap -gdwarf-4 -g -O2
aarch64-w64-mingw32-clang -c -o dlls/ntdll/aarch64-windows/path.o /Users/runner/work/WineIOS-Core/WineIOS-Core/third_party/wine/dlls/ntdll/path.c \
  -Idlls/ntdll -I/Users/runner/work/WineIOS-Core/WineIOS-Core/third_party/wine/dlls/ntdll -Iinclude \
  -I/Users/runner/work/WineIOS-Core/WineIOS-Core/third_party/wine/include \
  -I/Users/runner/work/WineIOS-Core/WineIOS-Core/third_party/wine/include/msvcrt \
  -I/Users/runner/work/WineIOS-Core/WineIOS-Core/third_party/wine/libs/tomcrypt/src/headers \
  -D_MSVCR_VER=0 -D__WINESRC__ -DLTC_NO_PROTOTYPES -DLTC_SOURCE -D_NTSYSTEM_ -D_ACRTIMP= \
  -DWINBASEAPI= -D__WINE_PE_BUILD -Wall -fuse-ld=lld --no-default-config -fno-strict-aliasing \
  -Wdeclaration-after-statement -Wempty-body -Wignored-qualifiers -Winit-self \
  -Wno-microsoft-enum-forward-reference -Wstrict-prototypes -Wtype-limits -Wunused-but-set-parameter \
  -Wvla -Wwrite-strings -Wpointer-arith -Wabsolute-value -ffunction-sections \
  -ffp-exception-behavior=maytrap -gdwarf-4 -g -O2
aarch64-w64-mingw32-clang -c -o dlls/ntdll/aarch64-windows/printf.o /Users/runner/work/WineIOS-Core/WineIOS-Core/third_party/wine/dlls/ntdll/printf.c \
  -Idlls/ntdll -I/Users/runner/work/WineIOS-Core/WineIOS-Core/third_party/wine/dlls/ntdll -Iinclude \
  -I/Users/runner/work/WineIOS-Core/WineIOS-Core/third_party/wine/include \
  -I/Users/runner/work/WineIOS-Core/WineIOS-Core/third_party/wine/include/msvcrt \
  -I/Users/runner/work/WineIOS-Core/WineIOS-Core/third_party/wine/libs/tomcrypt/src/headers \
  -D_MSVCR_VER=0 -D__WINESRC__ -DLTC_NO_PROTOTYPES -DLTC_SOURCE -D_NTSYSTEM_ -D_ACRTIMP= \
  -DWINBASEAPI= -D__WINE_PE_BUILD -Wall -fuse-ld=lld --no-default-config -fno-strict-aliasing \
  -Wdeclaration-after-statement -Wempty-body -Wignored-qualifiers -Winit-self \
  -Wno-microsoft-enum-forward-reference -Wstrict-prototypes -Wtype-limits -Wunused-but-set-parameter \
  -Wvla -Wwrite-strings -Wpointer-arith -Wabsolute-value -ffunction-sections \
  -ffp-exception-behavior=maytrap -gdwarf-4 -g -O2
aarch64-w64-mingw32-clang -c -o dlls/ntdll/aarch64-windows/process.o /Users/runner/work/WineIOS-Core/WineIOS-Core/third_party/wine/dlls/ntdll/process.c \
  -Idlls/ntdll -I/Users/runner/work/WineIOS-Core/WineIOS-Core/third_party/wine/dlls/ntdll -Iinclude \
  -I/Users/runner/work/WineIOS-Core/WineIOS-Core/third_party/wine/include \
  -I/Users/runner/work/WineIOS-Core/WineIOS-Core/third_party/wine/include/msvcrt \
  -I/Users/runner/work/WineIOS-Core/WineIOS-Core/third_party/wine/libs/tomcrypt/src/headers \
  -D_MSVCR_VER=0 -D__WINESRC__ -DLTC_NO_PROTOTYPES -DLTC_SOURCE -D_NTSYSTEM_ -D_ACRTIMP= \
  -DWINBASEAPI= -D__WINE_PE_BUILD -Wall -fuse-ld=lld --no-default-config -fno-strict-aliasing \
  -Wdeclaration-after-statement -Wempty-body -Wignored-qualifiers -Winit-self \
  -Wno-microsoft-enum-forward-reference -Wstrict-prototypes -Wtype-limits -Wunused-but-set-parameter \
  -Wvla -Wwrite-strings -Wpointer-arith -Wabsolute-value -ffunction-sections \
  -ffp-exception-behavior=maytrap -gdwarf-4 -g -O2
aarch64-w64-mingw32-clang -c -o dlls/ntdll/aarch64-windows/reg.o /Users/runner/work/WineIOS-Core/WineIOS-Core/third_party/wine/dlls/ntdll/reg.c \
  -Idlls/ntdll -I/Users/runner/work/WineIOS-Core/WineIOS-Core/third_party/wine/dlls/ntdll -Iinclude \
  -I/Users/runner/work/WineIOS-Core/WineIOS-Core/third_party/wine/include \
  -I/Users/runner/work/WineIOS-Core/WineIOS-Core/third_party/wine/include/msvcrt \
  -I/Users/runner/work/WineIOS-Core/WineIOS-Core/third_party/wine/libs/tomcrypt/src/headers \
  -D_MSVCR_VER=0 -D__WINESRC__ -DLTC_NO_PROTOTYPES -DLTC_SOURCE -D_NTSYSTEM_ -D_ACRTIMP= \
  -DWINBASEAPI= -D__WINE_PE_BUILD -Wall -fuse-ld=lld --no-default-config -fno-strict-aliasing \
  -Wdeclaration-after-statement -Wempty-body -Wignored-qualifiers -Winit-self \
  -Wno-microsoft-enum-forward-reference -Wstrict-prototypes -Wtype-limits -Wunused-but-set-parameter \
  -Wvla -Wwrite-strings -Wpointer-arith -Wabsolute-value -ffunction-sections \
  -ffp-exception-behavior=maytrap -gdwarf-4 -g -O2
aarch64-w64-mingw32-clang -c -o dlls/ntdll/aarch64-windows/relay.o /Users/runner/work/WineIOS-Core/WineIOS-Core/third_party/wine/dlls/ntdll/relay.c \
  -Idlls/ntdll -I/Users/runner/work/WineIOS-Core/WineIOS-Core/third_party/wine/dlls/ntdll -Iinclude \
  -I/Users/runner/work/WineIOS-Core/WineIOS-Core/third_party/wine/include \
  -I/Users/runner/work/WineIOS-Core/WineIOS-Core/third_party/wine/include/msvcrt \
  -I/Users/runner/work/WineIOS-Core/WineIOS-Core/third_party/wine/libs/tomcrypt/src/headers \
  -D_MSVCR_VER=0 -D__WINESRC__ -DLTC_NO_PROTOTYPES -DLTC_SOURCE -D_NTSYSTEM_ -D_ACRTIMP= \
  -DWINBASEAPI= -D__WINE_PE_BUILD -Wall -fuse-ld=lld --no-default-config -fno-strict-aliasing \
  -Wdeclaration-after-statement -Wempty-body -Wignored-qualifiers -Winit-self \
  -Wno-microsoft-enum-forward-reference -Wstrict-prototypes -Wtype-limits -Wunused-but-set-parameter \
  -Wvla -Wwrite-strings -Wpointer-arith -Wabsolute-value -ffunction-sections \
  -ffp-exception-behavior=maytrap -gdwarf-4 -g -O2
aarch64-w64-mingw32-clang -c -o dlls/ntdll/aarch64-windows/resource.o /Users/runner/work/WineIOS-Core/WineIOS-Core/third_party/wine/dlls/ntdll/resource.c \
  -Idlls/ntdll -I/Users/runner/work/WineIOS-Core/WineIOS-Core/third_party/wine/dlls/ntdll -Iinclude \
  -I/Users/runner/work/WineIOS-Core/WineIOS-Core/third_party/wine/include \
  -I/Users/runner/work/WineIOS-Core/WineIOS-Core/third_party/wine/include/msvcrt \
  -I/Users/runner/work/WineIOS-Core/WineIOS-Core/third_party/wine/libs/tomcrypt/src/headers \
  -D_MSVCR_VER=0 -D__WINESRC__ -DLTC_NO_PROTOTYPES -DLTC_SOURCE -D_NTSYSTEM_ -D_ACRTIMP= \
  -DWINBASEAPI= -D__WINE_PE_BUILD -Wall -fuse-ld=lld --no-default-config -fno-strict-aliasing \
  -Wdeclaration-after-statement -Wempty-body -Wignored-qualifiers -Winit-self \
  -Wno-microsoft-enum-forward-reference -Wstrict-prototypes -Wtype-limits -Wunused-but-set-parameter \
  -Wvla -Wwrite-strings -Wpointer-arith -Wabsolute-value -ffunction-sections \
  -ffp-exception-behavior=maytrap -gdwarf-4 -g -O2
/Users/runner/work/WineIOS-Core/WineIOS-Core/third_party/wine/dlls/ntdll/relay.c:76:22: warning: variable 'debug_snoop_excludelist' set but not used [-Wunused-but-set-global]
aarch64-w64-mingw32-clang -c -o dlls/ntdll/aarch64-windows/rtl.o /Users/runner/work/WineIOS-Core/WineIOS-Core/third_party/wine/dlls/ntdll/rtl.c \
  -Idlls/ntdll -I/Users/runner/work/WineIOS-Core/WineIOS-Core/third_party/wine/dlls/ntdll -Iinclude \
  -I/Users/runner/work/WineIOS-Core/WineIOS-Core/third_party/wine/include \
  -I/Users/runner/work/WineIOS-Core/WineIOS-Core/third_party/wine/include/msvcrt \
  -I/Users/runner/work/WineIOS-Core/WineIOS-Core/third_party/wine/libs/tomcrypt/src/headers \
  -D_MSVCR_VER=0 -D__WINESRC__ -DLTC_NO_PROTOTYPES -DLTC_SOURCE -D_NTSYSTEM_ -D_ACRTIMP= \
  -DWINBASEAPI= -D__WINE_PE_BUILD -Wall -fuse-ld=lld --no-default-config -fno-strict-aliasing \
  -Wdeclaration-after-statement -Wempty-body -Wignored-qualifiers -Winit-self \
  -Wno-microsoft-enum-forward-reference -Wstrict-prototypes -Wtype-limits -Wunused-but-set-parameter \
  -Wvla -Wwrite-strings -Wpointer-arith -Wabsolute-value -ffunction-sections \
  -ffp-exception-behavior=maytrap -gdwarf-4 -g -O2
   76 | static const WCHAR **debug_snoop_excludelist;
      |                      ^
/Users/runner/work/WineIOS-Core/WineIOS-Core/third_party/wine/dlls/ntdll/relay.c:77:22: warning: variable 'debug_snoop_includelist' set but not used [-Wunused-but-set-global]
   77 | static const WCHAR **debug_snoop_includelist;
      |                      ^
/Users/runner/work/WineIOS-Core/WineIOS-Core/third_party/wine/dlls/ntdll/relay.c:80:22: warning: variable 'debug_from_snoop_excludelist' set but not used [-Wunused-but-set-global]
   80 | static const WCHAR **debug_from_snoop_excludelist;
      |                      ^
/Users/runner/work/WineIOS-Core/WineIOS-Core/third_party/wine/dlls/ntdll/relay.c:81:22: warning: variable 'debug_from_snoop_includelist' set but not used [-Wunused-but-set-global]
   81 | static const WCHAR **debug_from_snoop_includelist;
      |                      ^
4 warnings generated.
aarch64-w64-mingw32-clang -c -o dlls/ntdll/aarch64-windows/rtlbitmap.o /Users/runner/work/WineIOS-Core/WineIOS-Core/third_party/wine/dlls/ntdll/rtlbitmap.c \
  -Idlls/ntdll -I/Users/runner/work/WineIOS-Core/WineIOS-Core/third_party/wine/dlls/ntdll -Iinclude \
  -I/Users/runner/work/WineIOS-Core/WineIOS-Core/third_party/wine/include \
  -I/Users/runner/work/WineIOS-Core/WineIOS-Core/third_party/wine/include/msvcrt \
  -I/Users/runner/work/WineIOS-Core/WineIOS-Core/third_party/wine/libs/tomcrypt/src/headers \
  -D_MSVCR_VER=0 -D__WINESRC__ -DLTC_NO_PROTOTYPES -DLTC_SOURCE -D_NTSYSTEM_ -D_ACRTIMP= \
  -DWINBASEAPI= -D__WINE_PE_BUILD -Wall -fuse-ld=lld --no-default-config -fno-strict-aliasing \
  -Wdeclaration-after-statement -Wempty-body -Wignored-qualifiers -Winit-self \
  -Wno-microsoft-enum-forward-reference -Wstrict-prototypes -Wtype-limits -Wunused-but-set-parameter \
  -Wvla -Wwrite-strings -Wpointer-arith -Wabsolute-value -ffunction-sections \
  -ffp-exception-behavior=maytrap -gdwarf-4 -g -O2
aarch64-w64-mingw32-clang -c -o dlls/ntdll/aarch64-windows/rtlstr.o /Users/runner/work/WineIOS-Core/WineIOS-Core/third_party/wine/dlls/ntdll/rtlstr.c \
  -Idlls/ntdll -I/Users/runner/work/WineIOS-Core/WineIOS-Core/third_party/wine/dlls/ntdll -Iinclude \
  -I/Users/runner/work/WineIOS-Core/WineIOS-Core/third_party/wine/include \
  -I/Users/runner/work/WineIOS-Core/WineIOS-Core/third_party/wine/include/msvcrt \
  -I/Users/runner/work/WineIOS-Core/WineIOS-Core/third_party/wine/libs/tomcrypt/src/headers \
  -D_MSVCR_VER=0 -D__WINESRC__ -DLTC_NO_PROTOTYPES -DLTC_SOURCE -D_NTSYSTEM_ -D_ACRTIMP= \
  -DWINBASEAPI= -D__WINE_PE_BUILD -Wall -fuse-ld=lld --no-default-config -fno-strict-aliasing \
  -Wdeclaration-after-statement -Wempty-body -Wignored-qualifiers -Winit-self \
  -Wno-microsoft-enum-forward-reference -Wstrict-prototypes -Wtype-limits -Wunused-but-set-parameter \
  -Wvla -Wwrite-strings -Wpointer-arith -Wabsolute-value -ffunction-sections \
  -ffp-exception-behavior=maytrap -gdwarf-4 -g -O2
aarch64-w64-mingw32-clang -c -o dlls/ntdll/aarch64-windows/sec.o /Users/runner/work/WineIOS-Core/WineIOS-Core/third_party/wine/dlls/ntdll/sec.c \
  -Idlls/ntdll -I/Users/runner/work/WineIOS-Core/WineIOS-Core/third_party/wine/dlls/ntdll -Iinclude \
  -I/Users/runner/work/WineIOS-Core/WineIOS-Core/third_party/wine/include \
  -I/Users/runner/work/WineIOS-Core/WineIOS-Core/third_party/wine/include/msvcrt \
  -I/Users/runner/work/WineIOS-Core/WineIOS-Core/third_party/wine/libs/tomcrypt/src/headers \
  -D_MSVCR_VER=0 -D__WINESRC__ -DLTC_NO_PROTOTYPES -DLTC_SOURCE -D_NTSYSTEM_ -D_ACRTIMP= \
  -DWINBASEAPI= -D__WINE_PE_BUILD -Wall -fuse-ld=lld --no-default-config -fno-strict-aliasing \
  -Wdeclaration-after-statement -Wempty-body -Wignored-qualifiers -Winit-self \
  -Wno-microsoft-enum-forward-reference -Wstrict-prototypes -Wtype-limits -Wunused-but-set-parameter \
  -Wvla -Wwrite-strings -Wpointer-arith -Wabsolute-value -ffunction-sections \
  -ffp-exception-behavior=maytrap -gdwarf-4 -g -O2
aarch64-w64-mingw32-clang -c -o dlls/ntdll/aarch64-windows/signal_arm.o /Users/runner/work/WineIOS-Core/WineIOS-Core/third_party/wine/dlls/ntdll/signal_arm.c \
  -Idlls/ntdll -I/Users/runner/work/WineIOS-Core/WineIOS-Core/third_party/wine/dlls/ntdll -Iinclude \
  -I/Users/runner/work/WineIOS-Core/WineIOS-Core/third_party/wine/include \
  -I/Users/runner/work/WineIOS-Core/WineIOS-Core/third_party/wine/include/msvcrt \
  -I/Users/runner/work/WineIOS-Core/WineIOS-Core/third_party/wine/libs/tomcrypt/src/headers \
  -D_MSVCR_VER=0 -D__WINESRC__ -DLTC_NO_PROTOTYPES -DLTC_SOURCE -D_NTSYSTEM_ -D_ACRTIMP= \
  -DWINBASEAPI= -D__WINE_PE_BUILD -Wall -fuse-ld=lld --no-default-config -fno-strict-aliasing \
  -Wdeclaration-after-statement -Wempty-body -Wignored-qualifiers -Winit-self \
  -Wno-microsoft-enum-forward-reference -Wstrict-prototypes -Wtype-limits -Wunused-but-set-parameter \
  -Wvla -Wwrite-strings -Wpointer-arith -Wabsolute-value -ffunction-sections \
  -ffp-exception-behavior=maytrap -gdwarf-4 -g -O2
aarch64-w64-mingw32-clang -c -o dlls/ntdll/aarch64-windows/signal_arm64.o /Users/runner/work/WineIOS-Core/WineIOS-Core/third_party/wine/dlls/ntdll/signal_arm64.c \
  -Idlls/ntdll -I/Users/runner/work/WineIOS-Core/WineIOS-Core/third_party/wine/dlls/ntdll -Iinclude \
  -I/Users/runner/work/WineIOS-Core/WineIOS-Core/third_party/wine/include \
  -I/Users/runner/work/WineIOS-Core/WineIOS-Core/third_party/wine/include/msvcrt \
  -I/Users/runner/work/WineIOS-Core/WineIOS-Core/third_party/wine/libs/tomcrypt/src/headers \
  -D_MSVCR_VER=0 -D__WINESRC__ -DLTC_NO_PROTOTYPES -DLTC_SOURCE -D_NTSYSTEM_ -D_ACRTIMP= \
  -DWINBASEAPI= -D__WINE_PE_BUILD -Wall -fuse-ld=lld --no-default-config -fno-strict-aliasing \
  -Wdeclaration-after-statement -Wempty-body -Wignored-qualifiers -Winit-self \
  -Wno-microsoft-enum-forward-reference -Wstrict-prototypes -Wtype-limits -Wunused-but-set-parameter \
  -Wvla -Wwrite-strings -Wpointer-arith -Wabsolute-value -ffunction-sections \
  -ffp-exception-behavior=maytrap -gdwarf-4 -g -O2
aarch64-w64-mingw32-clang -c -o dlls/ntdll/aarch64-windows/signal_arm64ec.o /Users/runner/work/WineIOS-Core/WineIOS-Core/third_party/wine/dlls/ntdll/signal_arm64ec.c \
  -Idlls/ntdll -I/Users/runner/work/WineIOS-Core/WineIOS-Core/third_party/wine/dlls/ntdll -Iinclude \
  -I/Users/runner/work/WineIOS-Core/WineIOS-Core/third_party/wine/include \
  -I/Users/runner/work/WineIOS-Core/WineIOS-Core/third_party/wine/include/msvcrt \
  -I/Users/runner/work/WineIOS-Core/WineIOS-Core/third_party/wine/libs/tomcrypt/src/headers \
  -D_MSVCR_VER=0 -D__WINESRC__ -DLTC_NO_PROTOTYPES -DLTC_SOURCE -D_NTSYSTEM_ -D_ACRTIMP= \
  -DWINBASEAPI= -D__WINE_PE_BUILD -Wall -fuse-ld=lld --no-default-config -fno-strict-aliasing \
  -Wdeclaration-after-statement -Wempty-body -Wignored-qualifiers -Winit-self \
  -Wno-microsoft-enum-forward-reference -Wstrict-prototypes -Wtype-limits -Wunused-but-set-parameter \
  -Wvla -Wwrite-strings -Wpointer-arith -Wabsolute-value -ffunction-sections \
  -ffp-exception-behavior=maytrap -gdwarf-4 -g -O2
aarch64-w64-mingw32-clang -c -o dlls/ntdll/aarch64-windows/signal_i386.o /Users/runner/work/WineIOS-Core/WineIOS-Core/third_party/wine/dlls/ntdll/signal_i386.c \
  -Idlls/ntdll -I/Users/runner/work/WineIOS-Core/WineIOS-Core/third_party/wine/dlls/ntdll -Iinclude \
  -I/Users/runner/work/WineIOS-Core/WineIOS-Core/third_party/wine/include \
  -I/Users/runner/work/WineIOS-Core/WineIOS-Core/third_party/wine/include/msvcrt \
  -I/Users/runner/work/WineIOS-Core/WineIOS-Core/third_party/wine/libs/tomcrypt/src/headers \
  -D_MSVCR_VER=0 -D__WINESRC__ -DLTC_NO_PROTOTYPES -DLTC_SOURCE -D_NTSYSTEM_ -D_ACRTIMP= \
  -DWINBASEAPI= -D__WINE_PE_BUILD -Wall -fuse-ld=lld --no-default-config -fno-strict-aliasing \
  -Wdeclaration-after-statement -Wempty-body -Wignored-qualifiers -Winit-self \
  -Wno-microsoft-enum-forward-reference -Wstrict-prototypes -Wtype-limits -Wunused-but-set-parameter \
  -Wvla -Wwrite-strings -Wpointer-arith -Wabsolute-value -ffunction-sections \
  -ffp-exception-behavior=maytrap -gdwarf-4 -g -O2
aarch64-w64-mingw32-clang -c -o dlls/ntdll/aarch64-windows/signal_x86_64.o /Users/runner/work/WineIOS-Core/WineIOS-Core/third_party/wine/dlls/ntdll/signal_x86_64.c \
  -Idlls/ntdll -I/Users/runner/work/WineIOS-Core/WineIOS-Core/third_party/wine/dlls/ntdll -Iinclude \
  -I/Users/runner/work/WineIOS-Core/WineIOS-Core/third_party/wine/include \
  -I/Users/runner/work/WineIOS-Core/WineIOS-Core/third_party/wine/include/msvcrt \
  -I/Users/runner/work/WineIOS-Core/WineIOS-Core/third_party/wine/libs/tomcrypt/src/headers \
  -D_MSVCR_VER=0 -D__WINESRC__ -DLTC_NO_PROTOTYPES -DLTC_SOURCE -D_NTSYSTEM_ -D_ACRTIMP= \
  -DWINBASEAPI= -D__WINE_PE_BUILD -Wall -fuse-ld=lld --no-default-config -fno-strict-aliasing \
  -Wdeclaration-after-statement -Wempty-body -Wignored-qualifiers -Winit-self \
  -Wno-microsoft-enum-forward-reference -Wstrict-prototypes -Wtype-limits -Wunused-but-set-parameter \
  -Wvla -Wwrite-strings -Wpointer-arith -Wabsolute-value -ffunction-sections \
  -ffp-exception-behavior=maytrap -gdwarf-4 -g -O2
aarch64-w64-mingw32-clang -c -o dlls/ntdll/aarch64-windows/string.o /Users/runner/work/WineIOS-Core/WineIOS-Core/third_party/wine/dlls/ntdll/string.c \
  -Idlls/ntdll -I/Users/runner/work/WineIOS-Core/WineIOS-Core/third_party/wine/dlls/ntdll -Iinclude \
  -I/Users/runner/work/WineIOS-Core/WineIOS-Core/third_party/wine/include \
  -I/Users/runner/work/WineIOS-Core/WineIOS-Core/third_party/wine/include/msvcrt \
  -I/Users/runner/work/WineIOS-Core/WineIOS-Core/third_party/wine/libs/tomcrypt/src/headers \
  -D_MSVCR_VER=0 -D__WINESRC__ -DLTC_NO_PROTOTYPES -DLTC_SOURCE -D_NTSYSTEM_ -D_ACRTIMP= \
  -DWINBASEAPI= -D__WINE_PE_BUILD -Wall -fuse-ld=lld --no-default-config -fno-strict-aliasing \
  -Wdeclaration-after-statement -Wempty-body -Wignored-qualifiers -Winit-self \
  -Wno-microsoft-enum-forward-reference -Wstrict-prototypes -Wtype-limits -Wunused-but-set-parameter \
  -Wvla -Wwrite-strings -Wpointer-arith -Wabsolute-value -ffunction-sections \
  -ffp-exception-behavior=maytrap -gdwarf-4 -g -O2
aarch64-w64-mingw32-clang -c -o dlls/ntdll/aarch64-windows/sync.o /Users/runner/work/WineIOS-Core/WineIOS-Core/third_party/wine/dlls/ntdll/sync.c \
  -Idlls/ntdll -I/Users/runner/work/WineIOS-Core/WineIOS-Core/third_party/wine/dlls/ntdll -Iinclude \
  -I/Users/runner/work/WineIOS-Core/WineIOS-Core/third_party/wine/include \
  -I/Users/runner/work/WineIOS-Core/WineIOS-Core/third_party/wine/include/msvcrt \
  -I/Users/runner/work/WineIOS-Core/WineIOS-Core/third_party/wine/libs/tomcrypt/src/headers \
  -D_MSVCR_VER=0 -D__WINESRC__ -DLTC_NO_PROTOTYPES -DLTC_SOURCE -D_NTSYSTEM_ -D_ACRTIMP= \
  -DWINBASEAPI= -D__WINE_PE_BUILD -Wall -fuse-ld=lld --no-default-config -fno-strict-aliasing \
  -Wdeclaration-after-statement -Wempty-body -Wignored-qualifiers -Winit-self \
  -Wno-microsoft-enum-forward-reference -Wstrict-prototypes -Wtype-limits -Wunused-but-set-parameter \
  -Wvla -Wwrite-strings -Wpointer-arith -Wabsolute-value -ffunction-sections \
  -ffp-exception-behavior=maytrap -gdwarf-4 -g -O2
aarch64-w64-mingw32-clang -c -o dlls/ntdll/aarch64-windows/thread.o /Users/runner/work/WineIOS-Core/WineIOS-Core/third_party/wine/dlls/ntdll/thread.c \
  -Idlls/ntdll -I/Users/runner/work/WineIOS-Core/WineIOS-Core/third_party/wine/dlls/ntdll -Iinclude \
  -I/Users/runner/work/WineIOS-Core/WineIOS-Core/third_party/wine/include \
  -I/Users/runner/work/WineIOS-Core/WineIOS-Core/third_party/wine/include/msvcrt \
  -I/Users/runner/work/WineIOS-Core/WineIOS-Core/third_party/wine/libs/tomcrypt/src/headers \
  -D_MSVCR_VER=0 -D__WINESRC__ -DLTC_NO_PROTOTYPES -DLTC_SOURCE -D_NTSYSTEM_ -D_ACRTIMP= \
  -DWINBASEAPI= -D__WINE_PE_BUILD -Wall -fuse-ld=lld --no-default-config -fno-strict-aliasing \
  -Wdeclaration-after-statement -Wempty-body -Wignored-qualifiers -Winit-self \
  -Wno-microsoft-enum-forward-reference -Wstrict-prototypes -Wtype-limits -Wunused-but-set-parameter \
  -Wvla -Wwrite-strings -Wpointer-arith -Wabsolute-value -ffunction-sections \
  -ffp-exception-behavior=maytrap -gdwarf-4 -g -O2
aarch64-w64-mingw32-clang -c -o dlls/ntdll/aarch64-windows/threadpool.o /Users/runner/work/WineIOS-Core/WineIOS-Core/third_party/wine/dlls/ntdll/threadpool.c \
  -Idlls/ntdll -I/Users/runner/work/WineIOS-Core/WineIOS-Core/third_party/wine/dlls/ntdll -Iinclude \
  -I/Users/runner/work/WineIOS-Core/WineIOS-Core/third_party/wine/include \
  -I/Users/runner/work/WineIOS-Core/WineIOS-Core/third_party/wine/include/msvcrt \
  -I/Users/runner/work/WineIOS-Core/WineIOS-Core/third_party/wine/libs/tomcrypt/src/headers \
  -D_MSVCR_VER=0 -D__WINESRC__ -DLTC_NO_PROTOTYPES -DLTC_SOURCE -D_NTSYSTEM_ -D_ACRTIMP= \
  -DWINBASEAPI= -D__WINE_PE_BUILD -Wall -fuse-ld=lld --no-default-config -fno-strict-aliasing \
  -Wdeclaration-after-statement -Wempty-body -Wignored-qualifiers -Winit-self \
  -Wno-microsoft-enum-forward-reference -Wstrict-prototypes -Wtype-limits -Wunused-but-set-parameter \
  -Wvla -Wwrite-strings -Wpointer-arith -Wabsolute-value -ffunction-sections \
  -ffp-exception-behavior=maytrap -gdwarf-4 -g -O2
aarch64-w64-mingw32-clang -c -o dlls/ntdll/aarch64-windows/time.o /Users/runner/work/WineIOS-Core/WineIOS-Core/third_party/wine/dlls/ntdll/time.c \
  -Idlls/ntdll -I/Users/runner/work/WineIOS-Core/WineIOS-Core/third_party/wine/dlls/ntdll -Iinclude \
  -I/Users/runner/work/WineIOS-Core/WineIOS-Core/third_party/wine/include \
  -I/Users/runner/work/WineIOS-Core/WineIOS-Core/third_party/wine/include/msvcrt \
  -I/Users/runner/work/WineIOS-Core/WineIOS-Core/third_party/wine/libs/tomcrypt/src/headers \
  -D_MSVCR_VER=0 -D__WINESRC__ -DLTC_NO_PROTOTYPES -DLTC_SOURCE -D_NTSYSTEM_ -D_ACRTIMP= \
  -DWINBASEAPI= -D__WINE_PE_BUILD -Wall -fuse-ld=lld --no-default-config -fno-strict-aliasing \
  -Wdeclaration-after-statement -Wempty-body -Wignored-qualifiers -Winit-self \
  -Wno-microsoft-enum-forward-reference -Wstrict-prototypes -Wtype-limits -Wunused-but-set-parameter \
  -Wvla -Wwrite-strings -Wpointer-arith -Wabsolute-value -ffunction-sections \
  -ffp-exception-behavior=maytrap -gdwarf-4 -g -O2
aarch64-w64-mingw32-clang -c -o dlls/ntdll/aarch64-windows/unwind.o /Users/runner/work/WineIOS-Core/WineIOS-Core/third_party/wine/dlls/ntdll/unwind.c \
  -Idlls/ntdll -I/Users/runner/work/WineIOS-Core/WineIOS-Core/third_party/wine/dlls/ntdll -Iinclude \
  -I/Users/runner/work/WineIOS-Core/WineIOS-Core/third_party/wine/include \
  -I/Users/runner/work/WineIOS-Core/WineIOS-Core/third_party/wine/include/msvcrt \
  -I/Users/runner/work/WineIOS-Core/WineIOS-Core/third_party/wine/libs/tomcrypt/src/headers \
  -D_MSVCR_VER=0 -D__WINESRC__ -DLTC_NO_PROTOTYPES -DLTC_SOURCE -D_NTSYSTEM_ -D_ACRTIMP= \
  -DWINBASEAPI= -D__WINE_PE_BUILD -Wall -fuse-ld=lld --no-default-config -fno-strict-aliasing \
  -Wdeclaration-after-statement -Wempty-body -Wignored-qualifiers -Winit-self \
  -Wno-microsoft-enum-forward-reference -Wstrict-prototypes -Wtype-limits -Wunused-but-set-parameter \
  -Wvla -Wwrite-strings -Wpointer-arith -Wabsolute-value -ffunction-sections \
  -ffp-exception-behavior=maytrap -gdwarf-4 -g -O2
aarch64-w64-mingw32-clang -c -o dlls/ntdll/aarch64-windows/version.o /Users/runner/work/WineIOS-Core/WineIOS-Core/third_party/wine/dlls/ntdll/version.c \
  -Idlls/ntdll -I/Users/runner/work/WineIOS-Core/WineIOS-Core/third_party/wine/dlls/ntdll -Iinclude \
  -I/Users/runner/work/WineIOS-Core/WineIOS-Core/third_party/wine/include \
  -I/Users/runner/work/WineIOS-Core/WineIOS-Core/third_party/wine/include/msvcrt \
  -I/Users/runner/work/WineIOS-Core/WineIOS-Core/third_party/wine/libs/tomcrypt/src/headers \
  -D_MSVCR_VER=0 -D__WINESRC__ -DLTC_NO_PROTOTYPES -DLTC_SOURCE -D_NTSYSTEM_ -D_ACRTIMP= \
  -DWINBASEAPI= -D__WINE_PE_BUILD -Wall -fuse-ld=lld --no-default-config -fno-strict-aliasing \
  -Wdeclaration-after-statement -Wempty-body -Wignored-qualifiers -Winit-self \
  -Wno-microsoft-enum-forward-reference -Wstrict-prototypes -Wtype-limits -Wunused-but-set-parameter \
  -Wvla -Wwrite-strings -Wpointer-arith -Wabsolute-value -ffunction-sections \
  -ffp-exception-behavior=maytrap -gdwarf-4 -g -O2
aarch64-w64-mingw32-clang -c -o dlls/ntdll/aarch64-windows/wcstring.o /Users/runner/work/WineIOS-Core/WineIOS-Core/third_party/wine/dlls/ntdll/wcstring.c \
  -Idlls/ntdll -I/Users/runner/work/WineIOS-Core/WineIOS-Core/third_party/wine/dlls/ntdll -Iinclude \
  -I/Users/runner/work/WineIOS-Core/WineIOS-Core/third_party/wine/include \
  -I/Users/runner/work/WineIOS-Core/WineIOS-Core/third_party/wine/include/msvcrt \
  -I/Users/runner/work/WineIOS-Core/WineIOS-Core/third_party/wine/libs/tomcrypt/src/headers \
  -D_MSVCR_VER=0 -D__WINESRC__ -DLTC_NO_PROTOTYPES -DLTC_SOURCE -D_NTSYSTEM_ -D_ACRTIMP= \
  -DWINBASEAPI= -D__WINE_PE_BUILD -Wall -fuse-ld=lld --no-default-config -fno-strict-aliasing \
  -Wdeclaration-after-statement -Wempty-body -Wignored-qualifiers -Winit-self \
  -Wno-microsoft-enum-forward-reference -Wstrict-prototypes -Wtype-limits -Wunused-but-set-parameter \
  -Wvla -Wwrite-strings -Wpointer-arith -Wabsolute-value -ffunction-sections \
  -ffp-exception-behavior=maytrap -gdwarf-4 -g -O2
rm -f nls/locale.nls && ln -s /Users/runner/work/WineIOS-Core/WineIOS-Core/third_party/wine/nls/locale.nls nls/locale.nls
aarch64-w64-mingw32-clang -c -o libs/tomcrypt/aarch64-windows/mpi.o /Users/runner/work/WineIOS-Core/WineIOS-Core/third_party/wine/libs/tomcrypt/mpi.c \
  -Ilibs/tomcrypt -I/Users/runner/work/WineIOS-Core/WineIOS-Core/third_party/wine/libs/tomcrypt \
  -Iinclude -I/Users/runner/work/WineIOS-Core/WineIOS-Core/third_party/wine/include \
  -I/Users/runner/work/WineIOS-Core/WineIOS-Core/third_party/wine/include/msvcrt \
  -I/Users/runner/work/WineIOS-Core/WineIOS-Core/third_party/wine/libs/tomcrypt/src/headers -D_UCRT \
  -DLTC_NO_PROTOTYPES -DLTC_SOURCE -D_ACRTIMP= -DLTC_NO_TEST -DMP_32BIT= -D__WINE_PE_BUILD \
  -fuse-ld=lld --no-default-config -fno-strict-aliasing -Wno-microsoft-enum-forward-reference \
  -ffunction-sections -ffp-exception-behavior=maytrap -gdwarf-4 -g -O2
aarch64-w64-mingw32-clang -c -o libs/tomcrypt/aarch64-windows/src/ciphers/aes/aes.o /Users/runner/work/WineIOS-Core/WineIOS-Core/third_party/wine/libs/tomcrypt/src/ciphers/aes/aes.c \
  -Ilibs/tomcrypt -I/Users/runner/work/WineIOS-Core/WineIOS-Core/third_party/wine/libs/tomcrypt \
  -Iinclude -I/Users/runner/work/WineIOS-Core/WineIOS-Core/third_party/wine/include \
  -I/Users/runner/work/WineIOS-Core/WineIOS-Core/third_party/wine/include/msvcrt \
  -I/Users/runner/work/WineIOS-Core/WineIOS-Core/third_party/wine/libs/tomcrypt/src/headers -D_UCRT \
  -DLTC_NO_PROTOTYPES -DLTC_SOURCE -D_ACRTIMP= -DLTC_NO_TEST -DMP_32BIT= -D__WINE_PE_BUILD \
  -fuse-ld=lld --no-default-config -fno-strict-aliasing -Wno-microsoft-enum-forward-reference \
  -ffunction-sections -ffp-exception-behavior=maytrap -gdwarf-4 -g -O2
aarch64-w64-mingw32-clang -c -o libs/tomcrypt/aarch64-windows/src/ciphers/aes/aes_tab.o /Users/runner/work/WineIOS-Core/WineIOS-Core/third_party/wine/libs/tomcrypt/src/ciphers/aes/aes_tab.c \
  -Ilibs/tomcrypt -I/Users/runner/work/WineIOS-Core/WineIOS-Core/third_party/wine/libs/tomcrypt \
  -Iinclude -I/Users/runner/work/WineIOS-Core/WineIOS-Core/third_party/wine/include \
  -I/Users/runner/work/WineIOS-Core/WineIOS-Core/third_party/wine/include/msvcrt \
  -I/Users/runner/work/WineIOS-Core/WineIOS-Core/third_party/wine/libs/tomcrypt/src/headers -D_UCRT \
  -DLTC_NO_PROTOTYPES -DLTC_SOURCE -D_ACRTIMP= -DLTC_NO_TEST -DMP_32BIT= -D__WINE_PE_BUILD \
  -fuse-ld=lld --no-default-config -fno-strict-aliasing -Wno-microsoft-enum-forward-reference \
  -ffunction-sections -ffp-exception-behavior=maytrap -gdwarf-4 -g -O2
aarch64-w64-mingw32-clang -c -o libs/tomcrypt/aarch64-windows/src/ciphers/blowfish.o /Users/runner/work/WineIOS-Core/WineIOS-Core/third_party/wine/libs/tomcrypt/src/ciphers/blowfish.c \
  -Ilibs/tomcrypt -I/Users/runner/work/WineIOS-Core/WineIOS-Core/third_party/wine/libs/tomcrypt \
  -Iinclude -I/Users/runner/work/WineIOS-Core/WineIOS-Core/third_party/wine/include \
  -I/Users/runner/work/WineIOS-Core/WineIOS-Core/third_party/wine/include/msvcrt \
  -I/Users/runner/work/WineIOS-Core/WineIOS-Core/third_party/wine/libs/tomcrypt/src/headers -D_UCRT \
  -DLTC_NO_PROTOTYPES -DLTC_SOURCE -D_ACRTIMP= -DLTC_NO_TEST -DMP_32BIT= -D__WINE_PE_BUILD \
  -fuse-ld=lld --no-default-config -fno-strict-aliasing -Wno-microsoft-enum-forward-reference \
  -ffunction-sections -ffp-exception-behavior=maytrap -gdwarf-4 -g -O2
aarch64-w64-mingw32-clang -c -o libs/tomcrypt/aarch64-windows/src/ciphers/des.o /Users/runner/work/WineIOS-Core/WineIOS-Core/third_party/wine/libs/tomcrypt/src/ciphers/des.c \
  -Ilibs/tomcrypt -I/Users/runner/work/WineIOS-Core/WineIOS-Core/third_party/wine/libs/tomcrypt \
  -Iinclude -I/Users/runner/work/WineIOS-Core/WineIOS-Core/third_party/wine/include \
  -I/Users/runner/work/WineIOS-Core/WineIOS-Core/third_party/wine/include/msvcrt \
  -I/Users/runner/work/WineIOS-Core/WineIOS-Core/third_party/wine/libs/tomcrypt/src/headers -D_UCRT \
  -DLTC_NO_PROTOTYPES -DLTC_SOURCE -D_ACRTIMP= -DLTC_NO_TEST -DMP_32BIT= -D__WINE_PE_BUILD \
  -fuse-ld=lld --no-default-config -fno-strict-aliasing -Wno-microsoft-enum-forward-reference \
  -ffunction-sections -ffp-exception-behavior=maytrap -gdwarf-4 -g -O2
aarch64-w64-mingw32-clang -c -o libs/tomcrypt/aarch64-windows/src/ciphers/rc2.o /Users/runner/work/WineIOS-Core/WineIOS-Core/third_party/wine/libs/tomcrypt/src/ciphers/rc2.c \
  -Ilibs/tomcrypt -I/Users/runner/work/WineIOS-Core/WineIOS-Core/third_party/wine/libs/tomcrypt \
  -Iinclude -I/Users/runner/work/WineIOS-Core/WineIOS-Core/third_party/wine/include \
  -I/Users/runner/work/WineIOS-Core/WineIOS-Core/third_party/wine/include/msvcrt \
  -I/Users/runner/work/WineIOS-Core/WineIOS-Core/third_party/wine/libs/tomcrypt/src/headers -D_UCRT \
  -DLTC_NO_PROTOTYPES -DLTC_SOURCE -D_ACRTIMP= -DLTC_NO_TEST -DMP_32BIT= -D__WINE_PE_BUILD \
  -fuse-ld=lld --no-default-config -fno-strict-aliasing -Wno-microsoft-enum-forward-reference \
  -ffunction-sections -ffp-exception-behavior=maytrap -gdwarf-4 -g -O2
aarch64-w64-mingw32-clang -c -o libs/tomcrypt/aarch64-windows/src/encauth/ccm/ccm_add_aad.o /Users/runner/work/WineIOS-Core/WineIOS-Core/third_party/wine/libs/tomcrypt/src/encauth/ccm/ccm_add_aad.c \
  -Ilibs/tomcrypt -I/Users/runner/work/WineIOS-Core/WineIOS-Core/third_party/wine/libs/tomcrypt \
  -Iinclude -I/Users/runner/work/WineIOS-Core/WineIOS-Core/third_party/wine/include \
  -I/Users/runner/work/WineIOS-Core/WineIOS-Core/third_party/wine/include/msvcrt \
  -I/Users/runner/work/WineIOS-Core/WineIOS-Core/third_party/wine/libs/tomcrypt/src/headers -D_UCRT \
  -DLTC_NO_PROTOTYPES -DLTC_SOURCE -D_ACRTIMP= -DLTC_NO_TEST -DMP_32BIT= -D__WINE_PE_BUILD \
  -fuse-ld=lld --no-default-config -fno-strict-aliasing -Wno-microsoft-enum-forward-reference \
  -ffunction-sections -ffp-exception-behavior=maytrap -gdwarf-4 -g -O2
aarch64-w64-mingw32-clang -c -o libs/tomcrypt/aarch64-windows/src/encauth/ccm/ccm_add_nonce.o /Users/runner/work/WineIOS-Core/WineIOS-Core/third_party/wine/libs/tomcrypt/src/encauth/ccm/ccm_add_nonce.c \
  -Ilibs/tomcrypt -I/Users/runner/work/WineIOS-Core/WineIOS-Core/third_party/wine/libs/tomcrypt \
  -Iinclude -I/Users/runner/work/WineIOS-Core/WineIOS-Core/third_party/wine/include \
  -I/Users/runner/work/WineIOS-Core/WineIOS-Core/third_party/wine/include/msvcrt \
  -I/Users/runner/work/WineIOS-Core/WineIOS-Core/third_party/wine/libs/tomcrypt/src/headers -D_UCRT \
  -DLTC_NO_PROTOTYPES -DLTC_SOURCE -D_ACRTIMP= -DLTC_NO_TEST -DMP_32BIT= -D__WINE_PE_BUILD \
  -fuse-ld=lld --no-default-config -fno-strict-aliasing -Wno-microsoft-enum-forward-reference \
  -ffunction-sections -ffp-exception-behavior=maytrap -gdwarf-4 -g -O2
aarch64-w64-mingw32-clang -c -o libs/tomcrypt/aarch64-windows/src/encauth/ccm/ccm_done.o /Users/runner/work/WineIOS-Core/WineIOS-Core/third_party/wine/libs/tomcrypt/src/encauth/ccm/ccm_done.c \
  -Ilibs/tomcrypt -I/Users/runner/work/WineIOS-Core/WineIOS-Core/third_party/wine/libs/tomcrypt \
  -Iinclude -I/Users/runner/work/WineIOS-Core/WineIOS-Core/third_party/wine/include \
  -I/Users/runner/work/WineIOS-Core/WineIOS-Core/third_party/wine/include/msvcrt \
  -I/Users/runner/work/WineIOS-Core/WineIOS-Core/third_party/wine/libs/tomcrypt/src/headers -D_UCRT \
  -DLTC_NO_PROTOTYPES -DLTC_SOURCE -D_ACRTIMP= -DLTC_NO_TEST -DMP_32BIT= -D__WINE_PE_BUILD \
  -fuse-ld=lld --no-default-config -fno-strict-aliasing -Wno-microsoft-enum-forward-reference \
  -ffunction-sections -ffp-exception-behavior=maytrap -gdwarf-4 -g -O2
aarch64-w64-mingw32-clang -c -o libs/tomcrypt/aarch64-windows/src/encauth/ccm/ccm_init.o /Users/runner/work/WineIOS-Core/WineIOS-Core/third_party/wine/libs/tomcrypt/src/encauth/ccm/ccm_init.c \
  -Ilibs/tomcrypt -I/Users/runner/work/WineIOS-Core/WineIOS-Core/third_party/wine/libs/tomcrypt \
  -Iinclude -I/Users/runner/work/WineIOS-Core/WineIOS-Core/third_party/wine/include \
  -I/Users/runner/work/WineIOS-Core/WineIOS-Core/third_party/wine/include/msvcrt \
  -I/Users/runner/work/WineIOS-Core/WineIOS-Core/third_party/wine/libs/tomcrypt/src/headers -D_UCRT \
  -DLTC_NO_PROTOTYPES -DLTC_SOURCE -D_ACRTIMP= -DLTC_NO_TEST -DMP_32BIT= -D__WINE_PE_BUILD \
  -fuse-ld=lld --no-default-config -fno-strict-aliasing -Wno-microsoft-enum-forward-reference \
  -ffunction-sections -ffp-exception-behavior=maytrap -gdwarf-4 -g -O2
aarch64-w64-mingw32-clang -c -o libs/tomcrypt/aarch64-windows/src/encauth/ccm/ccm_memory.o /Users/runner/work/WineIOS-Core/WineIOS-Core/third_party/wine/libs/tomcrypt/src/encauth/ccm/ccm_memory.c \
  -Ilibs/tomcrypt -I/Users/runner/work/WineIOS-Core/WineIOS-Core/third_party/wine/libs/tomcrypt \
  -Iinclude -I/Users/runner/work/WineIOS-Core/WineIOS-Core/third_party/wine/include \
  -I/Users/runner/work/WineIOS-Core/WineIOS-Core/third_party/wine/include/msvcrt \
  -I/Users/runner/work/WineIOS-Core/WineIOS-Core/third_party/wine/libs/tomcrypt/src/headers -D_UCRT \
  -DLTC_NO_PROTOTYPES -DLTC_SOURCE -D_ACRTIMP= -DLTC_NO_TEST -DMP_32BIT= -D__WINE_PE_BUILD \
  -fuse-ld=lld --no-default-config -fno-strict-aliasing -Wno-microsoft-enum-forward-reference \
  -ffunction-sections -ffp-exception-behavior=maytrap -gdwarf-4 -g -O2
aarch64-w64-mingw32-clang -c -o libs/tomcrypt/aarch64-windows/src/encauth/ccm/ccm_process.o /Users/runner/work/WineIOS-Core/WineIOS-Core/third_party/wine/libs/tomcrypt/src/encauth/ccm/ccm_process.c \
  -Ilibs/tomcrypt -I/Users/runner/work/WineIOS-Core/WineIOS-Core/third_party/wine/libs/tomcrypt \
  -Iinclude -I/Users/runner/work/WineIOS-Core/WineIOS-Core/third_party/wine/include \
  -I/Users/runner/work/WineIOS-Core/WineIOS-Core/third_party/wine/include/msvcrt \
  -I/Users/runner/work/WineIOS-Core/WineIOS-Core/third_party/wine/libs/tomcrypt/src/headers -D_UCRT \
  -DLTC_NO_PROTOTYPES -DLTC_SOURCE -D_ACRTIMP= -DLTC_NO_TEST -DMP_32BIT= -D__WINE_PE_BUILD \
  -fuse-ld=lld --no-default-config -fno-strict-aliasing -Wno-microsoft-enum-forward-reference \
  -ffunction-sections -ffp-exception-behavior=maytrap -gdwarf-4 -g -O2
aarch64-w64-mingw32-clang -c -o libs/tomcrypt/aarch64-windows/src/encauth/ccm/ccm_reset.o /Users/runner/work/WineIOS-Core/WineIOS-Core/third_party/wine/libs/tomcrypt/src/encauth/ccm/ccm_reset.c \
  -Ilibs/tomcrypt -I/Users/runner/work/WineIOS-Core/WineIOS-Core/third_party/wine/libs/tomcrypt \
  -Iinclude -I/Users/runner/work/WineIOS-Core/WineIOS-Core/third_party/wine/include \
  -I/Users/runner/work/WineIOS-Core/WineIOS-Core/third_party/wine/include/msvcrt \
  -I/Users/runner/work/WineIOS-Core/WineIOS-Core/third_party/wine/libs/tomcrypt/src/headers -D_UCRT \
  -DLTC_NO_PROTOTYPES -DLTC_SOURCE -D_ACRTIMP= -DLTC_NO_TEST -DMP_32BIT= -D__WINE_PE_BUILD \
  -fuse-ld=lld --no-default-config -fno-strict-aliasing -Wno-microsoft-enum-forward-reference \
  -ffunction-sections -ffp-exception-behavior=maytrap -gdwarf-4 -g -O2
aarch64-w64-mingw32-clang -c -o libs/tomcrypt/aarch64-windows/src/encauth/eax/eax_addheader.o /Users/runner/work/WineIOS-Core/WineIOS-Core/third_party/wine/libs/tomcrypt/src/encauth/eax/eax_addheader.c \
  -Ilibs/tomcrypt -I/Users/runner/work/WineIOS-Core/WineIOS-Core/third_party/wine/libs/tomcrypt \
  -Iinclude -I/Users/runner/work/WineIOS-Core/WineIOS-Core/third_party/wine/include \
  -I/Users/runner/work/WineIOS-Core/WineIOS-Core/third_party/wine/include/msvcrt \
  -I/Users/runner/work/WineIOS-Core/WineIOS-Core/third_party/wine/libs/tomcrypt/src/headers -D_UCRT \
  -DLTC_NO_PROTOTYPES -DLTC_SOURCE -D_ACRTIMP= -DLTC_NO_TEST -DMP_32BIT= -D__WINE_PE_BUILD \
  -fuse-ld=lld --no-default-config -fno-strict-aliasing -Wno-microsoft-enum-forward-reference \
  -ffunction-sections -ffp-exception-behavior=maytrap -gdwarf-4 -g -O2
aarch64-w64-mingw32-clang -c -o libs/tomcrypt/aarch64-windows/src/encauth/eax/eax_decrypt.o /Users/runner/work/WineIOS-Core/WineIOS-Core/third_party/wine/libs/tomcrypt/src/encauth/eax/eax_decrypt.c \
  -Ilibs/tomcrypt -I/Users/runner/work/WineIOS-Core/WineIOS-Core/third_party/wine/libs/tomcrypt \
  -Iinclude -I/Users/runner/work/WineIOS-Core/WineIOS-Core/third_party/wine/include \
  -I/Users/runner/work/WineIOS-Core/WineIOS-Core/third_party/wine/include/msvcrt \
  -I/Users/runner/work/WineIOS-Core/WineIOS-Core/third_party/wine/libs/tomcrypt/src/headers -D_UCRT \
  -DLTC_NO_PROTOTYPES -DLTC_SOURCE -D_ACRTIMP= -DLTC_NO_TEST -DMP_32BIT= -D__WINE_PE_BUILD \
  -fuse-ld=lld --no-default-config -fno-strict-aliasing -Wno-microsoft-enum-forward-reference \
  -ffunction-sections -ffp-exception-behavior=maytrap -gdwarf-4 -g -O2
aarch64-w64-mingw32-clang -c -o libs/tomcrypt/aarch64-windows/src/encauth/eax/eax_decrypt_verify_memory.o /Users/runner/work/WineIOS-Core/WineIOS-Core/third_party/wine/libs/tomcrypt/src/encauth/eax/eax_decrypt_verify_memory.c \
  -Ilibs/tomcrypt -I/Users/runner/work/WineIOS-Core/WineIOS-Core/third_party/wine/libs/tomcrypt \
  -Iinclude -I/Users/runner/work/WineIOS-Core/WineIOS-Core/third_party/wine/include \
  -I/Users/runner/work/WineIOS-Core/WineIOS-Core/third_party/wine/include/msvcrt \
  -I/Users/runner/work/WineIOS-Core/WineIOS-Core/third_party/wine/libs/tomcrypt/src/headers -D_UCRT \
  -DLTC_NO_PROTOTYPES -DLTC_SOURCE -D_ACRTIMP= -DLTC_NO_TEST -DMP_32BIT= -D__WINE_PE_BUILD \
  -fuse-ld=lld --no-default-config -fno-strict-aliasing -Wno-microsoft-enum-forward-reference \
  -ffunction-sections -ffp-exception-behavior=maytrap -gdwarf-4 -g -O2
aarch64-w64-mingw32-clang -c -o libs/tomcrypt/aarch64-windows/src/encauth/eax/eax_done.o /Users/runner/work/WineIOS-Core/WineIOS-Core/third_party/wine/libs/tomcrypt/src/encauth/eax/eax_done.c \
  -Ilibs/tomcrypt -I/Users/runner/work/WineIOS-Core/WineIOS-Core/third_party/wine/libs/tomcrypt \
  -Iinclude -I/Users/runner/work/WineIOS-Core/WineIOS-Core/third_party/wine/include \
  -I/Users/runner/work/WineIOS-Core/WineIOS-Core/third_party/wine/include/msvcrt \
  -I/Users/runner/work/WineIOS-Core/WineIOS-Core/third_party/wine/libs/tomcrypt/src/headers -D_UCRT \
  -DLTC_NO_PROTOTYPES -DLTC_SOURCE -D_ACRTIMP= -DLTC_NO_TEST -DMP_32BIT= -D__WINE_PE_BUILD \
  -fuse-ld=lld --no-default-config -fno-strict-aliasing -Wno-microsoft-enum-forward-reference \
  -ffunction-sections -ffp-exception-behavior=maytrap -gdwarf-4 -g -O2
aarch64-w64-mingw32-clang -c -o libs/tomcrypt/aarch64-windows/src/encauth/eax/eax_encrypt.o /Users/runner/work/WineIOS-Core/WineIOS-Core/third_party/wine/libs/tomcrypt/src/encauth/eax/eax_encrypt.c \
  -Ilibs/tomcrypt -I/Users/runner/work/WineIOS-Core/WineIOS-Core/third_party/wine/libs/tomcrypt \
  -Iinclude -I/Users/runner/work/WineIOS-Core/WineIOS-Core/third_party/wine/include \
  -I/Users/runner/work/WineIOS-Core/WineIOS-Core/third_party/wine/include/msvcrt \
  -I/Users/runner/work/WineIOS-Core/WineIOS-Core/third_party/wine/libs/tomcrypt/src/headers -D_UCRT \
  -DLTC_NO_PROTOTYPES -DLTC_SOURCE -D_ACRTIMP= -DLTC_NO_TEST -DMP_32BIT= -D__WINE_PE_BUILD \
  -fuse-ld=lld --no-default-config -fno-strict-aliasing -Wno-microsoft-enum-forward-reference \
  -ffunction-sections -ffp-exception-behavior=maytrap -gdwarf-4 -g -O2
aarch64-w64-mingw32-clang -c -o libs/tomcrypt/aarch64-windows/src/encauth/eax/eax_encrypt_authenticate_memory.o /Users/runner/work/WineIOS-Core/WineIOS-Core/third_party/wine/libs/tomcrypt/src/encauth/eax/eax_encrypt_authenticate_memory.c \
  -Ilibs/tomcrypt -I/Users/runner/work/WineIOS-Core/WineIOS-Core/third_party/wine/libs/tomcrypt \
  -Iinclude -I/Users/runner/work/WineIOS-Core/WineIOS-Core/third_party/wine/include \
  -I/Users/runner/work/WineIOS-Core/WineIOS-Core/third_party/wine/include/msvcrt \
  -I/Users/runner/work/WineIOS-Core/WineIOS-Core/third_party/wine/libs/tomcrypt/src/headers -D_UCRT \
  -DLTC_NO_PROTOTYPES -DLTC_SOURCE -D_ACRTIMP= -DLTC_NO_TEST -DMP_32BIT= -D__WINE_PE_BUILD \
  -fuse-ld=lld --no-default-config -fno-strict-aliasing -Wno-microsoft-enum-forward-reference \
  -ffunction-sections -ffp-exception-behavior=maytrap -gdwarf-4 -g -O2
aarch64-w64-mingw32-clang -c -o libs/tomcrypt/aarch64-windows/src/encauth/eax/eax_init.o /Users/runner/work/WineIOS-Core/WineIOS-Core/third_party/wine/libs/tomcrypt/src/encauth/eax/eax_init.c \
  -Ilibs/tomcrypt -I/Users/runner/work/WineIOS-Core/WineIOS-Core/third_party/wine/libs/tomcrypt \
  -Iinclude -I/Users/runner/work/WineIOS-Core/WineIOS-Core/third_party/wine/include \
  -I/Users/runner/work/WineIOS-Core/WineIOS-Core/third_party/wine/include/msvcrt \
  -I/Users/runner/work/WineIOS-Core/WineIOS-Core/third_party/wine/libs/tomcrypt/src/headers -D_UCRT \
  -DLTC_NO_PROTOTYPES -DLTC_SOURCE -D_ACRTIMP= -DLTC_NO_TEST -DMP_32BIT= -D__WINE_PE_BUILD \
  -fuse-ld=lld --no-default-config -fno-strict-aliasing -Wno-microsoft-enum-forward-reference \
  -ffunction-sections -ffp-exception-behavior=maytrap -gdwarf-4 -g -O2
aarch64-w64-mingw32-clang -c -o libs/tomcrypt/aarch64-windows/src/encauth/gcm/gcm_add_aad.o /Users/runner/work/WineIOS-Core/WineIOS-Core/third_party/wine/libs/tomcrypt/src/encauth/gcm/gcm_add_aad.c \
  -Ilibs/tomcrypt -I/Users/runner/work/WineIOS-Core/WineIOS-Core/third_party/wine/libs/tomcrypt \
  -Iinclude -I/Users/runner/work/WineIOS-Core/WineIOS-Core/third_party/wine/include \
  -I/Users/runner/work/WineIOS-Core/WineIOS-Core/third_party/wine/include/msvcrt \
  -I/Users/runner/work/WineIOS-Core/WineIOS-Core/third_party/wine/libs/tomcrypt/src/headers -D_UCRT \
  -DLTC_NO_PROTOTYPES -DLTC_SOURCE -D_ACRTIMP= -DLTC_NO_TEST -DMP_32BIT= -D__WINE_PE_BUILD \
  -fuse-ld=lld --no-default-config -fno-strict-aliasing -Wno-microsoft-enum-forward-reference \
  -ffunction-sections -ffp-exception-behavior=maytrap -gdwarf-4 -g -O2
aarch64-w64-mingw32-clang -c -o libs/tomcrypt/aarch64-windows/src/encauth/gcm/gcm_add_iv.o /Users/runner/work/WineIOS-Core/WineIOS-Core/third_party/wine/libs/tomcrypt/src/encauth/gcm/gcm_add_iv.c \
  -Ilibs/tomcrypt -I/Users/runner/work/WineIOS-Core/WineIOS-Core/third_party/wine/libs/tomcrypt \
  -Iinclude -I/Users/runner/work/WineIOS-Core/WineIOS-Core/third_party/wine/include \
  -I/Users/runner/work/WineIOS-Core/WineIOS-Core/third_party/wine/include/msvcrt \
  -I/Users/runner/work/WineIOS-Core/WineIOS-Core/third_party/wine/libs/tomcrypt/src/headers -D_UCRT \
  -DLTC_NO_PROTOTYPES -DLTC_SOURCE -D_ACRTIMP= -DLTC_NO_TEST -DMP_32BIT= -D__WINE_PE_BUILD \
  -fuse-ld=lld --no-default-config -fno-strict-aliasing -Wno-microsoft-enum-forward-reference \
  -ffunction-sections -ffp-exception-behavior=maytrap -gdwarf-4 -g -O2
aarch64-w64-mingw32-clang -c -o libs/tomcrypt/aarch64-windows/src/encauth/gcm/gcm_done.o /Users/runner/work/WineIOS-Core/WineIOS-Core/third_party/wine/libs/tomcrypt/src/encauth/gcm/gcm_done.c \
  -Ilibs/tomcrypt -I/Users/runner/work/WineIOS-Core/WineIOS-Core/third_party/wine/libs/tomcrypt \
  -Iinclude -I/Users/runner/work/WineIOS-Core/WineIOS-Core/third_party/wine/include \
  -I/Users/runner/work/WineIOS-Core/WineIOS-Core/third_party/wine/include/msvcrt \
  -I/Users/runner/work/WineIOS-Core/WineIOS-Core/third_party/wine/libs/tomcrypt/src/headers -D_UCRT \
  -DLTC_NO_PROTOTYPES -DLTC_SOURCE -D_ACRTIMP= -DLTC_NO_TEST -DMP_32BIT= -D__WINE_PE_BUILD \
  -fuse-ld=lld --no-default-config -fno-strict-aliasing -Wno-microsoft-enum-forward-reference \
  -ffunction-sections -ffp-exception-behavior=maytrap -gdwarf-4 -g -O2
aarch64-w64-mingw32-clang -c -o libs/tomcrypt/aarch64-windows/src/encauth/gcm/gcm_gf_mult.o /Users/runner/work/WineIOS-Core/WineIOS-Core/third_party/wine/libs/tomcrypt/src/encauth/gcm/gcm_gf_mult.c \
  -Ilibs/tomcrypt -I/Users/runner/work/WineIOS-Core/WineIOS-Core/third_party/wine/libs/tomcrypt \
  -Iinclude -I/Users/runner/work/WineIOS-Core/WineIOS-Core/third_party/wine/include \
  -I/Users/runner/work/WineIOS-Core/WineIOS-Core/third_party/wine/include/msvcrt \
  -I/Users/runner/work/WineIOS-Core/WineIOS-Core/third_party/wine/libs/tomcrypt/src/headers -D_UCRT \
  -DLTC_NO_PROTOTYPES -DLTC_SOURCE -D_ACRTIMP= -DLTC_NO_TEST -DMP_32BIT= -D__WINE_PE_BUILD \
  -fuse-ld=lld --no-default-config -fno-strict-aliasing -Wno-microsoft-enum-forward-reference \
  -ffunction-sections -ffp-exception-behavior=maytrap -gdwarf-4 -g -O2
aarch64-w64-mingw32-clang -c -o libs/tomcrypt/aarch64-windows/src/encauth/gcm/gcm_init.o /Users/runner/work/WineIOS-Core/WineIOS-Core/third_party/wine/libs/tomcrypt/src/encauth/gcm/gcm_init.c \
  -Ilibs/tomcrypt -I/Users/runner/work/WineIOS-Core/WineIOS-Core/third_party/wine/libs/tomcrypt \
  -Iinclude -I/Users/runner/work/WineIOS-Core/WineIOS-Core/third_party/wine/include \
  -I/Users/runner/work/WineIOS-Core/WineIOS-Core/third_party/wine/include/msvcrt \
  -I/Users/runner/work/WineIOS-Core/WineIOS-Core/third_party/wine/libs/tomcrypt/src/headers -D_UCRT \
  -DLTC_NO_PROTOTYPES -DLTC_SOURCE -D_ACRTIMP= -DLTC_NO_TEST -DMP_32BIT= -D__WINE_PE_BUILD \
  -fuse-ld=lld --no-default-config -fno-strict-aliasing -Wno-microsoft-enum-forward-reference \
  -ffunction-sections -ffp-exception-behavior=maytrap -gdwarf-4 -g -O2
aarch64-w64-mingw32-clang -c -o libs/tomcrypt/aarch64-windows/src/encauth/gcm/gcm_memory.o /Users/runner/work/WineIOS-Core/WineIOS-Core/third_party/wine/libs/tomcrypt/src/encauth/gcm/gcm_memory.c \
  -Ilibs/tomcrypt -I/Users/runner/work/WineIOS-Core/WineIOS-Core/third_party/wine/libs/tomcrypt \
  -Iinclude -I/Users/runner/work/WineIOS-Core/WineIOS-Core/third_party/wine/include \
  -I/Users/runner/work/WineIOS-Core/WineIOS-Core/third_party/wine/include/msvcrt \
  -I/Users/runner/work/WineIOS-Core/WineIOS-Core/third_party/wine/libs/tomcrypt/src/headers -D_UCRT \
  -DLTC_NO_PROTOTYPES -DLTC_SOURCE -D_ACRTIMP= -DLTC_NO_TEST -DMP_32BIT= -D__WINE_PE_BUILD \
  -fuse-ld=lld --no-default-config -fno-strict-aliasing -Wno-microsoft-enum-forward-reference \
  -ffunction-sections -ffp-exception-behavior=maytrap -gdwarf-4 -g -O2
aarch64-w64-mingw32-clang -c -o libs/tomcrypt/aarch64-windows/src/encauth/gcm/gcm_mult_h.o /Users/runner/work/WineIOS-Core/WineIOS-Core/third_party/wine/libs/tomcrypt/src/encauth/gcm/gcm_mult_h.c \
  -Ilibs/tomcrypt -I/Users/runner/work/WineIOS-Core/WineIOS-Core/third_party/wine/libs/tomcrypt \
  -Iinclude -I/Users/runner/work/WineIOS-Core/WineIOS-Core/third_party/wine/include \
  -I/Users/runner/work/WineIOS-Core/WineIOS-Core/third_party/wine/include/msvcrt \
  -I/Users/runner/work/WineIOS-Core/WineIOS-Core/third_party/wine/libs/tomcrypt/src/headers -D_UCRT \
  -DLTC_NO_PROTOTYPES -DLTC_SOURCE -D_ACRTIMP= -DLTC_NO_TEST -DMP_32BIT= -D__WINE_PE_BUILD \
  -fuse-ld=lld --no-default-config -fno-strict-aliasing -Wno-microsoft-enum-forward-reference \
  -ffunction-sections -ffp-exception-behavior=maytrap -gdwarf-4 -g -O2
aarch64-w64-mingw32-clang -c -o libs/tomcrypt/aarch64-windows/src/encauth/gcm/gcm_process.o /Users/runner/work/WineIOS-Core/WineIOS-Core/third_party/wine/libs/tomcrypt/src/encauth/gcm/gcm_process.c \
  -Ilibs/tomcrypt -I/Users/runner/work/WineIOS-Core/WineIOS-Core/third_party/wine/libs/tomcrypt \
  -Iinclude -I/Users/runner/work/WineIOS-Core/WineIOS-Core/third_party/wine/include \
  -I/Users/runner/work/WineIOS-Core/WineIOS-Core/third_party/wine/include/msvcrt \
  -I/Users/runner/work/WineIOS-Core/WineIOS-Core/third_party/wine/libs/tomcrypt/src/headers -D_UCRT \
  -DLTC_NO_PROTOTYPES -DLTC_SOURCE -D_ACRTIMP= -DLTC_NO_TEST -DMP_32BIT= -D__WINE_PE_BUILD \
  -fuse-ld=lld --no-default-config -fno-strict-aliasing -Wno-microsoft-enum-forward-reference \
  -ffunction-sections -ffp-exception-behavior=maytrap -gdwarf-4 -g -O2
aarch64-w64-mingw32-clang -c -o libs/tomcrypt/aarch64-windows/src/encauth/gcm/gcm_reset.o /Users/runner/work/WineIOS-Core/WineIOS-Core/third_party/wine/libs/tomcrypt/src/encauth/gcm/gcm_reset.c \
  -Ilibs/tomcrypt -I/Users/runner/work/WineIOS-Core/WineIOS-Core/third_party/wine/libs/tomcrypt \
  -Iinclude -I/Users/runner/work/WineIOS-Core/WineIOS-Core/third_party/wine/include \
  -I/Users/runner/work/WineIOS-Core/WineIOS-Core/third_party/wine/include/msvcrt \
  -I/Users/runner/work/WineIOS-Core/WineIOS-Core/third_party/wine/libs/tomcrypt/src/headers -D_UCRT \
  -DLTC_NO_PROTOTYPES -DLTC_SOURCE -D_ACRTIMP= -DLTC_NO_TEST -DMP_32BIT= -D__WINE_PE_BUILD \
  -fuse-ld=lld --no-default-config -fno-strict-aliasing -Wno-microsoft-enum-forward-reference \
  -ffunction-sections -ffp-exception-behavior=maytrap -gdwarf-4 -g -O2
aarch64-w64-mingw32-clang -c -o libs/tomcrypt/aarch64-windows/src/encauth/ocb/ocb_decrypt.o /Users/runner/work/WineIOS-Core/WineIOS-Core/third_party/wine/libs/tomcrypt/src/encauth/ocb/ocb_decrypt.c \
  -Ilibs/tomcrypt -I/Users/runner/work/WineIOS-Core/WineIOS-Core/third_party/wine/libs/tomcrypt \
  -Iinclude -I/Users/runner/work/WineIOS-Core/WineIOS-Core/third_party/wine/include \
  -I/Users/runner/work/WineIOS-Core/WineIOS-Core/third_party/wine/include/msvcrt \
  -I/Users/runner/work/WineIOS-Core/WineIOS-Core/third_party/wine/libs/tomcrypt/src/headers -D_UCRT \
  -DLTC_NO_PROTOTYPES -DLTC_SOURCE -D_ACRTIMP= -DLTC_NO_TEST -DMP_32BIT= -D__WINE_PE_BUILD \
  -fuse-ld=lld --no-default-config -fno-strict-aliasing -Wno-microsoft-enum-forward-reference \
  -ffunction-sections -ffp-exception-behavior=maytrap -gdwarf-4 -g -O2
aarch64-w64-mingw32-clang -c -o libs/tomcrypt/aarch64-windows/src/encauth/ocb/ocb_decrypt_verify_memory.o /Users/runner/work/WineIOS-Core/WineIOS-Core/third_party/wine/libs/tomcrypt/src/encauth/ocb/ocb_decrypt_verify_memory.c \
  -Ilibs/tomcrypt -I/Users/runner/work/WineIOS-Core/WineIOS-Core/third_party/wine/libs/tomcrypt \
  -Iinclude -I/Users/runner/work/WineIOS-Core/WineIOS-Core/third_party/wine/include \
  -I/Users/runner/work/WineIOS-Core/WineIOS-Core/third_party/wine/include/msvcrt \
  -I/Users/runner/work/WineIOS-Core/WineIOS-Core/third_party/wine/libs/tomcrypt/src/headers -D_UCRT \
  -DLTC_NO_PROTOTYPES -DLTC_SOURCE -D_ACRTIMP= -DLTC_NO_TEST -DMP_32BIT= -D__WINE_PE_BUILD \
  -fuse-ld=lld --no-default-config -fno-strict-aliasing -Wno-microsoft-enum-forward-reference \
  -ffunction-sections -ffp-exception-behavior=maytrap -gdwarf-4 -g -O2
aarch64-w64-mingw32-clang -c -o libs/tomcrypt/aarch64-windows/src/encauth/ocb/ocb_done_decrypt.o /Users/runner/work/WineIOS-Core/WineIOS-Core/third_party/wine/libs/tomcrypt/src/encauth/ocb/ocb_done_decrypt.c \
  -Ilibs/tomcrypt -I/Users/runner/work/WineIOS-Core/WineIOS-Core/third_party/wine/libs/tomcrypt \
  -Iinclude -I/Users/runner/work/WineIOS-Core/WineIOS-Core/third_party/wine/include \
  -I/Users/runner/work/WineIOS-Core/WineIOS-Core/third_party/wine/include/msvcrt \
  -I/Users/runner/work/WineIOS-Core/WineIOS-Core/third_party/wine/libs/tomcrypt/src/headers -D_UCRT \
  -DLTC_NO_PROTOTYPES -DLTC_SOURCE -D_ACRTIMP= -DLTC_NO_TEST -DMP_32BIT= -D__WINE_PE_BUILD \
  -fuse-ld=lld --no-default-config -fno-strict-aliasing -Wno-microsoft-enum-forward-reference \
  -ffunction-sections -ffp-exception-behavior=maytrap -gdwarf-4 -g -O2
aarch64-w64-mingw32-clang -c -o libs/tomcrypt/aarch64-windows/src/encauth/ocb/ocb_done_encrypt.o /Users/runner/work/WineIOS-Core/WineIOS-Core/third_party/wine/libs/tomcrypt/src/encauth/ocb/ocb_done_encrypt.c \
  -Ilibs/tomcrypt -I/Users/runner/work/WineIOS-Core/WineIOS-Core/third_party/wine/libs/tomcrypt \
  -Iinclude -I/Users/runner/work/WineIOS-Core/WineIOS-Core/third_party/wine/include \
  -I/Users/runner/work/WineIOS-Core/WineIOS-Core/third_party/wine/include/msvcrt \
  -I/Users/runner/work/WineIOS-Core/WineIOS-Core/third_party/wine/libs/tomcrypt/src/headers -D_UCRT \
  -DLTC_NO_PROTOTYPES -DLTC_SOURCE -D_ACRTIMP= -DLTC_NO_TEST -DMP_32BIT= -D__WINE_PE_BUILD \
  -fuse-ld=lld --no-default-config -fno-strict-aliasing -Wno-microsoft-enum-forward-reference \
  -ffunction-sections -ffp-exception-behavior=maytrap -gdwarf-4 -g -O2
aarch64-w64-mingw32-clang -c -o libs/tomcrypt/aarch64-windows/src/encauth/ocb/ocb_encrypt.o /Users/runner/work/WineIOS-Core/WineIOS-Core/third_party/wine/libs/tomcrypt/src/encauth/ocb/ocb_encrypt.c \
  -Ilibs/tomcrypt -I/Users/runner/work/WineIOS-Core/WineIOS-Core/third_party/wine/libs/tomcrypt \
  -Iinclude -I/Users/runner/work/WineIOS-Core/WineIOS-Core/third_party/wine/include \
  -I/Users/runner/work/WineIOS-Core/WineIOS-Core/third_party/wine/include/msvcrt \
  -I/Users/runner/work/WineIOS-Core/WineIOS-Core/third_party/wine/libs/tomcrypt/src/headers -D_UCRT \
  -DLTC_NO_PROTOTYPES -DLTC_SOURCE -D_ACRTIMP= -DLTC_NO_TEST -DMP_32BIT= -D__WINE_PE_BUILD \
  -fuse-ld=lld --no-default-config -fno-strict-aliasing -Wno-microsoft-enum-forward-reference \
  -ffunction-sections -ffp-exception-behavior=maytrap -gdwarf-4 -g -O2
aarch64-w64-mingw32-clang -c -o libs/tomcrypt/aarch64-windows/src/encauth/ocb/ocb_encrypt_authenticate_memory.o /Users/runner/work/WineIOS-Core/WineIOS-Core/third_party/wine/libs/tomcrypt/src/encauth/ocb/ocb_encrypt_authenticate_memory.c \
  -Ilibs/tomcrypt -I/Users/runner/work/WineIOS-Core/WineIOS-Core/third_party/wine/libs/tomcrypt \
  -Iinclude -I/Users/runner/work/WineIOS-Core/WineIOS-Core/third_party/wine/include \
  -I/Users/runner/work/WineIOS-Core/WineIOS-Core/third_party/wine/include/msvcrt \
  -I/Users/runner/work/WineIOS-Core/WineIOS-Core/third_party/wine/libs/tomcrypt/src/headers -D_UCRT \
  -DLTC_NO_PROTOTYPES -DLTC_SOURCE -D_ACRTIMP= -DLTC_NO_TEST -DMP_32BIT= -D__WINE_PE_BUILD \
  -fuse-ld=lld --no-default-config -fno-strict-aliasing -Wno-microsoft-enum-forward-reference \
  -ffunction-sections -ffp-exception-behavior=maytrap -gdwarf-4 -g -O2
aarch64-w64-mingw32-clang -c -o libs/tomcrypt/aarch64-windows/src/encauth/ocb/ocb_init.o /Users/runner/work/WineIOS-Core/WineIOS-Core/third_party/wine/libs/tomcrypt/src/encauth/ocb/ocb_init.c \
  -Ilibs/tomcrypt -I/Users/runner/work/WineIOS-Core/WineIOS-Core/third_party/wine/libs/tomcrypt \
  -Iinclude -I/Users/runner/work/WineIOS-Core/WineIOS-Core/third_party/wine/include \
  -I/Users/runner/work/WineIOS-Core/WineIOS-Core/third_party/wine/include/msvcrt \
  -I/Users/runner/work/WineIOS-Core/WineIOS-Core/third_party/wine/libs/tomcrypt/src/headers -D_UCRT \
  -DLTC_NO_PROTOTYPES -DLTC_SOURCE -D_ACRTIMP= -DLTC_NO_TEST -DMP_32BIT= -D__WINE_PE_BUILD \
  -fuse-ld=lld --no-default-config -fno-strict-aliasing -Wno-microsoft-enum-forward-reference \
  -ffunction-sections -ffp-exception-behavior=maytrap -gdwarf-4 -g -O2
aarch64-w64-mingw32-clang -c -o libs/tomcrypt/aarch64-windows/src/encauth/ocb/ocb_ntz.o /Users/runner/work/WineIOS-Core/WineIOS-Core/third_party/wine/libs/tomcrypt/src/encauth/ocb/ocb_ntz.c \
  -Ilibs/tomcrypt -I/Users/runner/work/WineIOS-Core/WineIOS-Core/third_party/wine/libs/tomcrypt \
  -Iinclude -I/Users/runner/work/WineIOS-Core/WineIOS-Core/third_party/wine/include \
  -I/Users/runner/work/WineIOS-Core/WineIOS-Core/third_party/wine/include/msvcrt \
  -I/Users/runner/work/WineIOS-Core/WineIOS-Core/third_party/wine/libs/tomcrypt/src/headers -D_UCRT \
  -DLTC_NO_PROTOTYPES -DLTC_SOURCE -D_ACRTIMP= -DLTC_NO_TEST -DMP_32BIT= -D__WINE_PE_BUILD \
  -fuse-ld=lld --no-default-config -fno-strict-aliasing -Wno-microsoft-enum-forward-reference \
  -ffunction-sections -ffp-exception-behavior=maytrap -gdwarf-4 -g -O2
aarch64-w64-mingw32-clang -c -o libs/tomcrypt/aarch64-windows/src/encauth/ocb/ocb_shift_xor.o /Users/runner/work/WineIOS-Core/WineIOS-Core/third_party/wine/libs/tomcrypt/src/encauth/ocb/ocb_shift_xor.c \
  -Ilibs/tomcrypt -I/Users/runner/work/WineIOS-Core/WineIOS-Core/third_party/wine/libs/tomcrypt \
  -Iinclude -I/Users/runner/work/WineIOS-Core/WineIOS-Core/third_party/wine/include \
  -I/Users/runner/work/WineIOS-Core/WineIOS-Core/third_party/wine/include/msvcrt \
  -I/Users/runner/work/WineIOS-Core/WineIOS-Core/third_party/wine/libs/tomcrypt/src/headers -D_UCRT \
  -DLTC_NO_PROTOTYPES -DLTC_SOURCE -D_ACRTIMP= -DLTC_NO_TEST -DMP_32BIT= -D__WINE_PE_BUILD \
  -fuse-ld=lld --no-default-config -fno-strict-aliasing -Wno-microsoft-enum-forward-reference \
  -ffunction-sections -ffp-exception-behavior=maytrap -gdwarf-4 -g -O2
aarch64-w64-mingw32-clang -c -o libs/tomcrypt/aarch64-windows/src/encauth/ocb/s_ocb_done.o /Users/runner/work/WineIOS-Core/WineIOS-Core/third_party/wine/libs/tomcrypt/src/encauth/ocb/s_ocb_done.c \
  -Ilibs/tomcrypt -I/Users/runner/work/WineIOS-Core/WineIOS-Core/third_party/wine/libs/tomcrypt \
  -Iinclude -I/Users/runner/work/WineIOS-Core/WineIOS-Core/third_party/wine/include \
  -I/Users/runner/work/WineIOS-Core/WineIOS-Core/third_party/wine/include/msvcrt \
  -I/Users/runner/work/WineIOS-Core/WineIOS-Core/third_party/wine/libs/tomcrypt/src/headers -D_UCRT \
  -DLTC_NO_PROTOTYPES -DLTC_SOURCE -D_ACRTIMP= -DLTC_NO_TEST -DMP_32BIT= -D__WINE_PE_BUILD \
  -fuse-ld=lld --no-default-config -fno-strict-aliasing -Wno-microsoft-enum-forward-reference \
  -ffunction-sections -ffp-exception-behavior=maytrap -gdwarf-4 -g -O2
aarch64-w64-mingw32-clang -c -o libs/tomcrypt/aarch64-windows/src/encauth/ocb3/ocb3_add_aad.o /Users/runner/work/WineIOS-Core/WineIOS-Core/third_party/wine/libs/tomcrypt/src/encauth/ocb3/ocb3_add_aad.c \
  -Ilibs/tomcrypt -I/Users/runner/work/WineIOS-Core/WineIOS-Core/third_party/wine/libs/tomcrypt \
  -Iinclude -I/Users/runner/work/WineIOS-Core/WineIOS-Core/third_party/wine/include \
  -I/Users/runner/work/WineIOS-Core/WineIOS-Core/third_party/wine/include/msvcrt \
  -I/Users/runner/work/WineIOS-Core/WineIOS-Core/third_party/wine/libs/tomcrypt/src/headers -D_UCRT \
  -DLTC_NO_PROTOTYPES -DLTC_SOURCE -D_ACRTIMP= -DLTC_NO_TEST -DMP_32BIT= -D__WINE_PE_BUILD \
  -fuse-ld=lld --no-default-config -fno-strict-aliasing -Wno-microsoft-enum-forward-reference \
  -ffunction-sections -ffp-exception-behavior=maytrap -gdwarf-4 -g -O2
aarch64-w64-mingw32-clang -c -o libs/tomcrypt/aarch64-windows/src/encauth/ocb3/ocb3_decrypt.o /Users/runner/work/WineIOS-Core/WineIOS-Core/third_party/wine/libs/tomcrypt/src/encauth/ocb3/ocb3_decrypt.c \
  -Ilibs/tomcrypt -I/Users/runner/work/WineIOS-Core/WineIOS-Core/third_party/wine/libs/tomcrypt \
  -Iinclude -I/Users/runner/work/WineIOS-Core/WineIOS-Core/third_party/wine/include \
  -I/Users/runner/work/WineIOS-Core/WineIOS-Core/third_party/wine/include/msvcrt \
  -I/Users/runner/work/WineIOS-Core/WineIOS-Core/third_party/wine/libs/tomcrypt/src/headers -D_UCRT \
  -DLTC_NO_PROTOTYPES -DLTC_SOURCE -D_ACRTIMP= -DLTC_NO_TEST -DMP_32BIT= -D__WINE_PE_BUILD \
  -fuse-ld=lld --no-default-config -fno-strict-aliasing -Wno-microsoft-enum-forward-reference \
  -ffunction-sections -ffp-exception-behavior=maytrap -gdwarf-4 -g -O2
aarch64-w64-mingw32-clang -c -o libs/tomcrypt/aarch64-windows/src/encauth/ocb3/ocb3_decrypt_last.o /Users/runner/work/WineIOS-Core/WineIOS-Core/third_party/wine/libs/tomcrypt/src/encauth/ocb3/ocb3_decrypt_last.c \
  -Ilibs/tomcrypt -I/Users/runner/work/WineIOS-Core/WineIOS-Core/third_party/wine/libs/tomcrypt \
  -Iinclude -I/Users/runner/work/WineIOS-Core/WineIOS-Core/third_party/wine/include \
  -I/Users/runner/work/WineIOS-Core/WineIOS-Core/third_party/wine/include/msvcrt \
  -I/Users/runner/work/WineIOS-Core/WineIOS-Core/third_party/wine/libs/tomcrypt/src/headers -D_UCRT \
  -DLTC_NO_PROTOTYPES -DLTC_SOURCE -D_ACRTIMP= -DLTC_NO_TEST -DMP_32BIT= -D__WINE_PE_BUILD \
  -fuse-ld=lld --no-default-config -fno-strict-aliasing -Wno-microsoft-enum-forward-reference \
  -ffunction-sections -ffp-exception-behavior=maytrap -gdwarf-4 -g -O2
aarch64-w64-mingw32-clang -c -o libs/tomcrypt/aarch64-windows/src/encauth/ocb3/ocb3_decrypt_verify_memory.o /Users/runner/work/WineIOS-Core/WineIOS-Core/third_party/wine/libs/tomcrypt/src/encauth/ocb3/ocb3_decrypt_verify_memory.c \
  -Ilibs/tomcrypt -I/Users/runner/work/WineIOS-Core/WineIOS-Core/third_party/wine/libs/tomcrypt \
  -Iinclude -I/Users/runner/work/WineIOS-Core/WineIOS-Core/third_party/wine/include \
  -I/Users/runner/work/WineIOS-Core/WineIOS-Core/third_party/wine/include/msvcrt \
  -I/Users/runner/work/WineIOS-Core/WineIOS-Core/third_party/wine/libs/tomcrypt/src/headers -D_UCRT \
  -DLTC_NO_PROTOTYPES -DLTC_SOURCE -D_ACRTIMP= -DLTC_NO_TEST -DMP_32BIT= -D__WINE_PE_BUILD \
  -fuse-ld=lld --no-default-config -fno-strict-aliasing -Wno-microsoft-enum-forward-reference \
  -ffunction-sections -ffp-exception-behavior=maytrap -gdwarf-4 -g -O2
aarch64-w64-mingw32-clang -c -o libs/tomcrypt/aarch64-windows/src/encauth/ocb3/ocb3_done.o /Users/runner/work/WineIOS-Core/WineIOS-Core/third_party/wine/libs/tomcrypt/src/encauth/ocb3/ocb3_done.c \
  -Ilibs/tomcrypt -I/Users/runner/work/WineIOS-Core/WineIOS-Core/third_party/wine/libs/tomcrypt \
  -Iinclude -I/Users/runner/work/WineIOS-Core/WineIOS-Core/third_party/wine/include \
  -I/Users/runner/work/WineIOS-Core/WineIOS-Core/third_party/wine/include/msvcrt \
  -I/Users/runner/work/WineIOS-Core/WineIOS-Core/third_party/wine/libs/tomcrypt/src/headers -D_UCRT \
  -DLTC_NO_PROTOTYPES -DLTC_SOURCE -D_ACRTIMP= -DLTC_NO_TEST -DMP_32BIT= -D__WINE_PE_BUILD \
  -fuse-ld=lld --no-default-config -fno-strict-aliasing -Wno-microsoft-enum-forward-reference \
  -ffunction-sections -ffp-exception-behavior=maytrap -gdwarf-4 -g -O2
aarch64-w64-mingw32-clang -c -o libs/tomcrypt/aarch64-windows/src/encauth/ocb3/ocb3_encrypt.o /Users/runner/work/WineIOS-Core/WineIOS-Core/third_party/wine/libs/tomcrypt/src/encauth/ocb3/ocb3_encrypt.c \
  -Ilibs/tomcrypt -I/Users/runner/work/WineIOS-Core/WineIOS-Core/third_party/wine/libs/tomcrypt \
  -Iinclude -I/Users/runner/work/WineIOS-Core/WineIOS-Core/third_party/wine/include \
  -I/Users/runner/work/WineIOS-Core/WineIOS-Core/third_party/wine/include/msvcrt \
  -I/Users/runner/work/WineIOS-Core/WineIOS-Core/third_party/wine/libs/tomcrypt/src/headers -D_UCRT \
  -DLTC_NO_PROTOTYPES -DLTC_SOURCE -D_ACRTIMP= -DLTC_NO_TEST -DMP_32BIT= -D__WINE_PE_BUILD \
  -fuse-ld=lld --no-default-config -fno-strict-aliasing -Wno-microsoft-enum-forward-reference \
  -ffunction-sections -ffp-exception-behavior=maytrap -gdwarf-4 -g -O2
aarch64-w64-mingw32-clang -c -o libs/tomcrypt/aarch64-windows/src/encauth/ocb3/ocb3_encrypt_authenticate_memory.o /Users/runner/work/WineIOS-Core/WineIOS-Core/third_party/wine/libs/tomcrypt/src/encauth/ocb3/ocb3_encrypt_authenticate_memory.c \
  -Ilibs/tomcrypt -I/Users/runner/work/WineIOS-Core/WineIOS-Core/third_party/wine/libs/tomcrypt \
  -Iinclude -I/Users/runner/work/WineIOS-Core/WineIOS-Core/third_party/wine/include \
  -I/Users/runner/work/WineIOS-Core/WineIOS-Core/third_party/wine/include/msvcrt \
  -I/Users/runner/work/WineIOS-Core/WineIOS-Core/third_party/wine/libs/tomcrypt/src/headers -D_UCRT \
  -DLTC_NO_PROTOTYPES -DLTC_SOURCE -D_ACRTIMP= -DLTC_NO_TEST -DMP_32BIT= -D__WINE_PE_BUILD \
  -fuse-ld=lld --no-default-config -fno-strict-aliasing -Wno-microsoft-enum-forward-reference \
  -ffunction-sections -ffp-exception-behavior=maytrap -gdwarf-4 -g -O2
aarch64-w64-mingw32-clang -c -o libs/tomcrypt/aarch64-windows/src/encauth/ocb3/ocb3_encrypt_last.o /Users/runner/work/WineIOS-Core/WineIOS-Core/third_party/wine/libs/tomcrypt/src/encauth/ocb3/ocb3_encrypt_last.c \
  -Ilibs/tomcrypt -I/Users/runner/work/WineIOS-Core/WineIOS-Core/third_party/wine/libs/tomcrypt \
  -Iinclude -I/Users/runner/work/WineIOS-Core/WineIOS-Core/third_party/wine/include \
  -I/Users/runner/work/WineIOS-Core/WineIOS-Core/third_party/wine/include/msvcrt \
  -I/Users/runner/work/WineIOS-Core/WineIOS-Core/third_party/wine/libs/tomcrypt/src/headers -D_UCRT \
  -DLTC_NO_PROTOTYPES -DLTC_SOURCE -D_ACRTIMP= -DLTC_NO_TEST -DMP_32BIT= -D__WINE_PE_BUILD \
  -fuse-ld=lld --no-default-config -fno-strict-aliasing -Wno-microsoft-enum-forward-reference \
  -ffunction-sections -ffp-exception-behavior=maytrap -gdwarf-4 -g -O2
aarch64-w64-mingw32-clang -c -o libs/tomcrypt/aarch64-windows/src/encauth/ocb3/ocb3_init.o /Users/runner/work/WineIOS-Core/WineIOS-Core/third_party/wine/libs/tomcrypt/src/encauth/ocb3/ocb3_init.c \
  -Ilibs/tomcrypt -I/Users/runner/work/WineIOS-Core/WineIOS-Core/third_party/wine/libs/tomcrypt \
  -Iinclude -I/Users/runner/work/WineIOS-Core/WineIOS-Core/third_party/wine/include \
  -I/Users/runner/work/WineIOS-Core/WineIOS-Core/third_party/wine/include/msvcrt \
  -I/Users/runner/work/WineIOS-Core/WineIOS-Core/third_party/wine/libs/tomcrypt/src/headers -D_UCRT \
  -DLTC_NO_PROTOTYPES -DLTC_SOURCE -D_ACRTIMP= -DLTC_NO_TEST -DMP_32BIT= -D__WINE_PE_BUILD \
  -fuse-ld=lld --no-default-config -fno-strict-aliasing -Wno-microsoft-enum-forward-reference \
  -ffunction-sections -ffp-exception-behavior=maytrap -gdwarf-4 -g -O2
aarch64-w64-mingw32-clang -c -o libs/tomcrypt/aarch64-windows/src/encauth/ocb3/ocb3_int_ntz.o /Users/runner/work/WineIOS-Core/WineIOS-Core/third_party/wine/libs/tomcrypt/src/encauth/ocb3/ocb3_int_ntz.c \
  -Ilibs/tomcrypt -I/Users/runner/work/WineIOS-Core/WineIOS-Core/third_party/wine/libs/tomcrypt \
  -Iinclude -I/Users/runner/work/WineIOS-Core/WineIOS-Core/third_party/wine/include \
  -I/Users/runner/work/WineIOS-Core/WineIOS-Core/third_party/wine/include/msvcrt \
  -I/Users/runner/work/WineIOS-Core/WineIOS-Core/third_party/wine/libs/tomcrypt/src/headers -D_UCRT \
  -DLTC_NO_PROTOTYPES -DLTC_SOURCE -D_ACRTIMP= -DLTC_NO_TEST -DMP_32BIT= -D__WINE_PE_BUILD \
  -fuse-ld=lld --no-default-config -fno-strict-aliasing -Wno-microsoft-enum-forward-reference \
  -ffunction-sections -ffp-exception-behavior=maytrap -gdwarf-4 -g -O2
aarch64-w64-mingw32-clang -c -o libs/tomcrypt/aarch64-windows/src/encauth/ocb3/ocb3_int_xor_blocks.o /Users/runner/work/WineIOS-Core/WineIOS-Core/third_party/wine/libs/tomcrypt/src/encauth/ocb3/ocb3_int_xor_blocks.c \
  -Ilibs/tomcrypt -I/Users/runner/work/WineIOS-Core/WineIOS-Core/third_party/wine/libs/tomcrypt \
  -Iinclude -I/Users/runner/work/WineIOS-Core/WineIOS-Core/third_party/wine/include \
  -I/Users/runner/work/WineIOS-Core/WineIOS-Core/third_party/wine/include/msvcrt \
  -I/Users/runner/work/WineIOS-Core/WineIOS-Core/third_party/wine/libs/tomcrypt/src/headers -D_UCRT \
  -DLTC_NO_PROTOTYPES -DLTC_SOURCE -D_ACRTIMP= -DLTC_NO_TEST -DMP_32BIT= -D__WINE_PE_BUILD \
  -fuse-ld=lld --no-default-config -fno-strict-aliasing -Wno-microsoft-enum-forward-reference \
  -ffunction-sections -ffp-exception-behavior=maytrap -gdwarf-4 -g -O2
aarch64-w64-mingw32-clang -c -o libs/tomcrypt/aarch64-windows/src/hashes/md2.o /Users/runner/work/WineIOS-Core/WineIOS-Core/third_party/wine/libs/tomcrypt/src/hashes/md2.c \
  -Ilibs/tomcrypt -I/Users/runner/work/WineIOS-Core/WineIOS-Core/third_party/wine/libs/tomcrypt \
  -Iinclude -I/Users/runner/work/WineIOS-Core/WineIOS-Core/third_party/wine/include \
  -I/Users/runner/work/WineIOS-Core/WineIOS-Core/third_party/wine/include/msvcrt \
  -I/Users/runner/work/WineIOS-Core/WineIOS-Core/third_party/wine/libs/tomcrypt/src/headers -D_UCRT \
  -DLTC_NO_PROTOTYPES -DLTC_SOURCE -D_ACRTIMP= -DLTC_NO_TEST -DMP_32BIT= -D__WINE_PE_BUILD \
  -fuse-ld=lld --no-default-config -fno-strict-aliasing -Wno-microsoft-enum-forward-reference \
  -ffunction-sections -ffp-exception-behavior=maytrap -gdwarf-4 -g -O2
aarch64-w64-mingw32-clang -c -o libs/tomcrypt/aarch64-windows/src/hashes/md4.o /Users/runner/work/WineIOS-Core/WineIOS-Core/third_party/wine/libs/tomcrypt/src/hashes/md4.c \
  -Ilibs/tomcrypt -I/Users/runner/work/WineIOS-Core/WineIOS-Core/third_party/wine/libs/tomcrypt \
  -Iinclude -I/Users/runner/work/WineIOS-Core/WineIOS-Core/third_party/wine/include \
  -I/Users/runner/work/WineIOS-Core/WineIOS-Core/third_party/wine/include/msvcrt \
  -I/Users/runner/work/WineIOS-Core/WineIOS-Core/third_party/wine/libs/tomcrypt/src/headers -D_UCRT \
  -DLTC_NO_PROTOTYPES -DLTC_SOURCE -D_ACRTIMP= -DLTC_NO_TEST -DMP_32BIT= -D__WINE_PE_BUILD \
  -fuse-ld=lld --no-default-config -fno-strict-aliasing -Wno-microsoft-enum-forward-reference \
  -ffunction-sections -ffp-exception-behavior=maytrap -gdwarf-4 -g -O2
aarch64-w64-mingw32-clang -c -o libs/tomcrypt/aarch64-windows/src/hashes/md5.o /Users/runner/work/WineIOS-Core/WineIOS-Core/third_party/wine/libs/tomcrypt/src/hashes/md5.c \
  -Ilibs/tomcrypt -I/Users/runner/work/WineIOS-Core/WineIOS-Core/third_party/wine/libs/tomcrypt \
  -Iinclude -I/Users/runner/work/WineIOS-Core/WineIOS-Core/third_party/wine/include \
  -I/Users/runner/work/WineIOS-Core/WineIOS-Core/third_party/wine/include/msvcrt \
  -I/Users/runner/work/WineIOS-Core/WineIOS-Core/third_party/wine/libs/tomcrypt/src/headers -D_UCRT \
  -DLTC_NO_PROTOTYPES -DLTC_SOURCE -D_ACRTIMP= -DLTC_NO_TEST -DMP_32BIT= -D__WINE_PE_BUILD \
  -fuse-ld=lld --no-default-config -fno-strict-aliasing -Wno-microsoft-enum-forward-reference \
  -ffunction-sections -ffp-exception-behavior=maytrap -gdwarf-4 -g -O2
aarch64-w64-mingw32-clang -c -o libs/tomcrypt/aarch64-windows/src/hashes/rmd128.o /Users/runner/work/WineIOS-Core/WineIOS-Core/third_party/wine/libs/tomcrypt/src/hashes/rmd128.c \
  -Ilibs/tomcrypt -I/Users/runner/work/WineIOS-Core/WineIOS-Core/third_party/wine/libs/tomcrypt \
  -Iinclude -I/Users/runner/work/WineIOS-Core/WineIOS-Core/third_party/wine/include \
  -I/Users/runner/work/WineIOS-Core/WineIOS-Core/third_party/wine/include/msvcrt \
  -I/Users/runner/work/WineIOS-Core/WineIOS-Core/third_party/wine/libs/tomcrypt/src/headers -D_UCRT \
  -DLTC_NO_PROTOTYPES -DLTC_SOURCE -D_ACRTIMP= -DLTC_NO_TEST -DMP_32BIT= -D__WINE_PE_BUILD \
  -fuse-ld=lld --no-default-config -fno-strict-aliasing -Wno-microsoft-enum-forward-reference \
  -ffunction-sections -ffp-exception-behavior=maytrap -gdwarf-4 -g -O2
aarch64-w64-mingw32-clang -c -o libs/tomcrypt/aarch64-windows/src/hashes/rmd160.o /Users/runner/work/WineIOS-Core/WineIOS-Core/third_party/wine/libs/tomcrypt/src/hashes/rmd160.c \
  -Ilibs/tomcrypt -I/Users/runner/work/WineIOS-Core/WineIOS-Core/third_party/wine/libs/tomcrypt \
  -Iinclude -I/Users/runner/work/WineIOS-Core/WineIOS-Core/third_party/wine/include \
  -I/Users/runner/work/WineIOS-Core/WineIOS-Core/third_party/wine/include/msvcrt \
  -I/Users/runner/work/WineIOS-Core/WineIOS-Core/third_party/wine/libs/tomcrypt/src/headers -D_UCRT \
  -DLTC_NO_PROTOTYPES -DLTC_SOURCE -D_ACRTIMP= -DLTC_NO_TEST -DMP_32BIT= -D__WINE_PE_BUILD \
  -fuse-ld=lld --no-default-config -fno-strict-aliasing -Wno-microsoft-enum-forward-reference \
  -ffunction-sections -ffp-exception-behavior=maytrap -gdwarf-4 -g -O2
aarch64-w64-mingw32-clang -c -o libs/tomcrypt/aarch64-windows/src/hashes/rmd256.o /Users/runner/work/WineIOS-Core/WineIOS-Core/third_party/wine/libs/tomcrypt/src/hashes/rmd256.c \
  -Ilibs/tomcrypt -I/Users/runner/work/WineIOS-Core/WineIOS-Core/third_party/wine/libs/tomcrypt \
  -Iinclude -I/Users/runner/work/WineIOS-Core/WineIOS-Core/third_party/wine/include \
  -I/Users/runner/work/WineIOS-Core/WineIOS-Core/third_party/wine/include/msvcrt \
  -I/Users/runner/work/WineIOS-Core/WineIOS-Core/third_party/wine/libs/tomcrypt/src/headers -D_UCRT \
  -DLTC_NO_PROTOTYPES -DLTC_SOURCE -D_ACRTIMP= -DLTC_NO_TEST -DMP_32BIT= -D__WINE_PE_BUILD \
  -fuse-ld=lld --no-default-config -fno-strict-aliasing -Wno-microsoft-enum-forward-reference \
  -ffunction-sections -ffp-exception-behavior=maytrap -gdwarf-4 -g -O2
aarch64-w64-mingw32-clang -c -o libs/tomcrypt/aarch64-windows/src/hashes/rmd320.o /Users/runner/work/WineIOS-Core/WineIOS-Core/third_party/wine/libs/tomcrypt/src/hashes/rmd320.c \
  -Ilibs/tomcrypt -I/Users/runner/work/WineIOS-Core/WineIOS-Core/third_party/wine/libs/tomcrypt \
  -Iinclude -I/Users/runner/work/WineIOS-Core/WineIOS-Core/third_party/wine/include \
  -I/Users/runner/work/WineIOS-Core/WineIOS-Core/third_party/wine/include/msvcrt \
  -I/Users/runner/work/WineIOS-Core/WineIOS-Core/third_party/wine/libs/tomcrypt/src/headers -D_UCRT \
  -DLTC_NO_PROTOTYPES -DLTC_SOURCE -D_ACRTIMP= -DLTC_NO_TEST -DMP_32BIT= -D__WINE_PE_BUILD \
  -fuse-ld=lld --no-default-config -fno-strict-aliasing -Wno-microsoft-enum-forward-reference \
  -ffunction-sections -ffp-exception-behavior=maytrap -gdwarf-4 -g -O2
aarch64-w64-mingw32-clang -c -o libs/tomcrypt/aarch64-windows/src/hashes/sha1.o /Users/runner/work/WineIOS-Core/WineIOS-Core/third_party/wine/libs/tomcrypt/src/hashes/sha1.c \
  -Ilibs/tomcrypt -I/Users/runner/work/WineIOS-Core/WineIOS-Core/third_party/wine/libs/tomcrypt \
  -Iinclude -I/Users/runner/work/WineIOS-Core/WineIOS-Core/third_party/wine/include \
  -I/Users/runner/work/WineIOS-Core/WineIOS-Core/third_party/wine/include/msvcrt \
  -I/Users/runner/work/WineIOS-Core/WineIOS-Core/third_party/wine/libs/tomcrypt/src/headers -D_UCRT \
  -DLTC_NO_PROTOTYPES -DLTC_SOURCE -D_ACRTIMP= -DLTC_NO_TEST -DMP_32BIT= -D__WINE_PE_BUILD \
  -fuse-ld=lld --no-default-config -fno-strict-aliasing -Wno-microsoft-enum-forward-reference \
  -ffunction-sections -ffp-exception-behavior=maytrap -gdwarf-4 -g -O2
aarch64-w64-mingw32-clang -c -o libs/tomcrypt/aarch64-windows/src/hashes/sha2/sha224.o /Users/runner/work/WineIOS-Core/WineIOS-Core/third_party/wine/libs/tomcrypt/src/hashes/sha2/sha224.c \
  -Ilibs/tomcrypt -I/Users/runner/work/WineIOS-Core/WineIOS-Core/third_party/wine/libs/tomcrypt \
  -Iinclude -I/Users/runner/work/WineIOS-Core/WineIOS-Core/third_party/wine/include \
  -I/Users/runner/work/WineIOS-Core/WineIOS-Core/third_party/wine/include/msvcrt \
  -I/Users/runner/work/WineIOS-Core/WineIOS-Core/third_party/wine/libs/tomcrypt/src/headers -D_UCRT \
  -DLTC_NO_PROTOTYPES -DLTC_SOURCE -D_ACRTIMP= -DLTC_NO_TEST -DMP_32BIT= -D__WINE_PE_BUILD \
  -fuse-ld=lld --no-default-config -fno-strict-aliasing -Wno-microsoft-enum-forward-reference \
  -ffunction-sections -ffp-exception-behavior=maytrap -gdwarf-4 -g -O2
aarch64-w64-mingw32-clang -c -o libs/tomcrypt/aarch64-windows/src/hashes/sha2/sha256.o /Users/runner/work/WineIOS-Core/WineIOS-Core/third_party/wine/libs/tomcrypt/src/hashes/sha2/sha256.c \
  -Ilibs/tomcrypt -I/Users/runner/work/WineIOS-Core/WineIOS-Core/third_party/wine/libs/tomcrypt \
  -Iinclude -I/Users/runner/work/WineIOS-Core/WineIOS-Core/third_party/wine/include \
  -I/Users/runner/work/WineIOS-Core/WineIOS-Core/third_party/wine/include/msvcrt \
  -I/Users/runner/work/WineIOS-Core/WineIOS-Core/third_party/wine/libs/tomcrypt/src/headers -D_UCRT \
  -DLTC_NO_PROTOTYPES -DLTC_SOURCE -D_ACRTIMP= -DLTC_NO_TEST -DMP_32BIT= -D__WINE_PE_BUILD \
  -fuse-ld=lld --no-default-config -fno-strict-aliasing -Wno-microsoft-enum-forward-reference \
  -ffunction-sections -ffp-exception-behavior=maytrap -gdwarf-4 -g -O2
aarch64-w64-mingw32-clang -c -o libs/tomcrypt/aarch64-windows/src/hashes/sha2/sha384.o /Users/runner/work/WineIOS-Core/WineIOS-Core/third_party/wine/libs/tomcrypt/src/hashes/sha2/sha384.c \
  -Ilibs/tomcrypt -I/Users/runner/work/WineIOS-Core/WineIOS-Core/third_party/wine/libs/tomcrypt \
  -Iinclude -I/Users/runner/work/WineIOS-Core/WineIOS-Core/third_party/wine/include \
  -I/Users/runner/work/WineIOS-Core/WineIOS-Core/third_party/wine/include/msvcrt \
  -I/Users/runner/work/WineIOS-Core/WineIOS-Core/third_party/wine/libs/tomcrypt/src/headers -D_UCRT \
  -DLTC_NO_PROTOTYPES -DLTC_SOURCE -D_ACRTIMP= -DLTC_NO_TEST -DMP_32BIT= -D__WINE_PE_BUILD \
  -fuse-ld=lld --no-default-config -fno-strict-aliasing -Wno-microsoft-enum-forward-reference \
  -ffunction-sections -ffp-exception-behavior=maytrap -gdwarf-4 -g -O2
aarch64-w64-mingw32-clang -c -o libs/tomcrypt/aarch64-windows/src/hashes/sha2/sha512.o /Users/runner/work/WineIOS-Core/WineIOS-Core/third_party/wine/libs/tomcrypt/src/hashes/sha2/sha512.c \
  -Ilibs/tomcrypt -I/Users/runner/work/WineIOS-Core/WineIOS-Core/third_party/wine/libs/tomcrypt \
  -Iinclude -I/Users/runner/work/WineIOS-Core/WineIOS-Core/third_party/wine/include \
  -I/Users/runner/work/WineIOS-Core/WineIOS-Core/third_party/wine/include/msvcrt \
  -I/Users/runner/work/WineIOS-Core/WineIOS-Core/third_party/wine/libs/tomcrypt/src/headers -D_UCRT \
  -DLTC_NO_PROTOTYPES -DLTC_SOURCE -D_ACRTIMP= -DLTC_NO_TEST -DMP_32BIT= -D__WINE_PE_BUILD \
  -fuse-ld=lld --no-default-config -fno-strict-aliasing -Wno-microsoft-enum-forward-reference \
  -ffunction-sections -ffp-exception-behavior=maytrap -gdwarf-4 -g -O2
aarch64-w64-mingw32-clang -c -o libs/tomcrypt/aarch64-windows/src/hashes/sha2/sha512_224.o /Users/runner/work/WineIOS-Core/WineIOS-Core/third_party/wine/libs/tomcrypt/src/hashes/sha2/sha512_224.c \
  -Ilibs/tomcrypt -I/Users/runner/work/WineIOS-Core/WineIOS-Core/third_party/wine/libs/tomcrypt \
  -Iinclude -I/Users/runner/work/WineIOS-Core/WineIOS-Core/third_party/wine/include \
  -I/Users/runner/work/WineIOS-Core/WineIOS-Core/third_party/wine/include/msvcrt \
  -I/Users/runner/work/WineIOS-Core/WineIOS-Core/third_party/wine/libs/tomcrypt/src/headers -D_UCRT \
  -DLTC_NO_PROTOTYPES -DLTC_SOURCE -D_ACRTIMP= -DLTC_NO_TEST -DMP_32BIT= -D__WINE_PE_BUILD \
  -fuse-ld=lld --no-default-config -fno-strict-aliasing -Wno-microsoft-enum-forward-reference \
  -ffunction-sections -ffp-exception-behavior=maytrap -gdwarf-4 -g -O2
aarch64-w64-mingw32-clang -c -o libs/tomcrypt/aarch64-windows/src/hashes/sha2/sha512_256.o /Users/runner/work/WineIOS-Core/WineIOS-Core/third_party/wine/libs/tomcrypt/src/hashes/sha2/sha512_256.c \
  -Ilibs/tomcrypt -I/Users/runner/work/WineIOS-Core/WineIOS-Core/third_party/wine/libs/tomcrypt \
  -Iinclude -I/Users/runner/work/WineIOS-Core/WineIOS-Core/third_party/wine/include \
  -I/Users/runner/work/WineIOS-Core/WineIOS-Core/third_party/wine/include/msvcrt \
  -I/Users/runner/work/WineIOS-Core/WineIOS-Core/third_party/wine/libs/tomcrypt/src/headers -D_UCRT \
  -DLTC_NO_PROTOTYPES -DLTC_SOURCE -D_ACRTIMP= -DLTC_NO_TEST -DMP_32BIT= -D__WINE_PE_BUILD \
  -fuse-ld=lld --no-default-config -fno-strict-aliasing -Wno-microsoft-enum-forward-reference \
  -ffunction-sections -ffp-exception-behavior=maytrap -gdwarf-4 -g -O2
aarch64-w64-mingw32-clang -c -o libs/tomcrypt/aarch64-windows/src/hashes/sha3.o /Users/runner/work/WineIOS-Core/WineIOS-Core/third_party/wine/libs/tomcrypt/src/hashes/sha3.c \
  -Ilibs/tomcrypt -I/Users/runner/work/WineIOS-Core/WineIOS-Core/third_party/wine/libs/tomcrypt \
  -Iinclude -I/Users/runner/work/WineIOS-Core/WineIOS-Core/third_party/wine/include \
  -I/Users/runner/work/WineIOS-Core/WineIOS-Core/third_party/wine/include/msvcrt \
  -I/Users/runner/work/WineIOS-Core/WineIOS-Core/third_party/wine/libs/tomcrypt/src/headers -D_UCRT \
  -DLTC_NO_PROTOTYPES -DLTC_SOURCE -D_ACRTIMP= -DLTC_NO_TEST -DMP_32BIT= -D__WINE_PE_BUILD \
  -fuse-ld=lld --no-default-config -fno-strict-aliasing -Wno-microsoft-enum-forward-reference \
  -ffunction-sections -ffp-exception-behavior=maytrap -gdwarf-4 -g -O2
aarch64-w64-mingw32-clang -c -o libs/tomcrypt/aarch64-windows/src/mac/hmac/hmac_done.o /Users/runner/work/WineIOS-Core/WineIOS-Core/third_party/wine/libs/tomcrypt/src/mac/hmac/hmac_done.c \
  -Ilibs/tomcrypt -I/Users/runner/work/WineIOS-Core/WineIOS-Core/third_party/wine/libs/tomcrypt \
  -Iinclude -I/Users/runner/work/WineIOS-Core/WineIOS-Core/third_party/wine/include \
  -I/Users/runner/work/WineIOS-Core/WineIOS-Core/third_party/wine/include/msvcrt \
  -I/Users/runner/work/WineIOS-Core/WineIOS-Core/third_party/wine/libs/tomcrypt/src/headers -D_UCRT \
  -DLTC_NO_PROTOTYPES -DLTC_SOURCE -D_ACRTIMP= -DLTC_NO_TEST -DMP_32BIT= -D__WINE_PE_BUILD \
  -fuse-ld=lld --no-default-config -fno-strict-aliasing -Wno-microsoft-enum-forward-reference \
  -ffunction-sections -ffp-exception-behavior=maytrap -gdwarf-4 -g -O2
aarch64-w64-mingw32-clang -c -o libs/tomcrypt/aarch64-windows/src/mac/hmac/hmac_init.o /Users/runner/work/WineIOS-Core/WineIOS-Core/third_party/wine/libs/tomcrypt/src/mac/hmac/hmac_init.c \
  -Ilibs/tomcrypt -I/Users/runner/work/WineIOS-Core/WineIOS-Core/third_party/wine/libs/tomcrypt \
  -Iinclude -I/Users/runner/work/WineIOS-Core/WineIOS-Core/third_party/wine/include \
  -I/Users/runner/work/WineIOS-Core/WineIOS-Core/third_party/wine/include/msvcrt \
  -I/Users/runner/work/WineIOS-Core/WineIOS-Core/third_party/wine/libs/tomcrypt/src/headers -D_UCRT \
  -DLTC_NO_PROTOTYPES -DLTC_SOURCE -D_ACRTIMP= -DLTC_NO_TEST -DMP_32BIT= -D__WINE_PE_BUILD \
  -fuse-ld=lld --no-default-config -fno-strict-aliasing -Wno-microsoft-enum-forward-reference \
  -ffunction-sections -ffp-exception-behavior=maytrap -gdwarf-4 -g -O2
aarch64-w64-mingw32-clang -c -o libs/tomcrypt/aarch64-windows/src/mac/hmac/hmac_memory.o /Users/runner/work/WineIOS-Core/WineIOS-Core/third_party/wine/libs/tomcrypt/src/mac/hmac/hmac_memory.c \
  -Ilibs/tomcrypt -I/Users/runner/work/WineIOS-Core/WineIOS-Core/third_party/wine/libs/tomcrypt \
  -Iinclude -I/Users/runner/work/WineIOS-Core/WineIOS-Core/third_party/wine/include \
  -I/Users/runner/work/WineIOS-Core/WineIOS-Core/third_party/wine/include/msvcrt \
  -I/Users/runner/work/WineIOS-Core/WineIOS-Core/third_party/wine/libs/tomcrypt/src/headers -D_UCRT \
  -DLTC_NO_PROTOTYPES -DLTC_SOURCE -D_ACRTIMP= -DLTC_NO_TEST -DMP_32BIT= -D__WINE_PE_BUILD \
  -fuse-ld=lld --no-default-config -fno-strict-aliasing -Wno-microsoft-enum-forward-reference \
  -ffunction-sections -ffp-exception-behavior=maytrap -gdwarf-4 -g -O2
aarch64-w64-mingw32-clang -c -o libs/tomcrypt/aarch64-windows/src/mac/hmac/hmac_memory_multi.o /Users/runner/work/WineIOS-Core/WineIOS-Core/third_party/wine/libs/tomcrypt/src/mac/hmac/hmac_memory_multi.c \
  -Ilibs/tomcrypt -I/Users/runner/work/WineIOS-Core/WineIOS-Core/third_party/wine/libs/tomcrypt \
  -Iinclude -I/Users/runner/work/WineIOS-Core/WineIOS-Core/third_party/wine/include \
  -I/Users/runner/work/WineIOS-Core/WineIOS-Core/third_party/wine/include/msvcrt \
  -I/Users/runner/work/WineIOS-Core/WineIOS-Core/third_party/wine/libs/tomcrypt/src/headers -D_UCRT \
  -DLTC_NO_PROTOTYPES -DLTC_SOURCE -D_ACRTIMP= -DLTC_NO_TEST -DMP_32BIT= -D__WINE_PE_BUILD \
  -fuse-ld=lld --no-default-config -fno-strict-aliasing -Wno-microsoft-enum-forward-reference \
  -ffunction-sections -ffp-exception-behavior=maytrap -gdwarf-4 -g -O2
aarch64-w64-mingw32-clang -c -o libs/tomcrypt/aarch64-windows/src/mac/hmac/hmac_process.o /Users/runner/work/WineIOS-Core/WineIOS-Core/third_party/wine/libs/tomcrypt/src/mac/hmac/hmac_process.c \
  -Ilibs/tomcrypt -I/Users/runner/work/WineIOS-Core/WineIOS-Core/third_party/wine/libs/tomcrypt \
  -Iinclude -I/Users/runner/work/WineIOS-Core/WineIOS-Core/third_party/wine/include \
  -I/Users/runner/work/WineIOS-Core/WineIOS-Core/third_party/wine/include/msvcrt \
  -I/Users/runner/work/WineIOS-Core/WineIOS-Core/third_party/wine/libs/tomcrypt/src/headers -D_UCRT \
  -DLTC_NO_PROTOTYPES -DLTC_SOURCE -D_ACRTIMP= -DLTC_NO_TEST -DMP_32BIT= -D__WINE_PE_BUILD \
  -fuse-ld=lld --no-default-config -fno-strict-aliasing -Wno-microsoft-enum-forward-reference \
  -ffunction-sections -ffp-exception-behavior=maytrap -gdwarf-4 -g -O2
aarch64-w64-mingw32-clang -c -o libs/tomcrypt/aarch64-windows/src/mac/omac/omac_done.o /Users/runner/work/WineIOS-Core/WineIOS-Core/third_party/wine/libs/tomcrypt/src/mac/omac/omac_done.c \
  -Ilibs/tomcrypt -I/Users/runner/work/WineIOS-Core/WineIOS-Core/third_party/wine/libs/tomcrypt \
  -Iinclude -I/Users/runner/work/WineIOS-Core/WineIOS-Core/third_party/wine/include \
  -I/Users/runner/work/WineIOS-Core/WineIOS-Core/third_party/wine/include/msvcrt \
  -I/Users/runner/work/WineIOS-Core/WineIOS-Core/third_party/wine/libs/tomcrypt/src/headers -D_UCRT \
  -DLTC_NO_PROTOTYPES -DLTC_SOURCE -D_ACRTIMP= -DLTC_NO_TEST -DMP_32BIT= -D__WINE_PE_BUILD \
  -fuse-ld=lld --no-default-config -fno-strict-aliasing -Wno-microsoft-enum-forward-reference \
  -ffunction-sections -ffp-exception-behavior=maytrap -gdwarf-4 -g -O2
aarch64-w64-mingw32-clang -c -o libs/tomcrypt/aarch64-windows/src/mac/omac/omac_init.o /Users/runner/work/WineIOS-Core/WineIOS-Core/third_party/wine/libs/tomcrypt/src/mac/omac/omac_init.c \
  -Ilibs/tomcrypt -I/Users/runner/work/WineIOS-Core/WineIOS-Core/third_party/wine/libs/tomcrypt \
  -Iinclude -I/Users/runner/work/WineIOS-Core/WineIOS-Core/third_party/wine/include \
  -I/Users/runner/work/WineIOS-Core/WineIOS-Core/third_party/wine/include/msvcrt \
  -I/Users/runner/work/WineIOS-Core/WineIOS-Core/third_party/wine/libs/tomcrypt/src/headers -D_UCRT \
  -DLTC_NO_PROTOTYPES -DLTC_SOURCE -D_ACRTIMP= -DLTC_NO_TEST -DMP_32BIT= -D__WINE_PE_BUILD \
  -fuse-ld=lld --no-default-config -fno-strict-aliasing -Wno-microsoft-enum-forward-reference \
  -ffunction-sections -ffp-exception-behavior=maytrap -gdwarf-4 -g -O2
aarch64-w64-mingw32-clang -c -o libs/tomcrypt/aarch64-windows/src/mac/omac/omac_memory.o /Users/runner/work/WineIOS-Core/WineIOS-Core/third_party/wine/libs/tomcrypt/src/mac/omac/omac_memory.c \
  -Ilibs/tomcrypt -I/Users/runner/work/WineIOS-Core/WineIOS-Core/third_party/wine/libs/tomcrypt \
  -Iinclude -I/Users/runner/work/WineIOS-Core/WineIOS-Core/third_party/wine/include \
  -I/Users/runner/work/WineIOS-Core/WineIOS-Core/third_party/wine/include/msvcrt \
  -I/Users/runner/work/WineIOS-Core/WineIOS-Core/third_party/wine/libs/tomcrypt/src/headers -D_UCRT \
  -DLTC_NO_PROTOTYPES -DLTC_SOURCE -D_ACRTIMP= -DLTC_NO_TEST -DMP_32BIT= -D__WINE_PE_BUILD \
  -fuse-ld=lld --no-default-config -fno-strict-aliasing -Wno-microsoft-enum-forward-reference \
  -ffunction-sections -ffp-exception-behavior=maytrap -gdwarf-4 -g -O2
aarch64-w64-mingw32-clang -c -o libs/tomcrypt/aarch64-windows/src/mac/omac/omac_memory_multi.o /Users/runner/work/WineIOS-Core/WineIOS-Core/third_party/wine/libs/tomcrypt/src/mac/omac/omac_memory_multi.c \
  -Ilibs/tomcrypt -I/Users/runner/work/WineIOS-Core/WineIOS-Core/third_party/wine/libs/tomcrypt \
  -Iinclude -I/Users/runner/work/WineIOS-Core/WineIOS-Core/third_party/wine/include \
  -I/Users/runner/work/WineIOS-Core/WineIOS-Core/third_party/wine/include/msvcrt \
  -I/Users/runner/work/WineIOS-Core/WineIOS-Core/third_party/wine/libs/tomcrypt/src/headers -D_UCRT \
  -DLTC_NO_PROTOTYPES -DLTC_SOURCE -D_ACRTIMP= -DLTC_NO_TEST -DMP_32BIT= -D__WINE_PE_BUILD \
  -fuse-ld=lld --no-default-config -fno-strict-aliasing -Wno-microsoft-enum-forward-reference \
  -ffunction-sections -ffp-exception-behavior=maytrap -gdwarf-4 -g -O2
aarch64-w64-mingw32-clang -c -o libs/tomcrypt/aarch64-windows/src/mac/omac/omac_process.o /Users/runner/work/WineIOS-Core/WineIOS-Core/third_party/wine/libs/tomcrypt/src/mac/omac/omac_process.c \
  -Ilibs/tomcrypt -I/Users/runner/work/WineIOS-Core/WineIOS-Core/third_party/wine/libs/tomcrypt \
  -Iinclude -I/Users/runner/work/WineIOS-Core/WineIOS-Core/third_party/wine/include \
  -I/Users/runner/work/WineIOS-Core/WineIOS-Core/third_party/wine/include/msvcrt \
  -I/Users/runner/work/WineIOS-Core/WineIOS-Core/third_party/wine/libs/tomcrypt/src/headers -D_UCRT \
  -DLTC_NO_PROTOTYPES -DLTC_SOURCE -D_ACRTIMP= -DLTC_NO_TEST -DMP_32BIT= -D__WINE_PE_BUILD \
  -fuse-ld=lld --no-default-config -fno-strict-aliasing -Wno-microsoft-enum-forward-reference \
  -ffunction-sections -ffp-exception-behavior=maytrap -gdwarf-4 -g -O2
aarch64-w64-mingw32-clang -c -o libs/tomcrypt/aarch64-windows/src/mac/pmac/pmac_done.o /Users/runner/work/WineIOS-Core/WineIOS-Core/third_party/wine/libs/tomcrypt/src/mac/pmac/pmac_done.c \
  -Ilibs/tomcrypt -I/Users/runner/work/WineIOS-Core/WineIOS-Core/third_party/wine/libs/tomcrypt \
  -Iinclude -I/Users/runner/work/WineIOS-Core/WineIOS-Core/third_party/wine/include \
  -I/Users/runner/work/WineIOS-Core/WineIOS-Core/third_party/wine/include/msvcrt \
  -I/Users/runner/work/WineIOS-Core/WineIOS-Core/third_party/wine/libs/tomcrypt/src/headers -D_UCRT \
  -DLTC_NO_PROTOTYPES -DLTC_SOURCE -D_ACRTIMP= -DLTC_NO_TEST -DMP_32BIT= -D__WINE_PE_BUILD \
  -fuse-ld=lld --no-default-config -fno-strict-aliasing -Wno-microsoft-enum-forward-reference \
  -ffunction-sections -ffp-exception-behavior=maytrap -gdwarf-4 -g -O2
aarch64-w64-mingw32-clang -c -o libs/tomcrypt/aarch64-windows/src/mac/pmac/pmac_init.o /Users/runner/work/WineIOS-Core/WineIOS-Core/third_party/wine/libs/tomcrypt/src/mac/pmac/pmac_init.c \
  -Ilibs/tomcrypt -I/Users/runner/work/WineIOS-Core/WineIOS-Core/third_party/wine/libs/tomcrypt \
  -Iinclude -I/Users/runner/work/WineIOS-Core/WineIOS-Core/third_party/wine/include \
  -I/Users/runner/work/WineIOS-Core/WineIOS-Core/third_party/wine/include/msvcrt \
  -I/Users/runner/work/WineIOS-Core/WineIOS-Core/third_party/wine/libs/tomcrypt/src/headers -D_UCRT \
  -DLTC_NO_PROTOTYPES -DLTC_SOURCE -D_ACRTIMP= -DLTC_NO_TEST -DMP_32BIT= -D__WINE_PE_BUILD \
  -fuse-ld=lld --no-default-config -fno-strict-aliasing -Wno-microsoft-enum-forward-reference \
  -ffunction-sections -ffp-exception-behavior=maytrap -gdwarf-4 -g -O2
aarch64-w64-mingw32-clang -c -o libs/tomcrypt/aarch64-windows/src/mac/pmac/pmac_memory.o /Users/runner/work/WineIOS-Core/WineIOS-Core/third_party/wine/libs/tomcrypt/src/mac/pmac/pmac_memory.c \
  -Ilibs/tomcrypt -I/Users/runner/work/WineIOS-Core/WineIOS-Core/third_party/wine/libs/tomcrypt \
  -Iinclude -I/Users/runner/work/WineIOS-Core/WineIOS-Core/third_party/wine/include \
  -I/Users/runner/work/WineIOS-Core/WineIOS-Core/third_party/wine/include/msvcrt \
  -I/Users/runner/work/WineIOS-Core/WineIOS-Core/third_party/wine/libs/tomcrypt/src/headers -D_UCRT \
  -DLTC_NO_PROTOTYPES -DLTC_SOURCE -D_ACRTIMP= -DLTC_NO_TEST -DMP_32BIT= -D__WINE_PE_BUILD \
  -fuse-ld=lld --no-default-config -fno-strict-aliasing -Wno-microsoft-enum-forward-reference \
  -ffunction-sections -ffp-exception-behavior=maytrap -gdwarf-4 -g -O2
aarch64-w64-mingw32-clang -c -o libs/tomcrypt/aarch64-windows/src/mac/pmac/pmac_memory_multi.o /Users/runner/work/WineIOS-Core/WineIOS-Core/third_party/wine/libs/tomcrypt/src/mac/pmac/pmac_memory_multi.c \
  -Ilibs/tomcrypt -I/Users/runner/work/WineIOS-Core/WineIOS-Core/third_party/wine/libs/tomcrypt \
  -Iinclude -I/Users/runner/work/WineIOS-Core/WineIOS-Core/third_party/wine/include \
  -I/Users/runner/work/WineIOS-Core/WineIOS-Core/third_party/wine/include/msvcrt \
  -I/Users/runner/work/WineIOS-Core/WineIOS-Core/third_party/wine/libs/tomcrypt/src/headers -D_UCRT \
  -DLTC_NO_PROTOTYPES -DLTC_SOURCE -D_ACRTIMP= -DLTC_NO_TEST -DMP_32BIT= -D__WINE_PE_BUILD \
  -fuse-ld=lld --no-default-config -fno-strict-aliasing -Wno-microsoft-enum-forward-reference \
  -ffunction-sections -ffp-exception-behavior=maytrap -gdwarf-4 -g -O2
aarch64-w64-mingw32-clang -c -o libs/tomcrypt/aarch64-windows/src/mac/pmac/pmac_ntz.o /Users/runner/work/WineIOS-Core/WineIOS-Core/third_party/wine/libs/tomcrypt/src/mac/pmac/pmac_ntz.c \
  -Ilibs/tomcrypt -I/Users/runner/work/WineIOS-Core/WineIOS-Core/third_party/wine/libs/tomcrypt \
  -Iinclude -I/Users/runner/work/WineIOS-Core/WineIOS-Core/third_party/wine/include \
  -I/Users/runner/work/WineIOS-Core/WineIOS-Core/third_party/wine/include/msvcrt \
  -I/Users/runner/work/WineIOS-Core/WineIOS-Core/third_party/wine/libs/tomcrypt/src/headers -D_UCRT \
  -DLTC_NO_PROTOTYPES -DLTC_SOURCE -D_ACRTIMP= -DLTC_NO_TEST -DMP_32BIT= -D__WINE_PE_BUILD \
  -fuse-ld=lld --no-default-config -fno-strict-aliasing -Wno-microsoft-enum-forward-reference \
  -ffunction-sections -ffp-exception-behavior=maytrap -gdwarf-4 -g -O2
aarch64-w64-mingw32-clang -c -o libs/tomcrypt/aarch64-windows/src/mac/pmac/pmac_process.o /Users/runner/work/WineIOS-Core/WineIOS-Core/third_party/wine/libs/tomcrypt/src/mac/pmac/pmac_process.c \
  -Ilibs/tomcrypt -I/Users/runner/work/WineIOS-Core/WineIOS-Core/third_party/wine/libs/tomcrypt \
  -Iinclude -I/Users/runner/work/WineIOS-Core/WineIOS-Core/third_party/wine/include \
  -I/Users/runner/work/WineIOS-Core/WineIOS-Core/third_party/wine/include/msvcrt \
  -I/Users/runner/work/WineIOS-Core/WineIOS-Core/third_party/wine/libs/tomcrypt/src/headers -D_UCRT \
  -DLTC_NO_PROTOTYPES -DLTC_SOURCE -D_ACRTIMP= -DLTC_NO_TEST -DMP_32BIT= -D__WINE_PE_BUILD \
  -fuse-ld=lld --no-default-config -fno-strict-aliasing -Wno-microsoft-enum-forward-reference \
  -ffunction-sections -ffp-exception-behavior=maytrap -gdwarf-4 -g -O2
aarch64-w64-mingw32-clang -c -o libs/tomcrypt/aarch64-windows/src/mac/pmac/pmac_shift_xor.o /Users/runner/work/WineIOS-Core/WineIOS-Core/third_party/wine/libs/tomcrypt/src/mac/pmac/pmac_shift_xor.c \
  -Ilibs/tomcrypt -I/Users/runner/work/WineIOS-Core/WineIOS-Core/third_party/wine/libs/tomcrypt \
  -Iinclude -I/Users/runner/work/WineIOS-Core/WineIOS-Core/third_party/wine/include \
  -I/Users/runner/work/WineIOS-Core/WineIOS-Core/third_party/wine/include/msvcrt \
  -I/Users/runner/work/WineIOS-Core/WineIOS-Core/third_party/wine/libs/tomcrypt/src/headers -D_UCRT \
  -DLTC_NO_PROTOTYPES -DLTC_SOURCE -D_ACRTIMP= -DLTC_NO_TEST -DMP_32BIT= -D__WINE_PE_BUILD \
  -fuse-ld=lld --no-default-config -fno-strict-aliasing -Wno-microsoft-enum-forward-reference \
  -ffunction-sections -ffp-exception-behavior=maytrap -gdwarf-4 -g -O2
aarch64-w64-mingw32-clang -c -o libs/tomcrypt/aarch64-windows/src/mac/xcbc/xcbc_done.o /Users/runner/work/WineIOS-Core/WineIOS-Core/third_party/wine/libs/tomcrypt/src/mac/xcbc/xcbc_done.c \
  -Ilibs/tomcrypt -I/Users/runner/work/WineIOS-Core/WineIOS-Core/third_party/wine/libs/tomcrypt \
  -Iinclude -I/Users/runner/work/WineIOS-Core/WineIOS-Core/third_party/wine/include \
  -I/Users/runner/work/WineIOS-Core/WineIOS-Core/third_party/wine/include/msvcrt \
  -I/Users/runner/work/WineIOS-Core/WineIOS-Core/third_party/wine/libs/tomcrypt/src/headers -D_UCRT \
  -DLTC_NO_PROTOTYPES -DLTC_SOURCE -D_ACRTIMP= -DLTC_NO_TEST -DMP_32BIT= -D__WINE_PE_BUILD \
  -fuse-ld=lld --no-default-config -fno-strict-aliasing -Wno-microsoft-enum-forward-reference \
  -ffunction-sections -ffp-exception-behavior=maytrap -gdwarf-4 -g -O2
aarch64-w64-mingw32-clang -c -o libs/tomcrypt/aarch64-windows/src/mac/xcbc/xcbc_init.o /Users/runner/work/WineIOS-Core/WineIOS-Core/third_party/wine/libs/tomcrypt/src/mac/xcbc/xcbc_init.c \
  -Ilibs/tomcrypt -I/Users/runner/work/WineIOS-Core/WineIOS-Core/third_party/wine/libs/tomcrypt \
  -Iinclude -I/Users/runner/work/WineIOS-Core/WineIOS-Core/third_party/wine/include \
  -I/Users/runner/work/WineIOS-Core/WineIOS-Core/third_party/wine/include/msvcrt \
  -I/Users/runner/work/WineIOS-Core/WineIOS-Core/third_party/wine/libs/tomcrypt/src/headers -D_UCRT \
  -DLTC_NO_PROTOTYPES -DLTC_SOURCE -D_ACRTIMP= -DLTC_NO_TEST -DMP_32BIT= -D__WINE_PE_BUILD \
  -fuse-ld=lld --no-default-config -fno-strict-aliasing -Wno-microsoft-enum-forward-reference \
  -ffunction-sections -ffp-exception-behavior=maytrap -gdwarf-4 -g -O2
aarch64-w64-mingw32-clang -c -o libs/tomcrypt/aarch64-windows/src/mac/xcbc/xcbc_memory.o /Users/runner/work/WineIOS-Core/WineIOS-Core/third_party/wine/libs/tomcrypt/src/mac/xcbc/xcbc_memory.c \
  -Ilibs/tomcrypt -I/Users/runner/work/WineIOS-Core/WineIOS-Core/third_party/wine/libs/tomcrypt \
  -Iinclude -I/Users/runner/work/WineIOS-Core/WineIOS-Core/third_party/wine/include \
  -I/Users/runner/work/WineIOS-Core/WineIOS-Core/third_party/wine/include/msvcrt \
  -I/Users/runner/work/WineIOS-Core/WineIOS-Core/third_party/wine/libs/tomcrypt/src/headers -D_UCRT \
  -DLTC_NO_PROTOTYPES -DLTC_SOURCE -D_ACRTIMP= -DLTC_NO_TEST -DMP_32BIT= -D__WINE_PE_BUILD \
  -fuse-ld=lld --no-default-config -fno-strict-aliasing -Wno-microsoft-enum-forward-reference \
  -ffunction-sections -ffp-exception-behavior=maytrap -gdwarf-4 -g -O2
aarch64-w64-mingw32-clang -c -o libs/tomcrypt/aarch64-windows/src/mac/xcbc/xcbc_memory_multi.o /Users/runner/work/WineIOS-Core/WineIOS-Core/third_party/wine/libs/tomcrypt/src/mac/xcbc/xcbc_memory_multi.c \
  -Ilibs/tomcrypt -I/Users/runner/work/WineIOS-Core/WineIOS-Core/third_party/wine/libs/tomcrypt \
  -Iinclude -I/Users/runner/work/WineIOS-Core/WineIOS-Core/third_party/wine/include \
  -I/Users/runner/work/WineIOS-Core/WineIOS-Core/third_party/wine/include/msvcrt \
  -I/Users/runner/work/WineIOS-Core/WineIOS-Core/third_party/wine/libs/tomcrypt/src/headers -D_UCRT \
  -DLTC_NO_PROTOTYPES -DLTC_SOURCE -D_ACRTIMP= -DLTC_NO_TEST -DMP_32BIT= -D__WINE_PE_BUILD \
  -fuse-ld=lld --no-default-config -fno-strict-aliasing -Wno-microsoft-enum-forward-reference \
  -ffunction-sections -ffp-exception-behavior=maytrap -gdwarf-4 -g -O2
aarch64-w64-mingw32-clang -c -o libs/tomcrypt/aarch64-windows/src/mac/xcbc/xcbc_process.o /Users/runner/work/WineIOS-Core/WineIOS-Core/third_party/wine/libs/tomcrypt/src/mac/xcbc/xcbc_process.c \
  -Ilibs/tomcrypt -I/Users/runner/work/WineIOS-Core/WineIOS-Core/third_party/wine/libs/tomcrypt \
  -Iinclude -I/Users/runner/work/WineIOS-Core/WineIOS-Core/third_party/wine/include \
  -I/Users/runner/work/WineIOS-Core/WineIOS-Core/third_party/wine/include/msvcrt \
  -I/Users/runner/work/WineIOS-Core/WineIOS-Core/third_party/wine/libs/tomcrypt/src/headers -D_UCRT \
  -DLTC_NO_PROTOTYPES -DLTC_SOURCE -D_ACRTIMP= -DLTC_NO_TEST -DMP_32BIT= -D__WINE_PE_BUILD \
  -fuse-ld=lld --no-default-config -fno-strict-aliasing -Wno-microsoft-enum-forward-reference \
  -ffunction-sections -ffp-exception-behavior=maytrap -gdwarf-4 -g -O2
aarch64-w64-mingw32-clang -c -o libs/tomcrypt/aarch64-windows/src/math/fp/ltc_ecc_fp_mulmod.o /Users/runner/work/WineIOS-Core/WineIOS-Core/third_party/wine/libs/tomcrypt/src/math/fp/ltc_ecc_fp_mulmod.c \
  -Ilibs/tomcrypt -I/Users/runner/work/WineIOS-Core/WineIOS-Core/third_party/wine/libs/tomcrypt \
  -Iinclude -I/Users/runner/work/WineIOS-Core/WineIOS-Core/third_party/wine/include \
  -I/Users/runner/work/WineIOS-Core/WineIOS-Core/third_party/wine/include/msvcrt \
  -I/Users/runner/work/WineIOS-Core/WineIOS-Core/third_party/wine/libs/tomcrypt/src/headers -D_UCRT \
  -DLTC_NO_PROTOTYPES -DLTC_SOURCE -D_ACRTIMP= -DLTC_NO_TEST -DMP_32BIT= -D__WINE_PE_BUILD \
  -fuse-ld=lld --no-default-config -fno-strict-aliasing -Wno-microsoft-enum-forward-reference \
  -ffunction-sections -ffp-exception-behavior=maytrap -gdwarf-4 -g -O2
aarch64-w64-mingw32-clang -c -o libs/tomcrypt/aarch64-windows/src/math/ltm_desc.o /Users/runner/work/WineIOS-Core/WineIOS-Core/third_party/wine/libs/tomcrypt/src/math/ltm_desc.c \
  -Ilibs/tomcrypt -I/Users/runner/work/WineIOS-Core/WineIOS-Core/third_party/wine/libs/tomcrypt \
  -Iinclude -I/Users/runner/work/WineIOS-Core/WineIOS-Core/third_party/wine/include \
  -I/Users/runner/work/WineIOS-Core/WineIOS-Core/third_party/wine/include/msvcrt \
  -I/Users/runner/work/WineIOS-Core/WineIOS-Core/third_party/wine/libs/tomcrypt/src/headers -D_UCRT \
  -DLTC_NO_PROTOTYPES -DLTC_SOURCE -D_ACRTIMP= -DLTC_NO_TEST -DMP_32BIT= -D__WINE_PE_BUILD \
  -fuse-ld=lld --no-default-config -fno-strict-aliasing -Wno-microsoft-enum-forward-reference \
  -ffunction-sections -ffp-exception-behavior=maytrap -gdwarf-4 -g -O2
aarch64-w64-mingw32-clang -c -o libs/tomcrypt/aarch64-windows/src/math/multi.o /Users/runner/work/WineIOS-Core/WineIOS-Core/third_party/wine/libs/tomcrypt/src/math/multi.c \
  -Ilibs/tomcrypt -I/Users/runner/work/WineIOS-Core/WineIOS-Core/third_party/wine/libs/tomcrypt \
  -Iinclude -I/Users/runner/work/WineIOS-Core/WineIOS-Core/third_party/wine/include \
  -I/Users/runner/work/WineIOS-Core/WineIOS-Core/third_party/wine/include/msvcrt \
  -I/Users/runner/work/WineIOS-Core/WineIOS-Core/third_party/wine/libs/tomcrypt/src/headers -D_UCRT \
  -DLTC_NO_PROTOTYPES -DLTC_SOURCE -D_ACRTIMP= -DLTC_NO_TEST -DMP_32BIT= -D__WINE_PE_BUILD \
  -fuse-ld=lld --no-default-config -fno-strict-aliasing -Wno-microsoft-enum-forward-reference \
  -ffunction-sections -ffp-exception-behavior=maytrap -gdwarf-4 -g -O2
aarch64-w64-mingw32-clang -c -o libs/tomcrypt/aarch64-windows/src/math/radix_to_bin.o /Users/runner/work/WineIOS-Core/WineIOS-Core/third_party/wine/libs/tomcrypt/src/math/radix_to_bin.c \
  -Ilibs/tomcrypt -I/Users/runner/work/WineIOS-Core/WineIOS-Core/third_party/wine/libs/tomcrypt \
  -Iinclude -I/Users/runner/work/WineIOS-Core/WineIOS-Core/third_party/wine/include \
  -I/Users/runner/work/WineIOS-Core/WineIOS-Core/third_party/wine/include/msvcrt \
  -I/Users/runner/work/WineIOS-Core/WineIOS-Core/third_party/wine/libs/tomcrypt/src/headers -D_UCRT \
  -DLTC_NO_PROTOTYPES -DLTC_SOURCE -D_ACRTIMP= -DLTC_NO_TEST -DMP_32BIT= -D__WINE_PE_BUILD \
  -fuse-ld=lld --no-default-config -fno-strict-aliasing -Wno-microsoft-enum-forward-reference \
  -ffunction-sections -ffp-exception-behavior=maytrap -gdwarf-4 -g -O2
aarch64-w64-mingw32-clang -c -o libs/tomcrypt/aarch64-windows/src/math/rand_bn.o /Users/runner/work/WineIOS-Core/WineIOS-Core/third_party/wine/libs/tomcrypt/src/math/rand_bn.c \
  -Ilibs/tomcrypt -I/Users/runner/work/WineIOS-Core/WineIOS-Core/third_party/wine/libs/tomcrypt \
  -Iinclude -I/Users/runner/work/WineIOS-Core/WineIOS-Core/third_party/wine/include \
  -I/Users/runner/work/WineIOS-Core/WineIOS-Core/third_party/wine/include/msvcrt \
  -I/Users/runner/work/WineIOS-Core/WineIOS-Core/third_party/wine/libs/tomcrypt/src/headers -D_UCRT \
  -DLTC_NO_PROTOTYPES -DLTC_SOURCE -D_ACRTIMP= -DLTC_NO_TEST -DMP_32BIT= -D__WINE_PE_BUILD \
  -fuse-ld=lld --no-default-config -fno-strict-aliasing -Wno-microsoft-enum-forward-reference \
  -ffunction-sections -ffp-exception-behavior=maytrap -gdwarf-4 -g -O2
aarch64-w64-mingw32-clang -c -o libs/tomcrypt/aarch64-windows/src/math/rand_prime.o /Users/runner/work/WineIOS-Core/WineIOS-Core/third_party/wine/libs/tomcrypt/src/math/rand_prime.c \
  -Ilibs/tomcrypt -I/Users/runner/work/WineIOS-Core/WineIOS-Core/third_party/wine/libs/tomcrypt \
  -Iinclude -I/Users/runner/work/WineIOS-Core/WineIOS-Core/third_party/wine/include \
  -I/Users/runner/work/WineIOS-Core/WineIOS-Core/third_party/wine/include/msvcrt \
  -I/Users/runner/work/WineIOS-Core/WineIOS-Core/third_party/wine/libs/tomcrypt/src/headers -D_UCRT \
  -DLTC_NO_PROTOTYPES -DLTC_SOURCE -D_ACRTIMP= -DLTC_NO_TEST -DMP_32BIT= -D__WINE_PE_BUILD \
  -fuse-ld=lld --no-default-config -fno-strict-aliasing -Wno-microsoft-enum-forward-reference \
  -ffunction-sections -ffp-exception-behavior=maytrap -gdwarf-4 -g -O2
aarch64-w64-mingw32-clang -c -o libs/tomcrypt/aarch64-windows/src/math/tfm_desc.o /Users/runner/work/WineIOS-Core/WineIOS-Core/third_party/wine/libs/tomcrypt/src/math/tfm_desc.c \
  -Ilibs/tomcrypt -I/Users/runner/work/WineIOS-Core/WineIOS-Core/third_party/wine/libs/tomcrypt \
  -Iinclude -I/Users/runner/work/WineIOS-Core/WineIOS-Core/third_party/wine/include \
  -I/Users/runner/work/WineIOS-Core/WineIOS-Core/third_party/wine/include/msvcrt \
  -I/Users/runner/work/WineIOS-Core/WineIOS-Core/third_party/wine/libs/tomcrypt/src/headers -D_UCRT \
  -DLTC_NO_PROTOTYPES -DLTC_SOURCE -D_ACRTIMP= -DLTC_NO_TEST -DMP_32BIT= -D__WINE_PE_BUILD \
  -fuse-ld=lld --no-default-config -fno-strict-aliasing -Wno-microsoft-enum-forward-reference \
  -ffunction-sections -ffp-exception-behavior=maytrap -gdwarf-4 -g -O2
aarch64-w64-mingw32-clang -c -o libs/tomcrypt/aarch64-windows/src/misc/adler32.o /Users/runner/work/WineIOS-Core/WineIOS-Core/third_party/wine/libs/tomcrypt/src/misc/adler32.c \
  -Ilibs/tomcrypt -I/Users/runner/work/WineIOS-Core/WineIOS-Core/third_party/wine/libs/tomcrypt \
  -Iinclude -I/Users/runner/work/WineIOS-Core/WineIOS-Core/third_party/wine/include \
  -I/Users/runner/work/WineIOS-Core/WineIOS-Core/third_party/wine/include/msvcrt \
  -I/Users/runner/work/WineIOS-Core/WineIOS-Core/third_party/wine/libs/tomcrypt/src/headers -D_UCRT \
  -DLTC_NO_PROTOTYPES -DLTC_SOURCE -D_ACRTIMP= -DLTC_NO_TEST -DMP_32BIT= -D__WINE_PE_BUILD \
  -fuse-ld=lld --no-default-config -fno-strict-aliasing -Wno-microsoft-enum-forward-reference \
  -ffunction-sections -ffp-exception-behavior=maytrap -gdwarf-4 -g -O2
aarch64-w64-mingw32-clang -c -o libs/tomcrypt/aarch64-windows/src/misc/base64/base64_decode.o /Users/runner/work/WineIOS-Core/WineIOS-Core/third_party/wine/libs/tomcrypt/src/misc/base64/base64_decode.c \
  -Ilibs/tomcrypt -I/Users/runner/work/WineIOS-Core/WineIOS-Core/third_party/wine/libs/tomcrypt \
  -Iinclude -I/Users/runner/work/WineIOS-Core/WineIOS-Core/third_party/wine/include \
  -I/Users/runner/work/WineIOS-Core/WineIOS-Core/third_party/wine/include/msvcrt \
  -I/Users/runner/work/WineIOS-Core/WineIOS-Core/third_party/wine/libs/tomcrypt/src/headers -D_UCRT \
  -DLTC_NO_PROTOTYPES -DLTC_SOURCE -D_ACRTIMP= -DLTC_NO_TEST -DMP_32BIT= -D__WINE_PE_BUILD \
  -fuse-ld=lld --no-default-config -fno-strict-aliasing -Wno-microsoft-enum-forward-reference \
  -ffunction-sections -ffp-exception-behavior=maytrap -gdwarf-4 -g -O2
aarch64-w64-mingw32-clang -c -o libs/tomcrypt/aarch64-windows/src/misc/base64/base64_encode.o /Users/runner/work/WineIOS-Core/WineIOS-Core/third_party/wine/libs/tomcrypt/src/misc/base64/base64_encode.c \
  -Ilibs/tomcrypt -I/Users/runner/work/WineIOS-Core/WineIOS-Core/third_party/wine/libs/tomcrypt \
  -Iinclude -I/Users/runner/work/WineIOS-Core/WineIOS-Core/third_party/wine/include \
  -I/Users/runner/work/WineIOS-Core/WineIOS-Core/third_party/wine/include/msvcrt \
  -I/Users/runner/work/WineIOS-Core/WineIOS-Core/third_party/wine/libs/tomcrypt/src/headers -D_UCRT \
  -DLTC_NO_PROTOTYPES -DLTC_SOURCE -D_ACRTIMP= -DLTC_NO_TEST -DMP_32BIT= -D__WINE_PE_BUILD \
  -fuse-ld=lld --no-default-config -fno-strict-aliasing -Wno-microsoft-enum-forward-reference \
  -ffunction-sections -ffp-exception-behavior=maytrap -gdwarf-4 -g -O2
aarch64-w64-mingw32-clang -c -o libs/tomcrypt/aarch64-windows/src/misc/burn_stack.o /Users/runner/work/WineIOS-Core/WineIOS-Core/third_party/wine/libs/tomcrypt/src/misc/burn_stack.c \
  -Ilibs/tomcrypt -I/Users/runner/work/WineIOS-Core/WineIOS-Core/third_party/wine/libs/tomcrypt \
  -Iinclude -I/Users/runner/work/WineIOS-Core/WineIOS-Core/third_party/wine/include \
  -I/Users/runner/work/WineIOS-Core/WineIOS-Core/third_party/wine/include/msvcrt \
  -I/Users/runner/work/WineIOS-Core/WineIOS-Core/third_party/wine/libs/tomcrypt/src/headers -D_UCRT \
  -DLTC_NO_PROTOTYPES -DLTC_SOURCE -D_ACRTIMP= -DLTC_NO_TEST -DMP_32BIT= -D__WINE_PE_BUILD \
  -fuse-ld=lld --no-default-config -fno-strict-aliasing -Wno-microsoft-enum-forward-reference \
  -ffunction-sections -ffp-exception-behavior=maytrap -gdwarf-4 -g -O2
aarch64-w64-mingw32-clang -c -o libs/tomcrypt/aarch64-windows/src/misc/crc32.o /Users/runner/work/WineIOS-Core/WineIOS-Core/third_party/wine/libs/tomcrypt/src/misc/crc32.c \
  -Ilibs/tomcrypt -I/Users/runner/work/WineIOS-Core/WineIOS-Core/third_party/wine/libs/tomcrypt \
  -Iinclude -I/Users/runner/work/WineIOS-Core/WineIOS-Core/third_party/wine/include \
  -I/Users/runner/work/WineIOS-Core/WineIOS-Core/third_party/wine/include/msvcrt \
  -I/Users/runner/work/WineIOS-Core/WineIOS-Core/third_party/wine/libs/tomcrypt/src/headers -D_UCRT \
  -DLTC_NO_PROTOTYPES -DLTC_SOURCE -D_ACRTIMP= -DLTC_NO_TEST -DMP_32BIT= -D__WINE_PE_BUILD \
  -fuse-ld=lld --no-default-config -fno-strict-aliasing -Wno-microsoft-enum-forward-reference \
  -ffunction-sections -ffp-exception-behavior=maytrap -gdwarf-4 -g -O2
aarch64-w64-mingw32-clang -c -o libs/tomcrypt/aarch64-windows/src/misc/crypt/crypt_cipher_descriptor.o /Users/runner/work/WineIOS-Core/WineIOS-Core/third_party/wine/libs/tomcrypt/src/misc/crypt/crypt_cipher_descriptor.c \
  -Ilibs/tomcrypt -I/Users/runner/work/WineIOS-Core/WineIOS-Core/third_party/wine/libs/tomcrypt \
  -Iinclude -I/Users/runner/work/WineIOS-Core/WineIOS-Core/third_party/wine/include \
  -I/Users/runner/work/WineIOS-Core/WineIOS-Core/third_party/wine/include/msvcrt \
  -I/Users/runner/work/WineIOS-Core/WineIOS-Core/third_party/wine/libs/tomcrypt/src/headers -D_UCRT \
  -DLTC_NO_PROTOTYPES -DLTC_SOURCE -D_ACRTIMP= -DLTC_NO_TEST -DMP_32BIT= -D__WINE_PE_BUILD \
  -fuse-ld=lld --no-default-config -fno-strict-aliasing -Wno-microsoft-enum-forward-reference \
  -ffunction-sections -ffp-exception-behavior=maytrap -gdwarf-4 -g -O2
aarch64-w64-mingw32-clang -c -o libs/tomcrypt/aarch64-windows/src/misc/crypt/crypt_cipher_is_valid.o /Users/runner/work/WineIOS-Core/WineIOS-Core/third_party/wine/libs/tomcrypt/src/misc/crypt/crypt_cipher_is_valid.c \
  -Ilibs/tomcrypt -I/Users/runner/work/WineIOS-Core/WineIOS-Core/third_party/wine/libs/tomcrypt \
  -Iinclude -I/Users/runner/work/WineIOS-Core/WineIOS-Core/third_party/wine/include \
  -I/Users/runner/work/WineIOS-Core/WineIOS-Core/third_party/wine/include/msvcrt \
  -I/Users/runner/work/WineIOS-Core/WineIOS-Core/third_party/wine/libs/tomcrypt/src/headers -D_UCRT \
  -DLTC_NO_PROTOTYPES -DLTC_SOURCE -D_ACRTIMP= -DLTC_NO_TEST -DMP_32BIT= -D__WINE_PE_BUILD \
  -fuse-ld=lld --no-default-config -fno-strict-aliasing -Wno-microsoft-enum-forward-reference \
  -ffunction-sections -ffp-exception-behavior=maytrap -gdwarf-4 -g -O2
aarch64-w64-mingw32-clang -c -o libs/tomcrypt/aarch64-windows/src/misc/crypt/crypt_find_cipher.o /Users/runner/work/WineIOS-Core/WineIOS-Core/third_party/wine/libs/tomcrypt/src/misc/crypt/crypt_find_cipher.c \
  -Ilibs/tomcrypt -I/Users/runner/work/WineIOS-Core/WineIOS-Core/third_party/wine/libs/tomcrypt \
  -Iinclude -I/Users/runner/work/WineIOS-Core/WineIOS-Core/third_party/wine/include \
  -I/Users/runner/work/WineIOS-Core/WineIOS-Core/third_party/wine/include/msvcrt \
  -I/Users/runner/work/WineIOS-Core/WineIOS-Core/third_party/wine/libs/tomcrypt/src/headers -D_UCRT \
  -DLTC_NO_PROTOTYPES -DLTC_SOURCE -D_ACRTIMP= -DLTC_NO_TEST -DMP_32BIT= -D__WINE_PE_BUILD \
  -fuse-ld=lld --no-default-config -fno-strict-aliasing -Wno-microsoft-enum-forward-reference \
  -ffunction-sections -ffp-exception-behavior=maytrap -gdwarf-4 -g -O2
aarch64-w64-mingw32-clang -c -o libs/tomcrypt/aarch64-windows/src/misc/crypt/crypt_find_cipher_any.o /Users/runner/work/WineIOS-Core/WineIOS-Core/third_party/wine/libs/tomcrypt/src/misc/crypt/crypt_find_cipher_any.c \
  -Ilibs/tomcrypt -I/Users/runner/work/WineIOS-Core/WineIOS-Core/third_party/wine/libs/tomcrypt \
  -Iinclude -I/Users/runner/work/WineIOS-Core/WineIOS-Core/third_party/wine/include \
  -I/Users/runner/work/WineIOS-Core/WineIOS-Core/third_party/wine/include/msvcrt \
  -I/Users/runner/work/WineIOS-Core/WineIOS-Core/third_party/wine/libs/tomcrypt/src/headers -D_UCRT \
  -DLTC_NO_PROTOTYPES -DLTC_SOURCE -D_ACRTIMP= -DLTC_NO_TEST -DMP_32BIT= -D__WINE_PE_BUILD \
  -fuse-ld=lld --no-default-config -fno-strict-aliasing -Wno-microsoft-enum-forward-reference \
  -ffunction-sections -ffp-exception-behavior=maytrap -gdwarf-4 -g -O2
aarch64-w64-mingw32-clang -c -o libs/tomcrypt/aarch64-windows/src/misc/crypt/crypt_find_cipher_id.o /Users/runner/work/WineIOS-Core/WineIOS-Core/third_party/wine/libs/tomcrypt/src/misc/crypt/crypt_find_cipher_id.c \
  -Ilibs/tomcrypt -I/Users/runner/work/WineIOS-Core/WineIOS-Core/third_party/wine/libs/tomcrypt \
  -Iinclude -I/Users/runner/work/WineIOS-Core/WineIOS-Core/third_party/wine/include \
  -I/Users/runner/work/WineIOS-Core/WineIOS-Core/third_party/wine/include/msvcrt \
  -I/Users/runner/work/WineIOS-Core/WineIOS-Core/third_party/wine/libs/tomcrypt/src/headers -D_UCRT \
  -DLTC_NO_PROTOTYPES -DLTC_SOURCE -D_ACRTIMP= -DLTC_NO_TEST -DMP_32BIT= -D__WINE_PE_BUILD \
  -fuse-ld=lld --no-default-config -fno-strict-aliasing -Wno-microsoft-enum-forward-reference \
  -ffunction-sections -ffp-exception-behavior=maytrap -gdwarf-4 -g -O2
aarch64-w64-mingw32-clang -c -o libs/tomcrypt/aarch64-windows/src/misc/crypt/crypt_find_hash.o /Users/runner/work/WineIOS-Core/WineIOS-Core/third_party/wine/libs/tomcrypt/src/misc/crypt/crypt_find_hash.c \
  -Ilibs/tomcrypt -I/Users/runner/work/WineIOS-Core/WineIOS-Core/third_party/wine/libs/tomcrypt \
  -Iinclude -I/Users/runner/work/WineIOS-Core/WineIOS-Core/third_party/wine/include \
  -I/Users/runner/work/WineIOS-Core/WineIOS-Core/third_party/wine/include/msvcrt \
  -I/Users/runner/work/WineIOS-Core/WineIOS-Core/third_party/wine/libs/tomcrypt/src/headers -D_UCRT \
  -DLTC_NO_PROTOTYPES -DLTC_SOURCE -D_ACRTIMP= -DLTC_NO_TEST -DMP_32BIT= -D__WINE_PE_BUILD \
  -fuse-ld=lld --no-default-config -fno-strict-aliasing -Wno-microsoft-enum-forward-reference \
  -ffunction-sections -ffp-exception-behavior=maytrap -gdwarf-4 -g -O2
aarch64-w64-mingw32-clang -c -o libs/tomcrypt/aarch64-windows/src/misc/crypt/crypt_find_hash_any.o /Users/runner/work/WineIOS-Core/WineIOS-Core/third_party/wine/libs/tomcrypt/src/misc/crypt/crypt_find_hash_any.c \
  -Ilibs/tomcrypt -I/Users/runner/work/WineIOS-Core/WineIOS-Core/third_party/wine/libs/tomcrypt \
  -Iinclude -I/Users/runner/work/WineIOS-Core/WineIOS-Core/third_party/wine/include \
  -I/Users/runner/work/WineIOS-Core/WineIOS-Core/third_party/wine/include/msvcrt \
  -I/Users/runner/work/WineIOS-Core/WineIOS-Core/third_party/wine/libs/tomcrypt/src/headers -D_UCRT \
  -DLTC_NO_PROTOTYPES -DLTC_SOURCE -D_ACRTIMP= -DLTC_NO_TEST -DMP_32BIT= -D__WINE_PE_BUILD \
  -fuse-ld=lld --no-default-config -fno-strict-aliasing -Wno-microsoft-enum-forward-reference \
  -ffunction-sections -ffp-exception-behavior=maytrap -gdwarf-4 -g -O2
aarch64-w64-mingw32-clang -c -o libs/tomcrypt/aarch64-windows/src/misc/crypt/crypt_find_hash_id.o /Users/runner/work/WineIOS-Core/WineIOS-Core/third_party/wine/libs/tomcrypt/src/misc/crypt/crypt_find_hash_id.c \
  -Ilibs/tomcrypt -I/Users/runner/work/WineIOS-Core/WineIOS-Core/third_party/wine/libs/tomcrypt \
  -Iinclude -I/Users/runner/work/WineIOS-Core/WineIOS-Core/third_party/wine/include \
  -I/Users/runner/work/WineIOS-Core/WineIOS-Core/third_party/wine/include/msvcrt \
  -I/Users/runner/work/WineIOS-Core/WineIOS-Core/third_party/wine/libs/tomcrypt/src/headers -D_UCRT \
  -DLTC_NO_PROTOTYPES -DLTC_SOURCE -D_ACRTIMP= -DLTC_NO_TEST -DMP_32BIT= -D__WINE_PE_BUILD \
  -fuse-ld=lld --no-default-config -fno-strict-aliasing -Wno-microsoft-enum-forward-reference \
  -ffunction-sections -ffp-exception-behavior=maytrap -gdwarf-4 -g -O2
aarch64-w64-mingw32-clang -c -o libs/tomcrypt/aarch64-windows/src/misc/crypt/crypt_find_hash_oid.o /Users/runner/work/WineIOS-Core/WineIOS-Core/third_party/wine/libs/tomcrypt/src/misc/crypt/crypt_find_hash_oid.c \
  -Ilibs/tomcrypt -I/Users/runner/work/WineIOS-Core/WineIOS-Core/third_party/wine/libs/tomcrypt \
  -Iinclude -I/Users/runner/work/WineIOS-Core/WineIOS-Core/third_party/wine/include \
  -I/Users/runner/work/WineIOS-Core/WineIOS-Core/third_party/wine/include/msvcrt \
  -I/Users/runner/work/WineIOS-Core/WineIOS-Core/third_party/wine/libs/tomcrypt/src/headers -D_UCRT \
  -DLTC_NO_PROTOTYPES -DLTC_SOURCE -D_ACRTIMP= -DLTC_NO_TEST -DMP_32BIT= -D__WINE_PE_BUILD \
  -fuse-ld=lld --no-default-config -fno-strict-aliasing -Wno-microsoft-enum-forward-reference \
  -ffunction-sections -ffp-exception-behavior=maytrap -gdwarf-4 -g -O2
aarch64-w64-mingw32-clang -c -o libs/tomcrypt/aarch64-windows/src/misc/crypt/crypt_find_prng.o /Users/runner/work/WineIOS-Core/WineIOS-Core/third_party/wine/libs/tomcrypt/src/misc/crypt/crypt_find_prng.c \
  -Ilibs/tomcrypt -I/Users/runner/work/WineIOS-Core/WineIOS-Core/third_party/wine/libs/tomcrypt \
  -Iinclude -I/Users/runner/work/WineIOS-Core/WineIOS-Core/third_party/wine/include \
  -I/Users/runner/work/WineIOS-Core/WineIOS-Core/third_party/wine/include/msvcrt \
  -I/Users/runner/work/WineIOS-Core/WineIOS-Core/third_party/wine/libs/tomcrypt/src/headers -D_UCRT \
  -DLTC_NO_PROTOTYPES -DLTC_SOURCE -D_ACRTIMP= -DLTC_NO_TEST -DMP_32BIT= -D__WINE_PE_BUILD \
  -fuse-ld=lld --no-default-config -fno-strict-aliasing -Wno-microsoft-enum-forward-reference \
  -ffunction-sections -ffp-exception-behavior=maytrap -gdwarf-4 -g -O2
aarch64-w64-mingw32-clang -c -o libs/tomcrypt/aarch64-windows/src/misc/crypt/crypt_hash_descriptor.o /Users/runner/work/WineIOS-Core/WineIOS-Core/third_party/wine/libs/tomcrypt/src/misc/crypt/crypt_hash_descriptor.c \
  -Ilibs/tomcrypt -I/Users/runner/work/WineIOS-Core/WineIOS-Core/third_party/wine/libs/tomcrypt \
  -Iinclude -I/Users/runner/work/WineIOS-Core/WineIOS-Core/third_party/wine/include \
  -I/Users/runner/work/WineIOS-Core/WineIOS-Core/third_party/wine/include/msvcrt \
  -I/Users/runner/work/WineIOS-Core/WineIOS-Core/third_party/wine/libs/tomcrypt/src/headers -D_UCRT \
  -DLTC_NO_PROTOTYPES -DLTC_SOURCE -D_ACRTIMP= -DLTC_NO_TEST -DMP_32BIT= -D__WINE_PE_BUILD \
  -fuse-ld=lld --no-default-config -fno-strict-aliasing -Wno-microsoft-enum-forward-reference \
  -ffunction-sections -ffp-exception-behavior=maytrap -gdwarf-4 -g -O2
aarch64-w64-mingw32-clang -c -o libs/tomcrypt/aarch64-windows/src/misc/crypt/crypt_hash_is_valid.o /Users/runner/work/WineIOS-Core/WineIOS-Core/third_party/wine/libs/tomcrypt/src/misc/crypt/crypt_hash_is_valid.c \
  -Ilibs/tomcrypt -I/Users/runner/work/WineIOS-Core/WineIOS-Core/third_party/wine/libs/tomcrypt \
  -Iinclude -I/Users/runner/work/WineIOS-Core/WineIOS-Core/third_party/wine/include \
  -I/Users/runner/work/WineIOS-Core/WineIOS-Core/third_party/wine/include/msvcrt \
  -I/Users/runner/work/WineIOS-Core/WineIOS-Core/third_party/wine/libs/tomcrypt/src/headers -D_UCRT \
  -DLTC_NO_PROTOTYPES -DLTC_SOURCE -D_ACRTIMP= -DLTC_NO_TEST -DMP_32BIT= -D__WINE_PE_BUILD \
  -fuse-ld=lld --no-default-config -fno-strict-aliasing -Wno-microsoft-enum-forward-reference \
  -ffunction-sections -ffp-exception-behavior=maytrap -gdwarf-4 -g -O2
aarch64-w64-mingw32-clang -c -o libs/tomcrypt/aarch64-windows/src/misc/crypt/crypt_inits.o /Users/runner/work/WineIOS-Core/WineIOS-Core/third_party/wine/libs/tomcrypt/src/misc/crypt/crypt_inits.c \
  -Ilibs/tomcrypt -I/Users/runner/work/WineIOS-Core/WineIOS-Core/third_party/wine/libs/tomcrypt \
  -Iinclude -I/Users/runner/work/WineIOS-Core/WineIOS-Core/third_party/wine/include \
  -I/Users/runner/work/WineIOS-Core/WineIOS-Core/third_party/wine/include/msvcrt \
  -I/Users/runner/work/WineIOS-Core/WineIOS-Core/third_party/wine/libs/tomcrypt/src/headers -D_UCRT \
  -DLTC_NO_PROTOTYPES -DLTC_SOURCE -D_ACRTIMP= -DLTC_NO_TEST -DMP_32BIT= -D__WINE_PE_BUILD \
  -fuse-ld=lld --no-default-config -fno-strict-aliasing -Wno-microsoft-enum-forward-reference \
  -ffunction-sections -ffp-exception-behavior=maytrap -gdwarf-4 -g -O2
aarch64-w64-mingw32-clang -c -o libs/tomcrypt/aarch64-windows/src/misc/crypt/crypt_ltc_mp_descriptor.o /Users/runner/work/WineIOS-Core/WineIOS-Core/third_party/wine/libs/tomcrypt/src/misc/crypt/crypt_ltc_mp_descriptor.c \
  -Ilibs/tomcrypt -I/Users/runner/work/WineIOS-Core/WineIOS-Core/third_party/wine/libs/tomcrypt \
  -Iinclude -I/Users/runner/work/WineIOS-Core/WineIOS-Core/third_party/wine/include \
  -I/Users/runner/work/WineIOS-Core/WineIOS-Core/third_party/wine/include/msvcrt \
  -I/Users/runner/work/WineIOS-Core/WineIOS-Core/third_party/wine/libs/tomcrypt/src/headers -D_UCRT \
  -DLTC_NO_PROTOTYPES -DLTC_SOURCE -D_ACRTIMP= -DLTC_NO_TEST -DMP_32BIT= -D__WINE_PE_BUILD \
  -fuse-ld=lld --no-default-config -fno-strict-aliasing -Wno-microsoft-enum-forward-reference \
  -ffunction-sections -ffp-exception-behavior=maytrap -gdwarf-4 -g -O2
aarch64-w64-mingw32-clang -c -o libs/tomcrypt/aarch64-windows/src/misc/crypt/crypt_prng_descriptor.o /Users/runner/work/WineIOS-Core/WineIOS-Core/third_party/wine/libs/tomcrypt/src/misc/crypt/crypt_prng_descriptor.c \
  -Ilibs/tomcrypt -I/Users/runner/work/WineIOS-Core/WineIOS-Core/third_party/wine/libs/tomcrypt \
  -Iinclude -I/Users/runner/work/WineIOS-Core/WineIOS-Core/third_party/wine/include \
  -I/Users/runner/work/WineIOS-Core/WineIOS-Core/third_party/wine/include/msvcrt \
  -I/Users/runner/work/WineIOS-Core/WineIOS-Core/third_party/wine/libs/tomcrypt/src/headers -D_UCRT \
  -DLTC_NO_PROTOTYPES -DLTC_SOURCE -D_ACRTIMP= -DLTC_NO_TEST -DMP_32BIT= -D__WINE_PE_BUILD \
  -fuse-ld=lld --no-default-config -fno-strict-aliasing -Wno-microsoft-enum-forward-reference \
  -ffunction-sections -ffp-exception-behavior=maytrap -gdwarf-4 -g -O2
aarch64-w64-mingw32-clang -c -o libs/tomcrypt/aarch64-windows/src/misc/crypt/crypt_prng_is_valid.o /Users/runner/work/WineIOS-Core/WineIOS-Core/third_party/wine/libs/tomcrypt/src/misc/crypt/crypt_prng_is_valid.c \
  -Ilibs/tomcrypt -I/Users/runner/work/WineIOS-Core/WineIOS-Core/third_party/wine/libs/tomcrypt \
  -Iinclude -I/Users/runner/work/WineIOS-Core/WineIOS-Core/third_party/wine/include \
  -I/Users/runner/work/WineIOS-Core/WineIOS-Core/third_party/wine/include/msvcrt \
  -I/Users/runner/work/WineIOS-Core/WineIOS-Core/third_party/wine/libs/tomcrypt/src/headers -D_UCRT \
  -DLTC_NO_PROTOTYPES -DLTC_SOURCE -D_ACRTIMP= -DLTC_NO_TEST -DMP_32BIT= -D__WINE_PE_BUILD \
  -fuse-ld=lld --no-default-config -fno-strict-aliasing -Wno-microsoft-enum-forward-reference \
  -ffunction-sections -ffp-exception-behavior=maytrap -gdwarf-4 -g -O2
aarch64-w64-mingw32-clang -c -o libs/tomcrypt/aarch64-windows/src/misc/crypt/crypt_prng_rng_descriptor.o /Users/runner/work/WineIOS-Core/WineIOS-Core/third_party/wine/libs/tomcrypt/src/misc/crypt/crypt_prng_rng_descriptor.c \
  -Ilibs/tomcrypt -I/Users/runner/work/WineIOS-Core/WineIOS-Core/third_party/wine/libs/tomcrypt \
  -Iinclude -I/Users/runner/work/WineIOS-Core/WineIOS-Core/third_party/wine/include \
  -I/Users/runner/work/WineIOS-Core/WineIOS-Core/third_party/wine/include/msvcrt \
  -I/Users/runner/work/WineIOS-Core/WineIOS-Core/third_party/wine/libs/tomcrypt/src/headers -D_UCRT \
  -DLTC_NO_PROTOTYPES -DLTC_SOURCE -D_ACRTIMP= -DLTC_NO_TEST -DMP_32BIT= -D__WINE_PE_BUILD \
  -fuse-ld=lld --no-default-config -fno-strict-aliasing -Wno-microsoft-enum-forward-reference \
  -ffunction-sections -ffp-exception-behavior=maytrap -gdwarf-4 -g -O2
aarch64-w64-mingw32-clang -c -o libs/tomcrypt/aarch64-windows/src/misc/crypt/crypt_register_cipher.o /Users/runner/work/WineIOS-Core/WineIOS-Core/third_party/wine/libs/tomcrypt/src/misc/crypt/crypt_register_cipher.c \
  -Ilibs/tomcrypt -I/Users/runner/work/WineIOS-Core/WineIOS-Core/third_party/wine/libs/tomcrypt \
  -Iinclude -I/Users/runner/work/WineIOS-Core/WineIOS-Core/third_party/wine/include \
  -I/Users/runner/work/WineIOS-Core/WineIOS-Core/third_party/wine/include/msvcrt \
  -I/Users/runner/work/WineIOS-Core/WineIOS-Core/third_party/wine/libs/tomcrypt/src/headers -D_UCRT \
  -DLTC_NO_PROTOTYPES -DLTC_SOURCE -D_ACRTIMP= -DLTC_NO_TEST -DMP_32BIT= -D__WINE_PE_BUILD \
  -fuse-ld=lld --no-default-config -fno-strict-aliasing -Wno-microsoft-enum-forward-reference \
  -ffunction-sections -ffp-exception-behavior=maytrap -gdwarf-4 -g -O2
aarch64-w64-mingw32-clang -c -o libs/tomcrypt/aarch64-windows/src/misc/crypt/crypt_register_hash.o /Users/runner/work/WineIOS-Core/WineIOS-Core/third_party/wine/libs/tomcrypt/src/misc/crypt/crypt_register_hash.c \
  -Ilibs/tomcrypt -I/Users/runner/work/WineIOS-Core/WineIOS-Core/third_party/wine/libs/tomcrypt \
  -Iinclude -I/Users/runner/work/WineIOS-Core/WineIOS-Core/third_party/wine/include \
  -I/Users/runner/work/WineIOS-Core/WineIOS-Core/third_party/wine/include/msvcrt \
  -I/Users/runner/work/WineIOS-Core/WineIOS-Core/third_party/wine/libs/tomcrypt/src/headers -D_UCRT \
  -DLTC_NO_PROTOTYPES -DLTC_SOURCE -D_ACRTIMP= -DLTC_NO_TEST -DMP_32BIT= -D__WINE_PE_BUILD \
  -fuse-ld=lld --no-default-config -fno-strict-aliasing -Wno-microsoft-enum-forward-reference \
  -ffunction-sections -ffp-exception-behavior=maytrap -gdwarf-4 -g -O2
aarch64-w64-mingw32-clang -c -o libs/tomcrypt/aarch64-windows/src/misc/crypt/crypt_register_prng.o /Users/runner/work/WineIOS-Core/WineIOS-Core/third_party/wine/libs/tomcrypt/src/misc/crypt/crypt_register_prng.c \
  -Ilibs/tomcrypt -I/Users/runner/work/WineIOS-Core/WineIOS-Core/third_party/wine/libs/tomcrypt \
  -Iinclude -I/Users/runner/work/WineIOS-Core/WineIOS-Core/third_party/wine/include \
  -I/Users/runner/work/WineIOS-Core/WineIOS-Core/third_party/wine/include/msvcrt \
  -I/Users/runner/work/WineIOS-Core/WineIOS-Core/third_party/wine/libs/tomcrypt/src/headers -D_UCRT \
  -DLTC_NO_PROTOTYPES -DLTC_SOURCE -D_ACRTIMP= -DLTC_NO_TEST -DMP_32BIT= -D__WINE_PE_BUILD \
  -fuse-ld=lld --no-default-config -fno-strict-aliasing -Wno-microsoft-enum-forward-reference \
  -ffunction-sections -ffp-exception-behavior=maytrap -gdwarf-4 -g -O2
aarch64-w64-mingw32-clang -c -o libs/tomcrypt/aarch64-windows/src/misc/crypt/crypt_unregister_cipher.o /Users/runner/work/WineIOS-Core/WineIOS-Core/third_party/wine/libs/tomcrypt/src/misc/crypt/crypt_unregister_cipher.c \
  -Ilibs/tomcrypt -I/Users/runner/work/WineIOS-Core/WineIOS-Core/third_party/wine/libs/tomcrypt \
  -Iinclude -I/Users/runner/work/WineIOS-Core/WineIOS-Core/third_party/wine/include \
  -I/Users/runner/work/WineIOS-Core/WineIOS-Core/third_party/wine/include/msvcrt \
  -I/Users/runner/work/WineIOS-Core/WineIOS-Core/third_party/wine/libs/tomcrypt/src/headers -D_UCRT \
  -DLTC_NO_PROTOTYPES -DLTC_SOURCE -D_ACRTIMP= -DLTC_NO_TEST -DMP_32BIT= -D__WINE_PE_BUILD \
  -fuse-ld=lld --no-default-config -fno-strict-aliasing -Wno-microsoft-enum-forward-reference \
  -ffunction-sections -ffp-exception-behavior=maytrap -gdwarf-4 -g -O2
aarch64-w64-mingw32-clang -c -o libs/tomcrypt/aarch64-windows/src/misc/crypt/crypt_unregister_hash.o /Users/runner/work/WineIOS-Core/WineIOS-Core/third_party/wine/libs/tomcrypt/src/misc/crypt/crypt_unregister_hash.c \
  -Ilibs/tomcrypt -I/Users/runner/work/WineIOS-Core/WineIOS-Core/third_party/wine/libs/tomcrypt \
  -Iinclude -I/Users/runner/work/WineIOS-Core/WineIOS-Core/third_party/wine/include \
  -I/Users/runner/work/WineIOS-Core/WineIOS-Core/third_party/wine/include/msvcrt \
  -I/Users/runner/work/WineIOS-Core/WineIOS-Core/third_party/wine/libs/tomcrypt/src/headers -D_UCRT \
  -DLTC_NO_PROTOTYPES -DLTC_SOURCE -D_ACRTIMP= -DLTC_NO_TEST -DMP_32BIT= -D__WINE_PE_BUILD \
  -fuse-ld=lld --no-default-config -fno-strict-aliasing -Wno-microsoft-enum-forward-reference \
  -ffunction-sections -ffp-exception-behavior=maytrap -gdwarf-4 -g -O2
aarch64-w64-mingw32-clang -c -o libs/tomcrypt/aarch64-windows/src/misc/crypt/crypt_unregister_prng.o /Users/runner/work/WineIOS-Core/WineIOS-Core/third_party/wine/libs/tomcrypt/src/misc/crypt/crypt_unregister_prng.c \
  -Ilibs/tomcrypt -I/Users/runner/work/WineIOS-Core/WineIOS-Core/third_party/wine/libs/tomcrypt \
  -Iinclude -I/Users/runner/work/WineIOS-Core/WineIOS-Core/third_party/wine/include \
  -I/Users/runner/work/WineIOS-Core/WineIOS-Core/third_party/wine/include/msvcrt \
  -I/Users/runner/work/WineIOS-Core/WineIOS-Core/third_party/wine/libs/tomcrypt/src/headers -D_UCRT \
  -DLTC_NO_PROTOTYPES -DLTC_SOURCE -D_ACRTIMP= -DLTC_NO_TEST -DMP_32BIT= -D__WINE_PE_BUILD \
  -fuse-ld=lld --no-default-config -fno-strict-aliasing -Wno-microsoft-enum-forward-reference \
  -ffunction-sections -ffp-exception-behavior=maytrap -gdwarf-4 -g -O2
aarch64-w64-mingw32-clang -c -o libs/tomcrypt/aarch64-windows/src/misc/mem_neq.o /Users/runner/work/WineIOS-Core/WineIOS-Core/third_party/wine/libs/tomcrypt/src/misc/mem_neq.c \
  -Ilibs/tomcrypt -I/Users/runner/work/WineIOS-Core/WineIOS-Core/third_party/wine/libs/tomcrypt \
  -Iinclude -I/Users/runner/work/WineIOS-Core/WineIOS-Core/third_party/wine/include \
  -I/Users/runner/work/WineIOS-Core/WineIOS-Core/third_party/wine/include/msvcrt \
  -I/Users/runner/work/WineIOS-Core/WineIOS-Core/third_party/wine/libs/tomcrypt/src/headers -D_UCRT \
  -DLTC_NO_PROTOTYPES -DLTC_SOURCE -D_ACRTIMP= -DLTC_NO_TEST -DMP_32BIT= -D__WINE_PE_BUILD \
  -fuse-ld=lld --no-default-config -fno-strict-aliasing -Wno-microsoft-enum-forward-reference \
  -ffunction-sections -ffp-exception-behavior=maytrap -gdwarf-4 -g -O2
aarch64-w64-mingw32-clang -c -o libs/tomcrypt/aarch64-windows/src/misc/pk_get_oid.o /Users/runner/work/WineIOS-Core/WineIOS-Core/third_party/wine/libs/tomcrypt/src/misc/pk_get_oid.c \
  -Ilibs/tomcrypt -I/Users/runner/work/WineIOS-Core/WineIOS-Core/third_party/wine/libs/tomcrypt \
  -Iinclude -I/Users/runner/work/WineIOS-Core/WineIOS-Core/third_party/wine/include \
  -I/Users/runner/work/WineIOS-Core/WineIOS-Core/third_party/wine/include/msvcrt \
  -I/Users/runner/work/WineIOS-Core/WineIOS-Core/third_party/wine/libs/tomcrypt/src/headers -D_UCRT \
  -DLTC_NO_PROTOTYPES -DLTC_SOURCE -D_ACRTIMP= -DLTC_NO_TEST -DMP_32BIT= -D__WINE_PE_BUILD \
  -fuse-ld=lld --no-default-config -fno-strict-aliasing -Wno-microsoft-enum-forward-reference \
  -ffunction-sections -ffp-exception-behavior=maytrap -gdwarf-4 -g -O2
aarch64-w64-mingw32-clang -c -o libs/tomcrypt/aarch64-windows/src/misc/pkcs5/pkcs_5_1.o /Users/runner/work/WineIOS-Core/WineIOS-Core/third_party/wine/libs/tomcrypt/src/misc/pkcs5/pkcs_5_1.c \
  -Ilibs/tomcrypt -I/Users/runner/work/WineIOS-Core/WineIOS-Core/third_party/wine/libs/tomcrypt \
  -Iinclude -I/Users/runner/work/WineIOS-Core/WineIOS-Core/third_party/wine/include \
  -I/Users/runner/work/WineIOS-Core/WineIOS-Core/third_party/wine/include/msvcrt \
  -I/Users/runner/work/WineIOS-Core/WineIOS-Core/third_party/wine/libs/tomcrypt/src/headers -D_UCRT \
  -DLTC_NO_PROTOTYPES -DLTC_SOURCE -D_ACRTIMP= -DLTC_NO_TEST -DMP_32BIT= -D__WINE_PE_BUILD \
  -fuse-ld=lld --no-default-config -fno-strict-aliasing -Wno-microsoft-enum-forward-reference \
  -ffunction-sections -ffp-exception-behavior=maytrap -gdwarf-4 -g -O2
aarch64-w64-mingw32-clang -c -o libs/tomcrypt/aarch64-windows/src/misc/pkcs5/pkcs_5_2.o /Users/runner/work/WineIOS-Core/WineIOS-Core/third_party/wine/libs/tomcrypt/src/misc/pkcs5/pkcs_5_2.c \
  -Ilibs/tomcrypt -I/Users/runner/work/WineIOS-Core/WineIOS-Core/third_party/wine/libs/tomcrypt \
  -Iinclude -I/Users/runner/work/WineIOS-Core/WineIOS-Core/third_party/wine/include \
  -I/Users/runner/work/WineIOS-Core/WineIOS-Core/third_party/wine/include/msvcrt \
  -I/Users/runner/work/WineIOS-Core/WineIOS-Core/third_party/wine/libs/tomcrypt/src/headers -D_UCRT \
  -DLTC_NO_PROTOTYPES -DLTC_SOURCE -D_ACRTIMP= -DLTC_NO_TEST -DMP_32BIT= -D__WINE_PE_BUILD \
  -fuse-ld=lld --no-default-config -fno-strict-aliasing -Wno-microsoft-enum-forward-reference \
  -ffunction-sections -ffp-exception-behavior=maytrap -gdwarf-4 -g -O2
aarch64-w64-mingw32-clang -c -o libs/tomcrypt/aarch64-windows/src/misc/zeromem.o /Users/runner/work/WineIOS-Core/WineIOS-Core/third_party/wine/libs/tomcrypt/src/misc/zeromem.c \
  -Ilibs/tomcrypt -I/Users/runner/work/WineIOS-Core/WineIOS-Core/third_party/wine/libs/tomcrypt \
  -Iinclude -I/Users/runner/work/WineIOS-Core/WineIOS-Core/third_party/wine/include \
  -I/Users/runner/work/WineIOS-Core/WineIOS-Core/third_party/wine/include/msvcrt \
  -I/Users/runner/work/WineIOS-Core/WineIOS-Core/third_party/wine/libs/tomcrypt/src/headers -D_UCRT \
  -DLTC_NO_PROTOTYPES -DLTC_SOURCE -D_ACRTIMP= -DLTC_NO_TEST -DMP_32BIT= -D__WINE_PE_BUILD \
  -fuse-ld=lld --no-default-config -fno-strict-aliasing -Wno-microsoft-enum-forward-reference \
  -ffunction-sections -ffp-exception-behavior=maytrap -gdwarf-4 -g -O2
aarch64-w64-mingw32-clang -c -o libs/tomcrypt/aarch64-windows/src/modes/cbc/cbc_decrypt.o /Users/runner/work/WineIOS-Core/WineIOS-Core/third_party/wine/libs/tomcrypt/src/modes/cbc/cbc_decrypt.c \
  -Ilibs/tomcrypt -I/Users/runner/work/WineIOS-Core/WineIOS-Core/third_party/wine/libs/tomcrypt \
  -Iinclude -I/Users/runner/work/WineIOS-Core/WineIOS-Core/third_party/wine/include \
  -I/Users/runner/work/WineIOS-Core/WineIOS-Core/third_party/wine/include/msvcrt \
  -I/Users/runner/work/WineIOS-Core/WineIOS-Core/third_party/wine/libs/tomcrypt/src/headers -D_UCRT \
  -DLTC_NO_PROTOTYPES -DLTC_SOURCE -D_ACRTIMP= -DLTC_NO_TEST -DMP_32BIT= -D__WINE_PE_BUILD \
  -fuse-ld=lld --no-default-config -fno-strict-aliasing -Wno-microsoft-enum-forward-reference \
  -ffunction-sections -ffp-exception-behavior=maytrap -gdwarf-4 -g -O2
aarch64-w64-mingw32-clang -c -o libs/tomcrypt/aarch64-windows/src/modes/cbc/cbc_done.o /Users/runner/work/WineIOS-Core/WineIOS-Core/third_party/wine/libs/tomcrypt/src/modes/cbc/cbc_done.c \
  -Ilibs/tomcrypt -I/Users/runner/work/WineIOS-Core/WineIOS-Core/third_party/wine/libs/tomcrypt \
  -Iinclude -I/Users/runner/work/WineIOS-Core/WineIOS-Core/third_party/wine/include \
  -I/Users/runner/work/WineIOS-Core/WineIOS-Core/third_party/wine/include/msvcrt \
  -I/Users/runner/work/WineIOS-Core/WineIOS-Core/third_party/wine/libs/tomcrypt/src/headers -D_UCRT \
  -DLTC_NO_PROTOTYPES -DLTC_SOURCE -D_ACRTIMP= -DLTC_NO_TEST -DMP_32BIT= -D__WINE_PE_BUILD \
  -fuse-ld=lld --no-default-config -fno-strict-aliasing -Wno-microsoft-enum-forward-reference \
  -ffunction-sections -ffp-exception-behavior=maytrap -gdwarf-4 -g -O2
aarch64-w64-mingw32-clang -c -o libs/tomcrypt/aarch64-windows/src/modes/cbc/cbc_encrypt.o /Users/runner/work/WineIOS-Core/WineIOS-Core/third_party/wine/libs/tomcrypt/src/modes/cbc/cbc_encrypt.c \
  -Ilibs/tomcrypt -I/Users/runner/work/WineIOS-Core/WineIOS-Core/third_party/wine/libs/tomcrypt \
  -Iinclude -I/Users/runner/work/WineIOS-Core/WineIOS-Core/third_party/wine/include \
  -I/Users/runner/work/WineIOS-Core/WineIOS-Core/third_party/wine/include/msvcrt \
  -I/Users/runner/work/WineIOS-Core/WineIOS-Core/third_party/wine/libs/tomcrypt/src/headers -D_UCRT \
  -DLTC_NO_PROTOTYPES -DLTC_SOURCE -D_ACRTIMP= -DLTC_NO_TEST -DMP_32BIT= -D__WINE_PE_BUILD \
  -fuse-ld=lld --no-default-config -fno-strict-aliasing -Wno-microsoft-enum-forward-reference \
  -ffunction-sections -ffp-exception-behavior=maytrap -gdwarf-4 -g -O2
aarch64-w64-mingw32-clang -c -o libs/tomcrypt/aarch64-windows/src/modes/cbc/cbc_getiv.o /Users/runner/work/WineIOS-Core/WineIOS-Core/third_party/wine/libs/tomcrypt/src/modes/cbc/cbc_getiv.c \
  -Ilibs/tomcrypt -I/Users/runner/work/WineIOS-Core/WineIOS-Core/third_party/wine/libs/tomcrypt \
  -Iinclude -I/Users/runner/work/WineIOS-Core/WineIOS-Core/third_party/wine/include \
  -I/Users/runner/work/WineIOS-Core/WineIOS-Core/third_party/wine/include/msvcrt \
  -I/Users/runner/work/WineIOS-Core/WineIOS-Core/third_party/wine/libs/tomcrypt/src/headers -D_UCRT \
  -DLTC_NO_PROTOTYPES -DLTC_SOURCE -D_ACRTIMP= -DLTC_NO_TEST -DMP_32BIT= -D__WINE_PE_BUILD \
  -fuse-ld=lld --no-default-config -fno-strict-aliasing -Wno-microsoft-enum-forward-reference \
  -ffunction-sections -ffp-exception-behavior=maytrap -gdwarf-4 -g -O2
aarch64-w64-mingw32-clang -c -o libs/tomcrypt/aarch64-windows/src/modes/cbc/cbc_setiv.o /Users/runner/work/WineIOS-Core/WineIOS-Core/third_party/wine/libs/tomcrypt/src/modes/cbc/cbc_setiv.c \
  -Ilibs/tomcrypt -I/Users/runner/work/WineIOS-Core/WineIOS-Core/third_party/wine/libs/tomcrypt \
  -Iinclude -I/Users/runner/work/WineIOS-Core/WineIOS-Core/third_party/wine/include \
  -I/Users/runner/work/WineIOS-Core/WineIOS-Core/third_party/wine/include/msvcrt \
  -I/Users/runner/work/WineIOS-Core/WineIOS-Core/third_party/wine/libs/tomcrypt/src/headers -D_UCRT \
  -DLTC_NO_PROTOTYPES -DLTC_SOURCE -D_ACRTIMP= -DLTC_NO_TEST -DMP_32BIT= -D__WINE_PE_BUILD \
  -fuse-ld=lld --no-default-config -fno-strict-aliasing -Wno-microsoft-enum-forward-reference \
  -ffunction-sections -ffp-exception-behavior=maytrap -gdwarf-4 -g -O2
aarch64-w64-mingw32-clang -c -o libs/tomcrypt/aarch64-windows/src/modes/cbc/cbc_start.o /Users/runner/work/WineIOS-Core/WineIOS-Core/third_party/wine/libs/tomcrypt/src/modes/cbc/cbc_start.c \
  -Ilibs/tomcrypt -I/Users/runner/work/WineIOS-Core/WineIOS-Core/third_party/wine/libs/tomcrypt \
  -Iinclude -I/Users/runner/work/WineIOS-Core/WineIOS-Core/third_party/wine/include \
  -I/Users/runner/work/WineIOS-Core/WineIOS-Core/third_party/wine/include/msvcrt \
  -I/Users/runner/work/WineIOS-Core/WineIOS-Core/third_party/wine/libs/tomcrypt/src/headers -D_UCRT \
  -DLTC_NO_PROTOTYPES -DLTC_SOURCE -D_ACRTIMP= -DLTC_NO_TEST -DMP_32BIT= -D__WINE_PE_BUILD \
  -fuse-ld=lld --no-default-config -fno-strict-aliasing -Wno-microsoft-enum-forward-reference \
  -ffunction-sections -ffp-exception-behavior=maytrap -gdwarf-4 -g -O2
aarch64-w64-mingw32-clang -c -o libs/tomcrypt/aarch64-windows/src/modes/cfb/cfb_decrypt.o /Users/runner/work/WineIOS-Core/WineIOS-Core/third_party/wine/libs/tomcrypt/src/modes/cfb/cfb_decrypt.c \
  -Ilibs/tomcrypt -I/Users/runner/work/WineIOS-Core/WineIOS-Core/third_party/wine/libs/tomcrypt \
  -Iinclude -I/Users/runner/work/WineIOS-Core/WineIOS-Core/third_party/wine/include \
  -I/Users/runner/work/WineIOS-Core/WineIOS-Core/third_party/wine/include/msvcrt \
  -I/Users/runner/work/WineIOS-Core/WineIOS-Core/third_party/wine/libs/tomcrypt/src/headers -D_UCRT \
  -DLTC_NO_PROTOTYPES -DLTC_SOURCE -D_ACRTIMP= -DLTC_NO_TEST -DMP_32BIT= -D__WINE_PE_BUILD \
  -fuse-ld=lld --no-default-config -fno-strict-aliasing -Wno-microsoft-enum-forward-reference \
  -ffunction-sections -ffp-exception-behavior=maytrap -gdwarf-4 -g -O2
aarch64-w64-mingw32-clang -c -o libs/tomcrypt/aarch64-windows/src/modes/cfb/cfb_done.o /Users/runner/work/WineIOS-Core/WineIOS-Core/third_party/wine/libs/tomcrypt/src/modes/cfb/cfb_done.c \
  -Ilibs/tomcrypt -I/Users/runner/work/WineIOS-Core/WineIOS-Core/third_party/wine/libs/tomcrypt \
  -Iinclude -I/Users/runner/work/WineIOS-Core/WineIOS-Core/third_party/wine/include \
  -I/Users/runner/work/WineIOS-Core/WineIOS-Core/third_party/wine/include/msvcrt \
  -I/Users/runner/work/WineIOS-Core/WineIOS-Core/third_party/wine/libs/tomcrypt/src/headers -D_UCRT \
  -DLTC_NO_PROTOTYPES -DLTC_SOURCE -D_ACRTIMP= -DLTC_NO_TEST -DMP_32BIT= -D__WINE_PE_BUILD \
  -fuse-ld=lld --no-default-config -fno-strict-aliasing -Wno-microsoft-enum-forward-reference \
  -ffunction-sections -ffp-exception-behavior=maytrap -gdwarf-4 -g -O2
aarch64-w64-mingw32-clang -c -o libs/tomcrypt/aarch64-windows/src/modes/cfb/cfb_encrypt.o /Users/runner/work/WineIOS-Core/WineIOS-Core/third_party/wine/libs/tomcrypt/src/modes/cfb/cfb_encrypt.c \
  -Ilibs/tomcrypt -I/Users/runner/work/WineIOS-Core/WineIOS-Core/third_party/wine/libs/tomcrypt \
  -Iinclude -I/Users/runner/work/WineIOS-Core/WineIOS-Core/third_party/wine/include \
  -I/Users/runner/work/WineIOS-Core/WineIOS-Core/third_party/wine/include/msvcrt \
  -I/Users/runner/work/WineIOS-Core/WineIOS-Core/third_party/wine/libs/tomcrypt/src/headers -D_UCRT \
  -DLTC_NO_PROTOTYPES -DLTC_SOURCE -D_ACRTIMP= -DLTC_NO_TEST -DMP_32BIT= -D__WINE_PE_BUILD \
  -fuse-ld=lld --no-default-config -fno-strict-aliasing -Wno-microsoft-enum-forward-reference \
  -ffunction-sections -ffp-exception-behavior=maytrap -gdwarf-4 -g -O2
aarch64-w64-mingw32-clang -c -o libs/tomcrypt/aarch64-windows/src/modes/cfb/cfb_getiv.o /Users/runner/work/WineIOS-Core/WineIOS-Core/third_party/wine/libs/tomcrypt/src/modes/cfb/cfb_getiv.c \
  -Ilibs/tomcrypt -I/Users/runner/work/WineIOS-Core/WineIOS-Core/third_party/wine/libs/tomcrypt \
  -Iinclude -I/Users/runner/work/WineIOS-Core/WineIOS-Core/third_party/wine/include \
  -I/Users/runner/work/WineIOS-Core/WineIOS-Core/third_party/wine/include/msvcrt \
  -I/Users/runner/work/WineIOS-Core/WineIOS-Core/third_party/wine/libs/tomcrypt/src/headers -D_UCRT \
  -DLTC_NO_PROTOTYPES -DLTC_SOURCE -D_ACRTIMP= -DLTC_NO_TEST -DMP_32BIT= -D__WINE_PE_BUILD \
  -fuse-ld=lld --no-default-config -fno-strict-aliasing -Wno-microsoft-enum-forward-reference \
  -ffunction-sections -ffp-exception-behavior=maytrap -gdwarf-4 -g -O2
aarch64-w64-mingw32-clang -c -o libs/tomcrypt/aarch64-windows/src/modes/cfb/cfb_setiv.o /Users/runner/work/WineIOS-Core/WineIOS-Core/third_party/wine/libs/tomcrypt/src/modes/cfb/cfb_setiv.c \
  -Ilibs/tomcrypt -I/Users/runner/work/WineIOS-Core/WineIOS-Core/third_party/wine/libs/tomcrypt \
  -Iinclude -I/Users/runner/work/WineIOS-Core/WineIOS-Core/third_party/wine/include \
  -I/Users/runner/work/WineIOS-Core/WineIOS-Core/third_party/wine/include/msvcrt \
  -I/Users/runner/work/WineIOS-Core/WineIOS-Core/third_party/wine/libs/tomcrypt/src/headers -D_UCRT \
  -DLTC_NO_PROTOTYPES -DLTC_SOURCE -D_ACRTIMP= -DLTC_NO_TEST -DMP_32BIT= -D__WINE_PE_BUILD \
  -fuse-ld=lld --no-default-config -fno-strict-aliasing -Wno-microsoft-enum-forward-reference \
  -ffunction-sections -ffp-exception-behavior=maytrap -gdwarf-4 -g -O2
aarch64-w64-mingw32-clang -c -o libs/tomcrypt/aarch64-windows/src/modes/cfb/cfb_start.o /Users/runner/work/WineIOS-Core/WineIOS-Core/third_party/wine/libs/tomcrypt/src/modes/cfb/cfb_start.c \
  -Ilibs/tomcrypt -I/Users/runner/work/WineIOS-Core/WineIOS-Core/third_party/wine/libs/tomcrypt \
  -Iinclude -I/Users/runner/work/WineIOS-Core/WineIOS-Core/third_party/wine/include \
  -I/Users/runner/work/WineIOS-Core/WineIOS-Core/third_party/wine/include/msvcrt \
  -I/Users/runner/work/WineIOS-Core/WineIOS-Core/third_party/wine/libs/tomcrypt/src/headers -D_UCRT \
  -DLTC_NO_PROTOTYPES -DLTC_SOURCE -D_ACRTIMP= -DLTC_NO_TEST -DMP_32BIT= -D__WINE_PE_BUILD \
  -fuse-ld=lld --no-default-config -fno-strict-aliasing -Wno-microsoft-enum-forward-reference \
  -ffunction-sections -ffp-exception-behavior=maytrap -gdwarf-4 -g -O2
aarch64-w64-mingw32-clang -c -o libs/tomcrypt/aarch64-windows/src/modes/ctr/ctr_decrypt.o /Users/runner/work/WineIOS-Core/WineIOS-Core/third_party/wine/libs/tomcrypt/src/modes/ctr/ctr_decrypt.c \
  -Ilibs/tomcrypt -I/Users/runner/work/WineIOS-Core/WineIOS-Core/third_party/wine/libs/tomcrypt \
  -Iinclude -I/Users/runner/work/WineIOS-Core/WineIOS-Core/third_party/wine/include \
  -I/Users/runner/work/WineIOS-Core/WineIOS-Core/third_party/wine/include/msvcrt \
  -I/Users/runner/work/WineIOS-Core/WineIOS-Core/third_party/wine/libs/tomcrypt/src/headers -D_UCRT \
  -DLTC_NO_PROTOTYPES -DLTC_SOURCE -D_ACRTIMP= -DLTC_NO_TEST -DMP_32BIT= -D__WINE_PE_BUILD \
  -fuse-ld=lld --no-default-config -fno-strict-aliasing -Wno-microsoft-enum-forward-reference \
  -ffunction-sections -ffp-exception-behavior=maytrap -gdwarf-4 -g -O2
aarch64-w64-mingw32-clang -c -o libs/tomcrypt/aarch64-windows/src/modes/ctr/ctr_done.o /Users/runner/work/WineIOS-Core/WineIOS-Core/third_party/wine/libs/tomcrypt/src/modes/ctr/ctr_done.c \
  -Ilibs/tomcrypt -I/Users/runner/work/WineIOS-Core/WineIOS-Core/third_party/wine/libs/tomcrypt \
  -Iinclude -I/Users/runner/work/WineIOS-Core/WineIOS-Core/third_party/wine/include \
  -I/Users/runner/work/WineIOS-Core/WineIOS-Core/third_party/wine/include/msvcrt \
  -I/Users/runner/work/WineIOS-Core/WineIOS-Core/third_party/wine/libs/tomcrypt/src/headers -D_UCRT \
  -DLTC_NO_PROTOTYPES -DLTC_SOURCE -D_ACRTIMP= -DLTC_NO_TEST -DMP_32BIT= -D__WINE_PE_BUILD \
  -fuse-ld=lld --no-default-config -fno-strict-aliasing -Wno-microsoft-enum-forward-reference \
  -ffunction-sections -ffp-exception-behavior=maytrap -gdwarf-4 -g -O2
aarch64-w64-mingw32-clang -c -o libs/tomcrypt/aarch64-windows/src/modes/ctr/ctr_encrypt.o /Users/runner/work/WineIOS-Core/WineIOS-Core/third_party/wine/libs/tomcrypt/src/modes/ctr/ctr_encrypt.c \
  -Ilibs/tomcrypt -I/Users/runner/work/WineIOS-Core/WineIOS-Core/third_party/wine/libs/tomcrypt \
  -Iinclude -I/Users/runner/work/WineIOS-Core/WineIOS-Core/third_party/wine/include \
  -I/Users/runner/work/WineIOS-Core/WineIOS-Core/third_party/wine/include/msvcrt \
  -I/Users/runner/work/WineIOS-Core/WineIOS-Core/third_party/wine/libs/tomcrypt/src/headers -D_UCRT \
  -DLTC_NO_PROTOTYPES -DLTC_SOURCE -D_ACRTIMP= -DLTC_NO_TEST -DMP_32BIT= -D__WINE_PE_BUILD \
  -fuse-ld=lld --no-default-config -fno-strict-aliasing -Wno-microsoft-enum-forward-reference \
  -ffunction-sections -ffp-exception-behavior=maytrap -gdwarf-4 -g -O2
aarch64-w64-mingw32-clang -c -o libs/tomcrypt/aarch64-windows/src/modes/ctr/ctr_getiv.o /Users/runner/work/WineIOS-Core/WineIOS-Core/third_party/wine/libs/tomcrypt/src/modes/ctr/ctr_getiv.c \
  -Ilibs/tomcrypt -I/Users/runner/work/WineIOS-Core/WineIOS-Core/third_party/wine/libs/tomcrypt \
  -Iinclude -I/Users/runner/work/WineIOS-Core/WineIOS-Core/third_party/wine/include \
  -I/Users/runner/work/WineIOS-Core/WineIOS-Core/third_party/wine/include/msvcrt \
  -I/Users/runner/work/WineIOS-Core/WineIOS-Core/third_party/wine/libs/tomcrypt/src/headers -D_UCRT \
  -DLTC_NO_PROTOTYPES -DLTC_SOURCE -D_ACRTIMP= -DLTC_NO_TEST -DMP_32BIT= -D__WINE_PE_BUILD \
  -fuse-ld=lld --no-default-config -fno-strict-aliasing -Wno-microsoft-enum-forward-reference \
  -ffunction-sections -ffp-exception-behavior=maytrap -gdwarf-4 -g -O2
aarch64-w64-mingw32-clang -c -o libs/tomcrypt/aarch64-windows/src/modes/ctr/ctr_setiv.o /Users/runner/work/WineIOS-Core/WineIOS-Core/third_party/wine/libs/tomcrypt/src/modes/ctr/ctr_setiv.c \
  -Ilibs/tomcrypt -I/Users/runner/work/WineIOS-Core/WineIOS-Core/third_party/wine/libs/tomcrypt \
  -Iinclude -I/Users/runner/work/WineIOS-Core/WineIOS-Core/third_party/wine/include \
  -I/Users/runner/work/WineIOS-Core/WineIOS-Core/third_party/wine/include/msvcrt \
  -I/Users/runner/work/WineIOS-Core/WineIOS-Core/third_party/wine/libs/tomcrypt/src/headers -D_UCRT \
  -DLTC_NO_PROTOTYPES -DLTC_SOURCE -D_ACRTIMP= -DLTC_NO_TEST -DMP_32BIT= -D__WINE_PE_BUILD \
  -fuse-ld=lld --no-default-config -fno-strict-aliasing -Wno-microsoft-enum-forward-reference \
  -ffunction-sections -ffp-exception-behavior=maytrap -gdwarf-4 -g -O2
aarch64-w64-mingw32-clang -c -o libs/tomcrypt/aarch64-windows/src/modes/ctr/ctr_start.o /Users/runner/work/WineIOS-Core/WineIOS-Core/third_party/wine/libs/tomcrypt/src/modes/ctr/ctr_start.c \
  -Ilibs/tomcrypt -I/Users/runner/work/WineIOS-Core/WineIOS-Core/third_party/wine/libs/tomcrypt \
  -Iinclude -I/Users/runner/work/WineIOS-Core/WineIOS-Core/third_party/wine/include \
  -I/Users/runner/work/WineIOS-Core/WineIOS-Core/third_party/wine/include/msvcrt \
  -I/Users/runner/work/WineIOS-Core/WineIOS-Core/third_party/wine/libs/tomcrypt/src/headers -D_UCRT \
  -DLTC_NO_PROTOTYPES -DLTC_SOURCE -D_ACRTIMP= -DLTC_NO_TEST -DMP_32BIT= -D__WINE_PE_BUILD \
  -fuse-ld=lld --no-default-config -fno-strict-aliasing -Wno-microsoft-enum-forward-reference \
  -ffunction-sections -ffp-exception-behavior=maytrap -gdwarf-4 -g -O2
aarch64-w64-mingw32-clang -c -o libs/tomcrypt/aarch64-windows/src/modes/ecb/ecb_decrypt.o /Users/runner/work/WineIOS-Core/WineIOS-Core/third_party/wine/libs/tomcrypt/src/modes/ecb/ecb_decrypt.c \
  -Ilibs/tomcrypt -I/Users/runner/work/WineIOS-Core/WineIOS-Core/third_party/wine/libs/tomcrypt \
  -Iinclude -I/Users/runner/work/WineIOS-Core/WineIOS-Core/third_party/wine/include \
  -I/Users/runner/work/WineIOS-Core/WineIOS-Core/third_party/wine/include/msvcrt \
  -I/Users/runner/work/WineIOS-Core/WineIOS-Core/third_party/wine/libs/tomcrypt/src/headers -D_UCRT \
  -DLTC_NO_PROTOTYPES -DLTC_SOURCE -D_ACRTIMP= -DLTC_NO_TEST -DMP_32BIT= -D__WINE_PE_BUILD \
  -fuse-ld=lld --no-default-config -fno-strict-aliasing -Wno-microsoft-enum-forward-reference \
  -ffunction-sections -ffp-exception-behavior=maytrap -gdwarf-4 -g -O2
aarch64-w64-mingw32-clang -c -o libs/tomcrypt/aarch64-windows/src/modes/ecb/ecb_done.o /Users/runner/work/WineIOS-Core/WineIOS-Core/third_party/wine/libs/tomcrypt/src/modes/ecb/ecb_done.c \
  -Ilibs/tomcrypt -I/Users/runner/work/WineIOS-Core/WineIOS-Core/third_party/wine/libs/tomcrypt \
  -Iinclude -I/Users/runner/work/WineIOS-Core/WineIOS-Core/third_party/wine/include \
  -I/Users/runner/work/WineIOS-Core/WineIOS-Core/third_party/wine/include/msvcrt \
  -I/Users/runner/work/WineIOS-Core/WineIOS-Core/third_party/wine/libs/tomcrypt/src/headers -D_UCRT \
  -DLTC_NO_PROTOTYPES -DLTC_SOURCE -D_ACRTIMP= -DLTC_NO_TEST -DMP_32BIT= -D__WINE_PE_BUILD \
  -fuse-ld=lld --no-default-config -fno-strict-aliasing -Wno-microsoft-enum-forward-reference \
  -ffunction-sections -ffp-exception-behavior=maytrap -gdwarf-4 -g -O2
aarch64-w64-mingw32-clang -c -o libs/tomcrypt/aarch64-windows/src/modes/ecb/ecb_encrypt.o /Users/runner/work/WineIOS-Core/WineIOS-Core/third_party/wine/libs/tomcrypt/src/modes/ecb/ecb_encrypt.c \
  -Ilibs/tomcrypt -I/Users/runner/work/WineIOS-Core/WineIOS-Core/third_party/wine/libs/tomcrypt \
  -Iinclude -I/Users/runner/work/WineIOS-Core/WineIOS-Core/third_party/wine/include \
  -I/Users/runner/work/WineIOS-Core/WineIOS-Core/third_party/wine/include/msvcrt \
  -I/Users/runner/work/WineIOS-Core/WineIOS-Core/third_party/wine/libs/tomcrypt/src/headers -D_UCRT \
  -DLTC_NO_PROTOTYPES -DLTC_SOURCE -D_ACRTIMP= -DLTC_NO_TEST -DMP_32BIT= -D__WINE_PE_BUILD \
  -fuse-ld=lld --no-default-config -fno-strict-aliasing -Wno-microsoft-enum-forward-reference \
  -ffunction-sections -ffp-exception-behavior=maytrap -gdwarf-4 -g -O2
aarch64-w64-mingw32-clang -c -o libs/tomcrypt/aarch64-windows/src/modes/ecb/ecb_start.o /Users/runner/work/WineIOS-Core/WineIOS-Core/third_party/wine/libs/tomcrypt/src/modes/ecb/ecb_start.c \
  -Ilibs/tomcrypt -I/Users/runner/work/WineIOS-Core/WineIOS-Core/third_party/wine/libs/tomcrypt \
  -Iinclude -I/Users/runner/work/WineIOS-Core/WineIOS-Core/third_party/wine/include \
  -I/Users/runner/work/WineIOS-Core/WineIOS-Core/third_party/wine/include/msvcrt \
  -I/Users/runner/work/WineIOS-Core/WineIOS-Core/third_party/wine/libs/tomcrypt/src/headers -D_UCRT \
  -DLTC_NO_PROTOTYPES -DLTC_SOURCE -D_ACRTIMP= -DLTC_NO_TEST -DMP_32BIT= -D__WINE_PE_BUILD \
  -fuse-ld=lld --no-default-config -fno-strict-aliasing -Wno-microsoft-enum-forward-reference \
  -ffunction-sections -ffp-exception-behavior=maytrap -gdwarf-4 -g -O2
aarch64-w64-mingw32-clang -c -o libs/tomcrypt/aarch64-windows/src/modes/f8/f8_decrypt.o /Users/runner/work/WineIOS-Core/WineIOS-Core/third_party/wine/libs/tomcrypt/src/modes/f8/f8_decrypt.c \
  -Ilibs/tomcrypt -I/Users/runner/work/WineIOS-Core/WineIOS-Core/third_party/wine/libs/tomcrypt \
  -Iinclude -I/Users/runner/work/WineIOS-Core/WineIOS-Core/third_party/wine/include \
  -I/Users/runner/work/WineIOS-Core/WineIOS-Core/third_party/wine/include/msvcrt \
  -I/Users/runner/work/WineIOS-Core/WineIOS-Core/third_party/wine/libs/tomcrypt/src/headers -D_UCRT \
  -DLTC_NO_PROTOTYPES -DLTC_SOURCE -D_ACRTIMP= -DLTC_NO_TEST -DMP_32BIT= -D__WINE_PE_BUILD \
  -fuse-ld=lld --no-default-config -fno-strict-aliasing -Wno-microsoft-enum-forward-reference \
  -ffunction-sections -ffp-exception-behavior=maytrap -gdwarf-4 -g -O2
aarch64-w64-mingw32-clang -c -o libs/tomcrypt/aarch64-windows/src/modes/f8/f8_done.o /Users/runner/work/WineIOS-Core/WineIOS-Core/third_party/wine/libs/tomcrypt/src/modes/f8/f8_done.c \
  -Ilibs/tomcrypt -I/Users/runner/work/WineIOS-Core/WineIOS-Core/third_party/wine/libs/tomcrypt \
  -Iinclude -I/Users/runner/work/WineIOS-Core/WineIOS-Core/third_party/wine/include \
  -I/Users/runner/work/WineIOS-Core/WineIOS-Core/third_party/wine/include/msvcrt \
  -I/Users/runner/work/WineIOS-Core/WineIOS-Core/third_party/wine/libs/tomcrypt/src/headers -D_UCRT \
  -DLTC_NO_PROTOTYPES -DLTC_SOURCE -D_ACRTIMP= -DLTC_NO_TEST -DMP_32BIT= -D__WINE_PE_BUILD \
  -fuse-ld=lld --no-default-config -fno-strict-aliasing -Wno-microsoft-enum-forward-reference \
  -ffunction-sections -ffp-exception-behavior=maytrap -gdwarf-4 -g -O2
aarch64-w64-mingw32-clang -c -o libs/tomcrypt/aarch64-windows/src/modes/f8/f8_encrypt.o /Users/runner/work/WineIOS-Core/WineIOS-Core/third_party/wine/libs/tomcrypt/src/modes/f8/f8_encrypt.c \
  -Ilibs/tomcrypt -I/Users/runner/work/WineIOS-Core/WineIOS-Core/third_party/wine/libs/tomcrypt \
  -Iinclude -I/Users/runner/work/WineIOS-Core/WineIOS-Core/third_party/wine/include \
  -I/Users/runner/work/WineIOS-Core/WineIOS-Core/third_party/wine/include/msvcrt \
  -I/Users/runner/work/WineIOS-Core/WineIOS-Core/third_party/wine/libs/tomcrypt/src/headers -D_UCRT \
  -DLTC_NO_PROTOTYPES -DLTC_SOURCE -D_ACRTIMP= -DLTC_NO_TEST -DMP_32BIT= -D__WINE_PE_BUILD \
  -fuse-ld=lld --no-default-config -fno-strict-aliasing -Wno-microsoft-enum-forward-reference \
  -ffunction-sections -ffp-exception-behavior=maytrap -gdwarf-4 -g -O2
aarch64-w64-mingw32-clang -c -o libs/tomcrypt/aarch64-windows/src/modes/f8/f8_getiv.o /Users/runner/work/WineIOS-Core/WineIOS-Core/third_party/wine/libs/tomcrypt/src/modes/f8/f8_getiv.c \
  -Ilibs/tomcrypt -I/Users/runner/work/WineIOS-Core/WineIOS-Core/third_party/wine/libs/tomcrypt \
  -Iinclude -I/Users/runner/work/WineIOS-Core/WineIOS-Core/third_party/wine/include \
  -I/Users/runner/work/WineIOS-Core/WineIOS-Core/third_party/wine/include/msvcrt \
  -I/Users/runner/work/WineIOS-Core/WineIOS-Core/third_party/wine/libs/tomcrypt/src/headers -D_UCRT \
  -DLTC_NO_PROTOTYPES -DLTC_SOURCE -D_ACRTIMP= -DLTC_NO_TEST -DMP_32BIT= -D__WINE_PE_BUILD \
  -fuse-ld=lld --no-default-config -fno-strict-aliasing -Wno-microsoft-enum-forward-reference \
  -ffunction-sections -ffp-exception-behavior=maytrap -gdwarf-4 -g -O2
aarch64-w64-mingw32-clang -c -o libs/tomcrypt/aarch64-windows/src/modes/f8/f8_setiv.o /Users/runner/work/WineIOS-Core/WineIOS-Core/third_party/wine/libs/tomcrypt/src/modes/f8/f8_setiv.c \
  -Ilibs/tomcrypt -I/Users/runner/work/WineIOS-Core/WineIOS-Core/third_party/wine/libs/tomcrypt \
  -Iinclude -I/Users/runner/work/WineIOS-Core/WineIOS-Core/third_party/wine/include \
  -I/Users/runner/work/WineIOS-Core/WineIOS-Core/third_party/wine/include/msvcrt \
  -I/Users/runner/work/WineIOS-Core/WineIOS-Core/third_party/wine/libs/tomcrypt/src/headers -D_UCRT \
  -DLTC_NO_PROTOTYPES -DLTC_SOURCE -D_ACRTIMP= -DLTC_NO_TEST -DMP_32BIT= -D__WINE_PE_BUILD \
  -fuse-ld=lld --no-default-config -fno-strict-aliasing -Wno-microsoft-enum-forward-reference \
  -ffunction-sections -ffp-exception-behavior=maytrap -gdwarf-4 -g -O2
aarch64-w64-mingw32-clang -c -o libs/tomcrypt/aarch64-windows/src/modes/f8/f8_start.o /Users/runner/work/WineIOS-Core/WineIOS-Core/third_party/wine/libs/tomcrypt/src/modes/f8/f8_start.c \
  -Ilibs/tomcrypt -I/Users/runner/work/WineIOS-Core/WineIOS-Core/third_party/wine/libs/tomcrypt \
  -Iinclude -I/Users/runner/work/WineIOS-Core/WineIOS-Core/third_party/wine/include \
  -I/Users/runner/work/WineIOS-Core/WineIOS-Core/third_party/wine/include/msvcrt \
  -I/Users/runner/work/WineIOS-Core/WineIOS-Core/third_party/wine/libs/tomcrypt/src/headers -D_UCRT \
  -DLTC_NO_PROTOTYPES -DLTC_SOURCE -D_ACRTIMP= -DLTC_NO_TEST -DMP_32BIT= -D__WINE_PE_BUILD \
  -fuse-ld=lld --no-default-config -fno-strict-aliasing -Wno-microsoft-enum-forward-reference \
  -ffunction-sections -ffp-exception-behavior=maytrap -gdwarf-4 -g -O2
aarch64-w64-mingw32-clang -c -o libs/tomcrypt/aarch64-windows/src/modes/f8/f8_test_mode.o /Users/runner/work/WineIOS-Core/WineIOS-Core/third_party/wine/libs/tomcrypt/src/modes/f8/f8_test_mode.c \
  -Ilibs/tomcrypt -I/Users/runner/work/WineIOS-Core/WineIOS-Core/third_party/wine/libs/tomcrypt \
  -Iinclude -I/Users/runner/work/WineIOS-Core/WineIOS-Core/third_party/wine/include \
  -I/Users/runner/work/WineIOS-Core/WineIOS-Core/third_party/wine/include/msvcrt \
  -I/Users/runner/work/WineIOS-Core/WineIOS-Core/third_party/wine/libs/tomcrypt/src/headers -D_UCRT \
  -DLTC_NO_PROTOTYPES -DLTC_SOURCE -D_ACRTIMP= -DLTC_NO_TEST -DMP_32BIT= -D__WINE_PE_BUILD \
  -fuse-ld=lld --no-default-config -fno-strict-aliasing -Wno-microsoft-enum-forward-reference \
  -ffunction-sections -ffp-exception-behavior=maytrap -gdwarf-4 -g -O2
aarch64-w64-mingw32-clang -c -o libs/tomcrypt/aarch64-windows/src/modes/lrw/lrw_decrypt.o /Users/runner/work/WineIOS-Core/WineIOS-Core/third_party/wine/libs/tomcrypt/src/modes/lrw/lrw_decrypt.c \
  -Ilibs/tomcrypt -I/Users/runner/work/WineIOS-Core/WineIOS-Core/third_party/wine/libs/tomcrypt \
  -Iinclude -I/Users/runner/work/WineIOS-Core/WineIOS-Core/third_party/wine/include \
  -I/Users/runner/work/WineIOS-Core/WineIOS-Core/third_party/wine/include/msvcrt \
  -I/Users/runner/work/WineIOS-Core/WineIOS-Core/third_party/wine/libs/tomcrypt/src/headers -D_UCRT \
  -DLTC_NO_PROTOTYPES -DLTC_SOURCE -D_ACRTIMP= -DLTC_NO_TEST -DMP_32BIT= -D__WINE_PE_BUILD \
  -fuse-ld=lld --no-default-config -fno-strict-aliasing -Wno-microsoft-enum-forward-reference \
  -ffunction-sections -ffp-exception-behavior=maytrap -gdwarf-4 -g -O2
aarch64-w64-mingw32-clang -c -o libs/tomcrypt/aarch64-windows/src/modes/lrw/lrw_done.o /Users/runner/work/WineIOS-Core/WineIOS-Core/third_party/wine/libs/tomcrypt/src/modes/lrw/lrw_done.c \
  -Ilibs/tomcrypt -I/Users/runner/work/WineIOS-Core/WineIOS-Core/third_party/wine/libs/tomcrypt \
  -Iinclude -I/Users/runner/work/WineIOS-Core/WineIOS-Core/third_party/wine/include \
  -I/Users/runner/work/WineIOS-Core/WineIOS-Core/third_party/wine/include/msvcrt \
  -I/Users/runner/work/WineIOS-Core/WineIOS-Core/third_party/wine/libs/tomcrypt/src/headers -D_UCRT \
  -DLTC_NO_PROTOTYPES -DLTC_SOURCE -D_ACRTIMP= -DLTC_NO_TEST -DMP_32BIT= -D__WINE_PE_BUILD \
  -fuse-ld=lld --no-default-config -fno-strict-aliasing -Wno-microsoft-enum-forward-reference \
  -ffunction-sections -ffp-exception-behavior=maytrap -gdwarf-4 -g -O2
aarch64-w64-mingw32-clang -c -o libs/tomcrypt/aarch64-windows/src/modes/lrw/lrw_encrypt.o /Users/runner/work/WineIOS-Core/WineIOS-Core/third_party/wine/libs/tomcrypt/src/modes/lrw/lrw_encrypt.c \
  -Ilibs/tomcrypt -I/Users/runner/work/WineIOS-Core/WineIOS-Core/third_party/wine/libs/tomcrypt \
  -Iinclude -I/Users/runner/work/WineIOS-Core/WineIOS-Core/third_party/wine/include \
  -I/Users/runner/work/WineIOS-Core/WineIOS-Core/third_party/wine/include/msvcrt \
  -I/Users/runner/work/WineIOS-Core/WineIOS-Core/third_party/wine/libs/tomcrypt/src/headers -D_UCRT \
  -DLTC_NO_PROTOTYPES -DLTC_SOURCE -D_ACRTIMP= -DLTC_NO_TEST -DMP_32BIT= -D__WINE_PE_BUILD \
  -fuse-ld=lld --no-default-config -fno-strict-aliasing -Wno-microsoft-enum-forward-reference \
  -ffunction-sections -ffp-exception-behavior=maytrap -gdwarf-4 -g -O2
aarch64-w64-mingw32-clang -c -o libs/tomcrypt/aarch64-windows/src/modes/lrw/lrw_getiv.o /Users/runner/work/WineIOS-Core/WineIOS-Core/third_party/wine/libs/tomcrypt/src/modes/lrw/lrw_getiv.c \
  -Ilibs/tomcrypt -I/Users/runner/work/WineIOS-Core/WineIOS-Core/third_party/wine/libs/tomcrypt \
  -Iinclude -I/Users/runner/work/WineIOS-Core/WineIOS-Core/third_party/wine/include \
  -I/Users/runner/work/WineIOS-Core/WineIOS-Core/third_party/wine/include/msvcrt \
  -I/Users/runner/work/WineIOS-Core/WineIOS-Core/third_party/wine/libs/tomcrypt/src/headers -D_UCRT \
  -DLTC_NO_PROTOTYPES -DLTC_SOURCE -D_ACRTIMP= -DLTC_NO_TEST -DMP_32BIT= -D__WINE_PE_BUILD \
  -fuse-ld=lld --no-default-config -fno-strict-aliasing -Wno-microsoft-enum-forward-reference \
  -ffunction-sections -ffp-exception-behavior=maytrap -gdwarf-4 -g -O2
aarch64-w64-mingw32-clang -c -o libs/tomcrypt/aarch64-windows/src/modes/lrw/lrw_process.o /Users/runner/work/WineIOS-Core/WineIOS-Core/third_party/wine/libs/tomcrypt/src/modes/lrw/lrw_process.c \
  -Ilibs/tomcrypt -I/Users/runner/work/WineIOS-Core/WineIOS-Core/third_party/wine/libs/tomcrypt \
  -Iinclude -I/Users/runner/work/WineIOS-Core/WineIOS-Core/third_party/wine/include \
  -I/Users/runner/work/WineIOS-Core/WineIOS-Core/third_party/wine/include/msvcrt \
  -I/Users/runner/work/WineIOS-Core/WineIOS-Core/third_party/wine/libs/tomcrypt/src/headers -D_UCRT \
  -DLTC_NO_PROTOTYPES -DLTC_SOURCE -D_ACRTIMP= -DLTC_NO_TEST -DMP_32BIT= -D__WINE_PE_BUILD \
  -fuse-ld=lld --no-default-config -fno-strict-aliasing -Wno-microsoft-enum-forward-reference \
  -ffunction-sections -ffp-exception-behavior=maytrap -gdwarf-4 -g -O2
aarch64-w64-mingw32-clang -c -o libs/tomcrypt/aarch64-windows/src/modes/lrw/lrw_setiv.o /Users/runner/work/WineIOS-Core/WineIOS-Core/third_party/wine/libs/tomcrypt/src/modes/lrw/lrw_setiv.c \
  -Ilibs/tomcrypt -I/Users/runner/work/WineIOS-Core/WineIOS-Core/third_party/wine/libs/tomcrypt \
  -Iinclude -I/Users/runner/work/WineIOS-Core/WineIOS-Core/third_party/wine/include \
  -I/Users/runner/work/WineIOS-Core/WineIOS-Core/third_party/wine/include/msvcrt \
  -I/Users/runner/work/WineIOS-Core/WineIOS-Core/third_party/wine/libs/tomcrypt/src/headers -D_UCRT \
  -DLTC_NO_PROTOTYPES -DLTC_SOURCE -D_ACRTIMP= -DLTC_NO_TEST -DMP_32BIT= -D__WINE_PE_BUILD \
  -fuse-ld=lld --no-default-config -fno-strict-aliasing -Wno-microsoft-enum-forward-reference \
  -ffunction-sections -ffp-exception-behavior=maytrap -gdwarf-4 -g -O2
aarch64-w64-mingw32-clang -c -o libs/tomcrypt/aarch64-windows/src/modes/lrw/lrw_start.o /Users/runner/work/WineIOS-Core/WineIOS-Core/third_party/wine/libs/tomcrypt/src/modes/lrw/lrw_start.c \
  -Ilibs/tomcrypt -I/Users/runner/work/WineIOS-Core/WineIOS-Core/third_party/wine/libs/tomcrypt \
  -Iinclude -I/Users/runner/work/WineIOS-Core/WineIOS-Core/third_party/wine/include \
  -I/Users/runner/work/WineIOS-Core/WineIOS-Core/third_party/wine/include/msvcrt \
  -I/Users/runner/work/WineIOS-Core/WineIOS-Core/third_party/wine/libs/tomcrypt/src/headers -D_UCRT \
  -DLTC_NO_PROTOTYPES -DLTC_SOURCE -D_ACRTIMP= -DLTC_NO_TEST -DMP_32BIT= -D__WINE_PE_BUILD \
  -fuse-ld=lld --no-default-config -fno-strict-aliasing -Wno-microsoft-enum-forward-reference \
  -ffunction-sections -ffp-exception-behavior=maytrap -gdwarf-4 -g -O2
aarch64-w64-mingw32-clang -c -o libs/tomcrypt/aarch64-windows/src/modes/ofb/ofb_decrypt.o /Users/runner/work/WineIOS-Core/WineIOS-Core/third_party/wine/libs/tomcrypt/src/modes/ofb/ofb_decrypt.c \
  -Ilibs/tomcrypt -I/Users/runner/work/WineIOS-Core/WineIOS-Core/third_party/wine/libs/tomcrypt \
  -Iinclude -I/Users/runner/work/WineIOS-Core/WineIOS-Core/third_party/wine/include \
  -I/Users/runner/work/WineIOS-Core/WineIOS-Core/third_party/wine/include/msvcrt \
  -I/Users/runner/work/WineIOS-Core/WineIOS-Core/third_party/wine/libs/tomcrypt/src/headers -D_UCRT \
  -DLTC_NO_PROTOTYPES -DLTC_SOURCE -D_ACRTIMP= -DLTC_NO_TEST -DMP_32BIT= -D__WINE_PE_BUILD \
  -fuse-ld=lld --no-default-config -fno-strict-aliasing -Wno-microsoft-enum-forward-reference \
  -ffunction-sections -ffp-exception-behavior=maytrap -gdwarf-4 -g -O2
aarch64-w64-mingw32-clang -c -o libs/tomcrypt/aarch64-windows/src/modes/ofb/ofb_done.o /Users/runner/work/WineIOS-Core/WineIOS-Core/third_party/wine/libs/tomcrypt/src/modes/ofb/ofb_done.c \
  -Ilibs/tomcrypt -I/Users/runner/work/WineIOS-Core/WineIOS-Core/third_party/wine/libs/tomcrypt \
  -Iinclude -I/Users/runner/work/WineIOS-Core/WineIOS-Core/third_party/wine/include \
  -I/Users/runner/work/WineIOS-Core/WineIOS-Core/third_party/wine/include/msvcrt \
  -I/Users/runner/work/WineIOS-Core/WineIOS-Core/third_party/wine/libs/tomcrypt/src/headers -D_UCRT \
  -DLTC_NO_PROTOTYPES -DLTC_SOURCE -D_ACRTIMP= -DLTC_NO_TEST -DMP_32BIT= -D__WINE_PE_BUILD \
  -fuse-ld=lld --no-default-config -fno-strict-aliasing -Wno-microsoft-enum-forward-reference \
  -ffunction-sections -ffp-exception-behavior=maytrap -gdwarf-4 -g -O2
aarch64-w64-mingw32-clang -c -o libs/tomcrypt/aarch64-windows/src/modes/ofb/ofb_encrypt.o /Users/runner/work/WineIOS-Core/WineIOS-Core/third_party/wine/libs/tomcrypt/src/modes/ofb/ofb_encrypt.c \
  -Ilibs/tomcrypt -I/Users/runner/work/WineIOS-Core/WineIOS-Core/third_party/wine/libs/tomcrypt \
  -Iinclude -I/Users/runner/work/WineIOS-Core/WineIOS-Core/third_party/wine/include \
  -I/Users/runner/work/WineIOS-Core/WineIOS-Core/third_party/wine/include/msvcrt \
  -I/Users/runner/work/WineIOS-Core/WineIOS-Core/third_party/wine/libs/tomcrypt/src/headers -D_UCRT \
  -DLTC_NO_PROTOTYPES -DLTC_SOURCE -D_ACRTIMP= -DLTC_NO_TEST -DMP_32BIT= -D__WINE_PE_BUILD \
  -fuse-ld=lld --no-default-config -fno-strict-aliasing -Wno-microsoft-enum-forward-reference \
  -ffunction-sections -ffp-exception-behavior=maytrap -gdwarf-4 -g -O2
aarch64-w64-mingw32-clang -c -o libs/tomcrypt/aarch64-windows/src/modes/ofb/ofb_getiv.o /Users/runner/work/WineIOS-Core/WineIOS-Core/third_party/wine/libs/tomcrypt/src/modes/ofb/ofb_getiv.c \
  -Ilibs/tomcrypt -I/Users/runner/work/WineIOS-Core/WineIOS-Core/third_party/wine/libs/tomcrypt \
  -Iinclude -I/Users/runner/work/WineIOS-Core/WineIOS-Core/third_party/wine/include \
  -I/Users/runner/work/WineIOS-Core/WineIOS-Core/third_party/wine/include/msvcrt \
  -I/Users/runner/work/WineIOS-Core/WineIOS-Core/third_party/wine/libs/tomcrypt/src/headers -D_UCRT \
  -DLTC_NO_PROTOTYPES -DLTC_SOURCE -D_ACRTIMP= -DLTC_NO_TEST -DMP_32BIT= -D__WINE_PE_BUILD \
  -fuse-ld=lld --no-default-config -fno-strict-aliasing -Wno-microsoft-enum-forward-reference \
  -ffunction-sections -ffp-exception-behavior=maytrap -gdwarf-4 -g -O2
aarch64-w64-mingw32-clang -c -o libs/tomcrypt/aarch64-windows/src/modes/ofb/ofb_setiv.o /Users/runner/work/WineIOS-Core/WineIOS-Core/third_party/wine/libs/tomcrypt/src/modes/ofb/ofb_setiv.c \
  -Ilibs/tomcrypt -I/Users/runner/work/WineIOS-Core/WineIOS-Core/third_party/wine/libs/tomcrypt \
  -Iinclude -I/Users/runner/work/WineIOS-Core/WineIOS-Core/third_party/wine/include \
  -I/Users/runner/work/WineIOS-Core/WineIOS-Core/third_party/wine/include/msvcrt \
  -I/Users/runner/work/WineIOS-Core/WineIOS-Core/third_party/wine/libs/tomcrypt/src/headers -D_UCRT \
  -DLTC_NO_PROTOTYPES -DLTC_SOURCE -D_ACRTIMP= -DLTC_NO_TEST -DMP_32BIT= -D__WINE_PE_BUILD \
  -fuse-ld=lld --no-default-config -fno-strict-aliasing -Wno-microsoft-enum-forward-reference \
  -ffunction-sections -ffp-exception-behavior=maytrap -gdwarf-4 -g -O2
aarch64-w64-mingw32-clang -c -o libs/tomcrypt/aarch64-windows/src/modes/ofb/ofb_start.o /Users/runner/work/WineIOS-Core/WineIOS-Core/third_party/wine/libs/tomcrypt/src/modes/ofb/ofb_start.c \
  -Ilibs/tomcrypt -I/Users/runner/work/WineIOS-Core/WineIOS-Core/third_party/wine/libs/tomcrypt \
  -Iinclude -I/Users/runner/work/WineIOS-Core/WineIOS-Core/third_party/wine/include \
  -I/Users/runner/work/WineIOS-Core/WineIOS-Core/third_party/wine/include/msvcrt \
  -I/Users/runner/work/WineIOS-Core/WineIOS-Core/third_party/wine/libs/tomcrypt/src/headers -D_UCRT \
  -DLTC_NO_PROTOTYPES -DLTC_SOURCE -D_ACRTIMP= -DLTC_NO_TEST -DMP_32BIT= -D__WINE_PE_BUILD \
  -fuse-ld=lld --no-default-config -fno-strict-aliasing -Wno-microsoft-enum-forward-reference \
  -ffunction-sections -ffp-exception-behavior=maytrap -gdwarf-4 -g -O2
aarch64-w64-mingw32-clang -c -o libs/tomcrypt/aarch64-windows/src/modes/xts/xts_decrypt.o /Users/runner/work/WineIOS-Core/WineIOS-Core/third_party/wine/libs/tomcrypt/src/modes/xts/xts_decrypt.c \
  -Ilibs/tomcrypt -I/Users/runner/work/WineIOS-Core/WineIOS-Core/third_party/wine/libs/tomcrypt \
  -Iinclude -I/Users/runner/work/WineIOS-Core/WineIOS-Core/third_party/wine/include \
  -I/Users/runner/work/WineIOS-Core/WineIOS-Core/third_party/wine/include/msvcrt \
  -I/Users/runner/work/WineIOS-Core/WineIOS-Core/third_party/wine/libs/tomcrypt/src/headers -D_UCRT \
  -DLTC_NO_PROTOTYPES -DLTC_SOURCE -D_ACRTIMP= -DLTC_NO_TEST -DMP_32BIT= -D__WINE_PE_BUILD \
  -fuse-ld=lld --no-default-config -fno-strict-aliasing -Wno-microsoft-enum-forward-reference \
  -ffunction-sections -ffp-exception-behavior=maytrap -gdwarf-4 -g -O2
aarch64-w64-mingw32-clang -c -o libs/tomcrypt/aarch64-windows/src/modes/xts/xts_done.o /Users/runner/work/WineIOS-Core/WineIOS-Core/third_party/wine/libs/tomcrypt/src/modes/xts/xts_done.c \
  -Ilibs/tomcrypt -I/Users/runner/work/WineIOS-Core/WineIOS-Core/third_party/wine/libs/tomcrypt \
  -Iinclude -I/Users/runner/work/WineIOS-Core/WineIOS-Core/third_party/wine/include \
  -I/Users/runner/work/WineIOS-Core/WineIOS-Core/third_party/wine/include/msvcrt \
  -I/Users/runner/work/WineIOS-Core/WineIOS-Core/third_party/wine/libs/tomcrypt/src/headers -D_UCRT \
  -DLTC_NO_PROTOTYPES -DLTC_SOURCE -D_ACRTIMP= -DLTC_NO_TEST -DMP_32BIT= -D__WINE_PE_BUILD \
  -fuse-ld=lld --no-default-config -fno-strict-aliasing -Wno-microsoft-enum-forward-reference \
  -ffunction-sections -ffp-exception-behavior=maytrap -gdwarf-4 -g -O2
aarch64-w64-mingw32-clang -c -o libs/tomcrypt/aarch64-windows/src/modes/xts/xts_encrypt.o /Users/runner/work/WineIOS-Core/WineIOS-Core/third_party/wine/libs/tomcrypt/src/modes/xts/xts_encrypt.c \
  -Ilibs/tomcrypt -I/Users/runner/work/WineIOS-Core/WineIOS-Core/third_party/wine/libs/tomcrypt \
  -Iinclude -I/Users/runner/work/WineIOS-Core/WineIOS-Core/third_party/wine/include \
  -I/Users/runner/work/WineIOS-Core/WineIOS-Core/third_party/wine/include/msvcrt \
  -I/Users/runner/work/WineIOS-Core/WineIOS-Core/third_party/wine/libs/tomcrypt/src/headers -D_UCRT \
  -DLTC_NO_PROTOTYPES -DLTC_SOURCE -D_ACRTIMP= -DLTC_NO_TEST -DMP_32BIT= -D__WINE_PE_BUILD \
  -fuse-ld=lld --no-default-config -fno-strict-aliasing -Wno-microsoft-enum-forward-reference \
  -ffunction-sections -ffp-exception-behavior=maytrap -gdwarf-4 -g -O2
aarch64-w64-mingw32-clang -c -o libs/tomcrypt/aarch64-windows/src/modes/xts/xts_init.o /Users/runner/work/WineIOS-Core/WineIOS-Core/third_party/wine/libs/tomcrypt/src/modes/xts/xts_init.c \
  -Ilibs/tomcrypt -I/Users/runner/work/WineIOS-Core/WineIOS-Core/third_party/wine/libs/tomcrypt \
  -Iinclude -I/Users/runner/work/WineIOS-Core/WineIOS-Core/third_party/wine/include \
  -I/Users/runner/work/WineIOS-Core/WineIOS-Core/third_party/wine/include/msvcrt \
  -I/Users/runner/work/WineIOS-Core/WineIOS-Core/third_party/wine/libs/tomcrypt/src/headers -D_UCRT \
  -DLTC_NO_PROTOTYPES -DLTC_SOURCE -D_ACRTIMP= -DLTC_NO_TEST -DMP_32BIT= -D__WINE_PE_BUILD \
  -fuse-ld=lld --no-default-config -fno-strict-aliasing -Wno-microsoft-enum-forward-reference \
  -ffunction-sections -ffp-exception-behavior=maytrap -gdwarf-4 -g -O2
aarch64-w64-mingw32-clang -c -o libs/tomcrypt/aarch64-windows/src/modes/xts/xts_mult_x.o /Users/runner/work/WineIOS-Core/WineIOS-Core/third_party/wine/libs/tomcrypt/src/modes/xts/xts_mult_x.c \
  -Ilibs/tomcrypt -I/Users/runner/work/WineIOS-Core/WineIOS-Core/third_party/wine/libs/tomcrypt \
  -Iinclude -I/Users/runner/work/WineIOS-Core/WineIOS-Core/third_party/wine/include \
  -I/Users/runner/work/WineIOS-Core/WineIOS-Core/third_party/wine/include/msvcrt \
  -I/Users/runner/work/WineIOS-Core/WineIOS-Core/third_party/wine/libs/tomcrypt/src/headers -D_UCRT \
  -DLTC_NO_PROTOTYPES -DLTC_SOURCE -D_ACRTIMP= -DLTC_NO_TEST -DMP_32BIT= -D__WINE_PE_BUILD \
  -fuse-ld=lld --no-default-config -fno-strict-aliasing -Wno-microsoft-enum-forward-reference \
  -ffunction-sections -ffp-exception-behavior=maytrap -gdwarf-4 -g -O2
aarch64-w64-mingw32-clang -c -o libs/tomcrypt/aarch64-windows/src/pk/asn1/der/bit/der_decode_bit_string.o /Users/runner/work/WineIOS-Core/WineIOS-Core/third_party/wine/libs/tomcrypt/src/pk/asn1/der/bit/der_decode_bit_string.c \
  -Ilibs/tomcrypt -I/Users/runner/work/WineIOS-Core/WineIOS-Core/third_party/wine/libs/tomcrypt \
  -Iinclude -I/Users/runner/work/WineIOS-Core/WineIOS-Core/third_party/wine/include \
  -I/Users/runner/work/WineIOS-Core/WineIOS-Core/third_party/wine/include/msvcrt \
  -I/Users/runner/work/WineIOS-Core/WineIOS-Core/third_party/wine/libs/tomcrypt/src/headers -D_UCRT \
  -DLTC_NO_PROTOTYPES -DLTC_SOURCE -D_ACRTIMP= -DLTC_NO_TEST -DMP_32BIT= -D__WINE_PE_BUILD \
  -fuse-ld=lld --no-default-config -fno-strict-aliasing -Wno-microsoft-enum-forward-reference \
  -ffunction-sections -ffp-exception-behavior=maytrap -gdwarf-4 -g -O2
aarch64-w64-mingw32-clang -c -o libs/tomcrypt/aarch64-windows/src/pk/asn1/der/bit/der_decode_raw_bit_string.o /Users/runner/work/WineIOS-Core/WineIOS-Core/third_party/wine/libs/tomcrypt/src/pk/asn1/der/bit/der_decode_raw_bit_string.c \
  -Ilibs/tomcrypt -I/Users/runner/work/WineIOS-Core/WineIOS-Core/third_party/wine/libs/tomcrypt \
  -Iinclude -I/Users/runner/work/WineIOS-Core/WineIOS-Core/third_party/wine/include \
  -I/Users/runner/work/WineIOS-Core/WineIOS-Core/third_party/wine/include/msvcrt \
  -I/Users/runner/work/WineIOS-Core/WineIOS-Core/third_party/wine/libs/tomcrypt/src/headers -D_UCRT \
  -DLTC_NO_PROTOTYPES -DLTC_SOURCE -D_ACRTIMP= -DLTC_NO_TEST -DMP_32BIT= -D__WINE_PE_BUILD \
  -fuse-ld=lld --no-default-config -fno-strict-aliasing -Wno-microsoft-enum-forward-reference \
  -ffunction-sections -ffp-exception-behavior=maytrap -gdwarf-4 -g -O2
aarch64-w64-mingw32-clang -c -o libs/tomcrypt/aarch64-windows/src/pk/asn1/der/bit/der_encode_bit_string.o /Users/runner/work/WineIOS-Core/WineIOS-Core/third_party/wine/libs/tomcrypt/src/pk/asn1/der/bit/der_encode_bit_string.c \
  -Ilibs/tomcrypt -I/Users/runner/work/WineIOS-Core/WineIOS-Core/third_party/wine/libs/tomcrypt \
  -Iinclude -I/Users/runner/work/WineIOS-Core/WineIOS-Core/third_party/wine/include \
  -I/Users/runner/work/WineIOS-Core/WineIOS-Core/third_party/wine/include/msvcrt \
  -I/Users/runner/work/WineIOS-Core/WineIOS-Core/third_party/wine/libs/tomcrypt/src/headers -D_UCRT \
  -DLTC_NO_PROTOTYPES -DLTC_SOURCE -D_ACRTIMP= -DLTC_NO_TEST -DMP_32BIT= -D__WINE_PE_BUILD \
  -fuse-ld=lld --no-default-config -fno-strict-aliasing -Wno-microsoft-enum-forward-reference \
  -ffunction-sections -ffp-exception-behavior=maytrap -gdwarf-4 -g -O2
aarch64-w64-mingw32-clang -c -o libs/tomcrypt/aarch64-windows/src/pk/asn1/der/bit/der_encode_raw_bit_string.o /Users/runner/work/WineIOS-Core/WineIOS-Core/third_party/wine/libs/tomcrypt/src/pk/asn1/der/bit/der_encode_raw_bit_string.c \
  -Ilibs/tomcrypt -I/Users/runner/work/WineIOS-Core/WineIOS-Core/third_party/wine/libs/tomcrypt \
  -Iinclude -I/Users/runner/work/WineIOS-Core/WineIOS-Core/third_party/wine/include \
  -I/Users/runner/work/WineIOS-Core/WineIOS-Core/third_party/wine/include/msvcrt \
  -I/Users/runner/work/WineIOS-Core/WineIOS-Core/third_party/wine/libs/tomcrypt/src/headers -D_UCRT \
  -DLTC_NO_PROTOTYPES -DLTC_SOURCE -D_ACRTIMP= -DLTC_NO_TEST -DMP_32BIT= -D__WINE_PE_BUILD \
  -fuse-ld=lld --no-default-config -fno-strict-aliasing -Wno-microsoft-enum-forward-reference \
  -ffunction-sections -ffp-exception-behavior=maytrap -gdwarf-4 -g -O2
aarch64-w64-mingw32-clang -c -o libs/tomcrypt/aarch64-windows/src/pk/asn1/der/bit/der_length_bit_string.o /Users/runner/work/WineIOS-Core/WineIOS-Core/third_party/wine/libs/tomcrypt/src/pk/asn1/der/bit/der_length_bit_string.c \
  -Ilibs/tomcrypt -I/Users/runner/work/WineIOS-Core/WineIOS-Core/third_party/wine/libs/tomcrypt \
  -Iinclude -I/Users/runner/work/WineIOS-Core/WineIOS-Core/third_party/wine/include \
  -I/Users/runner/work/WineIOS-Core/WineIOS-Core/third_party/wine/include/msvcrt \
  -I/Users/runner/work/WineIOS-Core/WineIOS-Core/third_party/wine/libs/tomcrypt/src/headers -D_UCRT \
  -DLTC_NO_PROTOTYPES -DLTC_SOURCE -D_ACRTIMP= -DLTC_NO_TEST -DMP_32BIT= -D__WINE_PE_BUILD \
  -fuse-ld=lld --no-default-config -fno-strict-aliasing -Wno-microsoft-enum-forward-reference \
  -ffunction-sections -ffp-exception-behavior=maytrap -gdwarf-4 -g -O2
aarch64-w64-mingw32-clang -c -o libs/tomcrypt/aarch64-windows/src/pk/asn1/der/boolean/der_decode_boolean.o /Users/runner/work/WineIOS-Core/WineIOS-Core/third_party/wine/libs/tomcrypt/src/pk/asn1/der/boolean/der_decode_boolean.c \
  -Ilibs/tomcrypt -I/Users/runner/work/WineIOS-Core/WineIOS-Core/third_party/wine/libs/tomcrypt \
  -Iinclude -I/Users/runner/work/WineIOS-Core/WineIOS-Core/third_party/wine/include \
  -I/Users/runner/work/WineIOS-Core/WineIOS-Core/third_party/wine/include/msvcrt \
  -I/Users/runner/work/WineIOS-Core/WineIOS-Core/third_party/wine/libs/tomcrypt/src/headers -D_UCRT \
  -DLTC_NO_PROTOTYPES -DLTC_SOURCE -D_ACRTIMP= -DLTC_NO_TEST -DMP_32BIT= -D__WINE_PE_BUILD \
  -fuse-ld=lld --no-default-config -fno-strict-aliasing -Wno-microsoft-enum-forward-reference \
  -ffunction-sections -ffp-exception-behavior=maytrap -gdwarf-4 -g -O2
aarch64-w64-mingw32-clang -c -o libs/tomcrypt/aarch64-windows/src/pk/asn1/der/boolean/der_encode_boolean.o /Users/runner/work/WineIOS-Core/WineIOS-Core/third_party/wine/libs/tomcrypt/src/pk/asn1/der/boolean/der_encode_boolean.c \
  -Ilibs/tomcrypt -I/Users/runner/work/WineIOS-Core/WineIOS-Core/third_party/wine/libs/tomcrypt \
  -Iinclude -I/Users/runner/work/WineIOS-Core/WineIOS-Core/third_party/wine/include \
  -I/Users/runner/work/WineIOS-Core/WineIOS-Core/third_party/wine/include/msvcrt \
  -I/Users/runner/work/WineIOS-Core/WineIOS-Core/third_party/wine/libs/tomcrypt/src/headers -D_UCRT \
  -DLTC_NO_PROTOTYPES -DLTC_SOURCE -D_ACRTIMP= -DLTC_NO_TEST -DMP_32BIT= -D__WINE_PE_BUILD \
  -fuse-ld=lld --no-default-config -fno-strict-aliasing -Wno-microsoft-enum-forward-reference \
  -ffunction-sections -ffp-exception-behavior=maytrap -gdwarf-4 -g -O2
aarch64-w64-mingw32-clang -c -o libs/tomcrypt/aarch64-windows/src/pk/asn1/der/boolean/der_length_boolean.o /Users/runner/work/WineIOS-Core/WineIOS-Core/third_party/wine/libs/tomcrypt/src/pk/asn1/der/boolean/der_length_boolean.c \
  -Ilibs/tomcrypt -I/Users/runner/work/WineIOS-Core/WineIOS-Core/third_party/wine/libs/tomcrypt \
  -Iinclude -I/Users/runner/work/WineIOS-Core/WineIOS-Core/third_party/wine/include \
  -I/Users/runner/work/WineIOS-Core/WineIOS-Core/third_party/wine/include/msvcrt \
  -I/Users/runner/work/WineIOS-Core/WineIOS-Core/third_party/wine/libs/tomcrypt/src/headers -D_UCRT \
  -DLTC_NO_PROTOTYPES -DLTC_SOURCE -D_ACRTIMP= -DLTC_NO_TEST -DMP_32BIT= -D__WINE_PE_BUILD \
  -fuse-ld=lld --no-default-config -fno-strict-aliasing -Wno-microsoft-enum-forward-reference \
  -ffunction-sections -ffp-exception-behavior=maytrap -gdwarf-4 -g -O2
aarch64-w64-mingw32-clang -c -o libs/tomcrypt/aarch64-windows/src/pk/asn1/der/choice/der_decode_choice.o /Users/runner/work/WineIOS-Core/WineIOS-Core/third_party/wine/libs/tomcrypt/src/pk/asn1/der/choice/der_decode_choice.c \
  -Ilibs/tomcrypt -I/Users/runner/work/WineIOS-Core/WineIOS-Core/third_party/wine/libs/tomcrypt \
  -Iinclude -I/Users/runner/work/WineIOS-Core/WineIOS-Core/third_party/wine/include \
  -I/Users/runner/work/WineIOS-Core/WineIOS-Core/third_party/wine/include/msvcrt \
  -I/Users/runner/work/WineIOS-Core/WineIOS-Core/third_party/wine/libs/tomcrypt/src/headers -D_UCRT \
  -DLTC_NO_PROTOTYPES -DLTC_SOURCE -D_ACRTIMP= -DLTC_NO_TEST -DMP_32BIT= -D__WINE_PE_BUILD \
  -fuse-ld=lld --no-default-config -fno-strict-aliasing -Wno-microsoft-enum-forward-reference \
  -ffunction-sections -ffp-exception-behavior=maytrap -gdwarf-4 -g -O2
aarch64-w64-mingw32-clang -c -o libs/tomcrypt/aarch64-windows/src/pk/asn1/der/generalizedtime/der_decode_generalizedtime.o /Users/runner/work/WineIOS-Core/WineIOS-Core/third_party/wine/libs/tomcrypt/src/pk/asn1/der/generalizedtime/der_decode_generalizedtime.c \
  -Ilibs/tomcrypt -I/Users/runner/work/WineIOS-Core/WineIOS-Core/third_party/wine/libs/tomcrypt \
  -Iinclude -I/Users/runner/work/WineIOS-Core/WineIOS-Core/third_party/wine/include \
  -I/Users/runner/work/WineIOS-Core/WineIOS-Core/third_party/wine/include/msvcrt \
  -I/Users/runner/work/WineIOS-Core/WineIOS-Core/third_party/wine/libs/tomcrypt/src/headers -D_UCRT \
  -DLTC_NO_PROTOTYPES -DLTC_SOURCE -D_ACRTIMP= -DLTC_NO_TEST -DMP_32BIT= -D__WINE_PE_BUILD \
  -fuse-ld=lld --no-default-config -fno-strict-aliasing -Wno-microsoft-enum-forward-reference \
  -ffunction-sections -ffp-exception-behavior=maytrap -gdwarf-4 -g -O2
aarch64-w64-mingw32-clang -c -o libs/tomcrypt/aarch64-windows/src/pk/asn1/der/generalizedtime/der_encode_generalizedtime.o /Users/runner/work/WineIOS-Core/WineIOS-Core/third_party/wine/libs/tomcrypt/src/pk/asn1/der/generalizedtime/der_encode_generalizedtime.c \
  -Ilibs/tomcrypt -I/Users/runner/work/WineIOS-Core/WineIOS-Core/third_party/wine/libs/tomcrypt \
  -Iinclude -I/Users/runner/work/WineIOS-Core/WineIOS-Core/third_party/wine/include \
  -I/Users/runner/work/WineIOS-Core/WineIOS-Core/third_party/wine/include/msvcrt \
  -I/Users/runner/work/WineIOS-Core/WineIOS-Core/third_party/wine/libs/tomcrypt/src/headers -D_UCRT \
  -DLTC_NO_PROTOTYPES -DLTC_SOURCE -D_ACRTIMP= -DLTC_NO_TEST -DMP_32BIT= -D__WINE_PE_BUILD \
  -fuse-ld=lld --no-default-config -fno-strict-aliasing -Wno-microsoft-enum-forward-reference \
  -ffunction-sections -ffp-exception-behavior=maytrap -gdwarf-4 -g -O2
aarch64-w64-mingw32-clang -c -o libs/tomcrypt/aarch64-windows/src/pk/asn1/der/generalizedtime/der_length_generalizedtime.o /Users/runner/work/WineIOS-Core/WineIOS-Core/third_party/wine/libs/tomcrypt/src/pk/asn1/der/generalizedtime/der_length_generalizedtime.c \
  -Ilibs/tomcrypt -I/Users/runner/work/WineIOS-Core/WineIOS-Core/third_party/wine/libs/tomcrypt \
  -Iinclude -I/Users/runner/work/WineIOS-Core/WineIOS-Core/third_party/wine/include \
  -I/Users/runner/work/WineIOS-Core/WineIOS-Core/third_party/wine/include/msvcrt \
  -I/Users/runner/work/WineIOS-Core/WineIOS-Core/third_party/wine/libs/tomcrypt/src/headers -D_UCRT \
  -DLTC_NO_PROTOTYPES -DLTC_SOURCE -D_ACRTIMP= -DLTC_NO_TEST -DMP_32BIT= -D__WINE_PE_BUILD \
  -fuse-ld=lld --no-default-config -fno-strict-aliasing -Wno-microsoft-enum-forward-reference \
  -ffunction-sections -ffp-exception-behavior=maytrap -gdwarf-4 -g -O2
aarch64-w64-mingw32-clang -c -o libs/tomcrypt/aarch64-windows/src/pk/asn1/der/ia5/der_decode_ia5_string.o /Users/runner/work/WineIOS-Core/WineIOS-Core/third_party/wine/libs/tomcrypt/src/pk/asn1/der/ia5/der_decode_ia5_string.c \
  -Ilibs/tomcrypt -I/Users/runner/work/WineIOS-Core/WineIOS-Core/third_party/wine/libs/tomcrypt \
  -Iinclude -I/Users/runner/work/WineIOS-Core/WineIOS-Core/third_party/wine/include \
  -I/Users/runner/work/WineIOS-Core/WineIOS-Core/third_party/wine/include/msvcrt \
  -I/Users/runner/work/WineIOS-Core/WineIOS-Core/third_party/wine/libs/tomcrypt/src/headers -D_UCRT \
  -DLTC_NO_PROTOTYPES -DLTC_SOURCE -D_ACRTIMP= -DLTC_NO_TEST -DMP_32BIT= -D__WINE_PE_BUILD \
  -fuse-ld=lld --no-default-config -fno-strict-aliasing -Wno-microsoft-enum-forward-reference \
  -ffunction-sections -ffp-exception-behavior=maytrap -gdwarf-4 -g -O2
aarch64-w64-mingw32-clang -c -o libs/tomcrypt/aarch64-windows/src/pk/asn1/der/ia5/der_encode_ia5_string.o /Users/runner/work/WineIOS-Core/WineIOS-Core/third_party/wine/libs/tomcrypt/src/pk/asn1/der/ia5/der_encode_ia5_string.c \
  -Ilibs/tomcrypt -I/Users/runner/work/WineIOS-Core/WineIOS-Core/third_party/wine/libs/tomcrypt \
  -Iinclude -I/Users/runner/work/WineIOS-Core/WineIOS-Core/third_party/wine/include \
  -I/Users/runner/work/WineIOS-Core/WineIOS-Core/third_party/wine/include/msvcrt \
  -I/Users/runner/work/WineIOS-Core/WineIOS-Core/third_party/wine/libs/tomcrypt/src/headers -D_UCRT \
  -DLTC_NO_PROTOTYPES -DLTC_SOURCE -D_ACRTIMP= -DLTC_NO_TEST -DMP_32BIT= -D__WINE_PE_BUILD \
  -fuse-ld=lld --no-default-config -fno-strict-aliasing -Wno-microsoft-enum-forward-reference \
  -ffunction-sections -ffp-exception-behavior=maytrap -gdwarf-4 -g -O2
aarch64-w64-mingw32-clang -c -o libs/tomcrypt/aarch64-windows/src/pk/asn1/der/ia5/der_length_ia5_string.o /Users/runner/work/WineIOS-Core/WineIOS-Core/third_party/wine/libs/tomcrypt/src/pk/asn1/der/ia5/der_length_ia5_string.c \
  -Ilibs/tomcrypt -I/Users/runner/work/WineIOS-Core/WineIOS-Core/third_party/wine/libs/tomcrypt \
  -Iinclude -I/Users/runner/work/WineIOS-Core/WineIOS-Core/third_party/wine/include \
  -I/Users/runner/work/WineIOS-Core/WineIOS-Core/third_party/wine/include/msvcrt \
  -I/Users/runner/work/WineIOS-Core/WineIOS-Core/third_party/wine/libs/tomcrypt/src/headers -D_UCRT \
  -DLTC_NO_PROTOTYPES -DLTC_SOURCE -D_ACRTIMP= -DLTC_NO_TEST -DMP_32BIT= -D__WINE_PE_BUILD \
  -fuse-ld=lld --no-default-config -fno-strict-aliasing -Wno-microsoft-enum-forward-reference \
  -ffunction-sections -ffp-exception-behavior=maytrap -gdwarf-4 -g -O2
aarch64-w64-mingw32-clang -c -o libs/tomcrypt/aarch64-windows/src/pk/asn1/der/integer/der_decode_integer.o /Users/runner/work/WineIOS-Core/WineIOS-Core/third_party/wine/libs/tomcrypt/src/pk/asn1/der/integer/der_decode_integer.c \
  -Ilibs/tomcrypt -I/Users/runner/work/WineIOS-Core/WineIOS-Core/third_party/wine/libs/tomcrypt \
  -Iinclude -I/Users/runner/work/WineIOS-Core/WineIOS-Core/third_party/wine/include \
  -I/Users/runner/work/WineIOS-Core/WineIOS-Core/third_party/wine/include/msvcrt \
  -I/Users/runner/work/WineIOS-Core/WineIOS-Core/third_party/wine/libs/tomcrypt/src/headers -D_UCRT \
  -DLTC_NO_PROTOTYPES -DLTC_SOURCE -D_ACRTIMP= -DLTC_NO_TEST -DMP_32BIT= -D__WINE_PE_BUILD \
  -fuse-ld=lld --no-default-config -fno-strict-aliasing -Wno-microsoft-enum-forward-reference \
  -ffunction-sections -ffp-exception-behavior=maytrap -gdwarf-4 -g -O2
aarch64-w64-mingw32-clang -c -o libs/tomcrypt/aarch64-windows/src/pk/asn1/der/integer/der_encode_integer.o /Users/runner/work/WineIOS-Core/WineIOS-Core/third_party/wine/libs/tomcrypt/src/pk/asn1/der/integer/der_encode_integer.c \
  -Ilibs/tomcrypt -I/Users/runner/work/WineIOS-Core/WineIOS-Core/third_party/wine/libs/tomcrypt \
  -Iinclude -I/Users/runner/work/WineIOS-Core/WineIOS-Core/third_party/wine/include \
  -I/Users/runner/work/WineIOS-Core/WineIOS-Core/third_party/wine/include/msvcrt \
  -I/Users/runner/work/WineIOS-Core/WineIOS-Core/third_party/wine/libs/tomcrypt/src/headers -D_UCRT \
  -DLTC_NO_PROTOTYPES -DLTC_SOURCE -D_ACRTIMP= -DLTC_NO_TEST -DMP_32BIT= -D__WINE_PE_BUILD \
  -fuse-ld=lld --no-default-config -fno-strict-aliasing -Wno-microsoft-enum-forward-reference \
  -ffunction-sections -ffp-exception-behavior=maytrap -gdwarf-4 -g -O2
aarch64-w64-mingw32-clang -c -o libs/tomcrypt/aarch64-windows/src/pk/asn1/der/integer/der_length_integer.o /Users/runner/work/WineIOS-Core/WineIOS-Core/third_party/wine/libs/tomcrypt/src/pk/asn1/der/integer/der_length_integer.c \
  -Ilibs/tomcrypt -I/Users/runner/work/WineIOS-Core/WineIOS-Core/third_party/wine/libs/tomcrypt \
  -Iinclude -I/Users/runner/work/WineIOS-Core/WineIOS-Core/third_party/wine/include \
  -I/Users/runner/work/WineIOS-Core/WineIOS-Core/third_party/wine/include/msvcrt \
  -I/Users/runner/work/WineIOS-Core/WineIOS-Core/third_party/wine/libs/tomcrypt/src/headers -D_UCRT \
  -DLTC_NO_PROTOTYPES -DLTC_SOURCE -D_ACRTIMP= -DLTC_NO_TEST -DMP_32BIT= -D__WINE_PE_BUILD \
  -fuse-ld=lld --no-default-config -fno-strict-aliasing -Wno-microsoft-enum-forward-reference \
  -ffunction-sections -ffp-exception-behavior=maytrap -gdwarf-4 -g -O2
aarch64-w64-mingw32-clang -c -o libs/tomcrypt/aarch64-windows/src/pk/asn1/der/object_identifier/der_decode_object_identifier.o /Users/runner/work/WineIOS-Core/WineIOS-Core/third_party/wine/libs/tomcrypt/src/pk/asn1/der/object_identifier/der_decode_object_identifier.c \
  -Ilibs/tomcrypt -I/Users/runner/work/WineIOS-Core/WineIOS-Core/third_party/wine/libs/tomcrypt \
  -Iinclude -I/Users/runner/work/WineIOS-Core/WineIOS-Core/third_party/wine/include \
  -I/Users/runner/work/WineIOS-Core/WineIOS-Core/third_party/wine/include/msvcrt \
  -I/Users/runner/work/WineIOS-Core/WineIOS-Core/third_party/wine/libs/tomcrypt/src/headers -D_UCRT \
  -DLTC_NO_PROTOTYPES -DLTC_SOURCE -D_ACRTIMP= -DLTC_NO_TEST -DMP_32BIT= -D__WINE_PE_BUILD \
  -fuse-ld=lld --no-default-config -fno-strict-aliasing -Wno-microsoft-enum-forward-reference \
  -ffunction-sections -ffp-exception-behavior=maytrap -gdwarf-4 -g -O2
aarch64-w64-mingw32-clang -c -o libs/tomcrypt/aarch64-windows/src/pk/asn1/der/object_identifier/der_encode_object_identifier.o /Users/runner/work/WineIOS-Core/WineIOS-Core/third_party/wine/libs/tomcrypt/src/pk/asn1/der/object_identifier/der_encode_object_identifier.c \
  -Ilibs/tomcrypt -I/Users/runner/work/WineIOS-Core/WineIOS-Core/third_party/wine/libs/tomcrypt \
  -Iinclude -I/Users/runner/work/WineIOS-Core/WineIOS-Core/third_party/wine/include \
  -I/Users/runner/work/WineIOS-Core/WineIOS-Core/third_party/wine/include/msvcrt \
  -I/Users/runner/work/WineIOS-Core/WineIOS-Core/third_party/wine/libs/tomcrypt/src/headers -D_UCRT \
  -DLTC_NO_PROTOTYPES -DLTC_SOURCE -D_ACRTIMP= -DLTC_NO_TEST -DMP_32BIT= -D__WINE_PE_BUILD \
  -fuse-ld=lld --no-default-config -fno-strict-aliasing -Wno-microsoft-enum-forward-reference \
  -ffunction-sections -ffp-exception-behavior=maytrap -gdwarf-4 -g -O2
aarch64-w64-mingw32-clang -c -o libs/tomcrypt/aarch64-windows/src/pk/asn1/der/object_identifier/der_length_object_identifier.o /Users/runner/work/WineIOS-Core/WineIOS-Core/third_party/wine/libs/tomcrypt/src/pk/asn1/der/object_identifier/der_length_object_identifier.c \
  -Ilibs/tomcrypt -I/Users/runner/work/WineIOS-Core/WineIOS-Core/third_party/wine/libs/tomcrypt \
  -Iinclude -I/Users/runner/work/WineIOS-Core/WineIOS-Core/third_party/wine/include \
  -I/Users/runner/work/WineIOS-Core/WineIOS-Core/third_party/wine/include/msvcrt \
  -I/Users/runner/work/WineIOS-Core/WineIOS-Core/third_party/wine/libs/tomcrypt/src/headers -D_UCRT \
  -DLTC_NO_PROTOTYPES -DLTC_SOURCE -D_ACRTIMP= -DLTC_NO_TEST -DMP_32BIT= -D__WINE_PE_BUILD \
  -fuse-ld=lld --no-default-config -fno-strict-aliasing -Wno-microsoft-enum-forward-reference \
  -ffunction-sections -ffp-exception-behavior=maytrap -gdwarf-4 -g -O2
aarch64-w64-mingw32-clang -c -o libs/tomcrypt/aarch64-windows/src/pk/asn1/der/octet/der_decode_octet_string.o /Users/runner/work/WineIOS-Core/WineIOS-Core/third_party/wine/libs/tomcrypt/src/pk/asn1/der/octet/der_decode_octet_string.c \
  -Ilibs/tomcrypt -I/Users/runner/work/WineIOS-Core/WineIOS-Core/third_party/wine/libs/tomcrypt \
  -Iinclude -I/Users/runner/work/WineIOS-Core/WineIOS-Core/third_party/wine/include \
  -I/Users/runner/work/WineIOS-Core/WineIOS-Core/third_party/wine/include/msvcrt \
  -I/Users/runner/work/WineIOS-Core/WineIOS-Core/third_party/wine/libs/tomcrypt/src/headers -D_UCRT \
  -DLTC_NO_PROTOTYPES -DLTC_SOURCE -D_ACRTIMP= -DLTC_NO_TEST -DMP_32BIT= -D__WINE_PE_BUILD \
  -fuse-ld=lld --no-default-config -fno-strict-aliasing -Wno-microsoft-enum-forward-reference \
  -ffunction-sections -ffp-exception-behavior=maytrap -gdwarf-4 -g -O2
aarch64-w64-mingw32-clang -c -o libs/tomcrypt/aarch64-windows/src/pk/asn1/der/octet/der_encode_octet_string.o /Users/runner/work/WineIOS-Core/WineIOS-Core/third_party/wine/libs/tomcrypt/src/pk/asn1/der/octet/der_encode_octet_string.c \
  -Ilibs/tomcrypt -I/Users/runner/work/WineIOS-Core/WineIOS-Core/third_party/wine/libs/tomcrypt \
  -Iinclude -I/Users/runner/work/WineIOS-Core/WineIOS-Core/third_party/wine/include \
  -I/Users/runner/work/WineIOS-Core/WineIOS-Core/third_party/wine/include/msvcrt \
  -I/Users/runner/work/WineIOS-Core/WineIOS-Core/third_party/wine/libs/tomcrypt/src/headers -D_UCRT \
  -DLTC_NO_PROTOTYPES -DLTC_SOURCE -D_ACRTIMP= -DLTC_NO_TEST -DMP_32BIT= -D__WINE_PE_BUILD \
  -fuse-ld=lld --no-default-config -fno-strict-aliasing -Wno-microsoft-enum-forward-reference \
  -ffunction-sections -ffp-exception-behavior=maytrap -gdwarf-4 -g -O2
aarch64-w64-mingw32-clang -c -o libs/tomcrypt/aarch64-windows/src/pk/asn1/der/octet/der_length_octet_string.o /Users/runner/work/WineIOS-Core/WineIOS-Core/third_party/wine/libs/tomcrypt/src/pk/asn1/der/octet/der_length_octet_string.c \
  -Ilibs/tomcrypt -I/Users/runner/work/WineIOS-Core/WineIOS-Core/third_party/wine/libs/tomcrypt \
  -Iinclude -I/Users/runner/work/WineIOS-Core/WineIOS-Core/third_party/wine/include \
  -I/Users/runner/work/WineIOS-Core/WineIOS-Core/third_party/wine/include/msvcrt \
  -I/Users/runner/work/WineIOS-Core/WineIOS-Core/third_party/wine/libs/tomcrypt/src/headers -D_UCRT \
  -DLTC_NO_PROTOTYPES -DLTC_SOURCE -D_ACRTIMP= -DLTC_NO_TEST -DMP_32BIT= -D__WINE_PE_BUILD \
  -fuse-ld=lld --no-default-config -fno-strict-aliasing -Wno-microsoft-enum-forward-reference \
  -ffunction-sections -ffp-exception-behavior=maytrap -gdwarf-4 -g -O2
aarch64-w64-mingw32-clang -c -o libs/tomcrypt/aarch64-windows/src/pk/asn1/der/printable_string/der_decode_printable_string.o /Users/runner/work/WineIOS-Core/WineIOS-Core/third_party/wine/libs/tomcrypt/src/pk/asn1/der/printable_string/der_decode_printable_string.c \
  -Ilibs/tomcrypt -I/Users/runner/work/WineIOS-Core/WineIOS-Core/third_party/wine/libs/tomcrypt \
  -Iinclude -I/Users/runner/work/WineIOS-Core/WineIOS-Core/third_party/wine/include \
  -I/Users/runner/work/WineIOS-Core/WineIOS-Core/third_party/wine/include/msvcrt \
  -I/Users/runner/work/WineIOS-Core/WineIOS-Core/third_party/wine/libs/tomcrypt/src/headers -D_UCRT \
  -DLTC_NO_PROTOTYPES -DLTC_SOURCE -D_ACRTIMP= -DLTC_NO_TEST -DMP_32BIT= -D__WINE_PE_BUILD \
  -fuse-ld=lld --no-default-config -fno-strict-aliasing -Wno-microsoft-enum-forward-reference \
  -ffunction-sections -ffp-exception-behavior=maytrap -gdwarf-4 -g -O2
aarch64-w64-mingw32-clang -c -o libs/tomcrypt/aarch64-windows/src/pk/asn1/der/printable_string/der_encode_printable_string.o /Users/runner/work/WineIOS-Core/WineIOS-Core/third_party/wine/libs/tomcrypt/src/pk/asn1/der/printable_string/der_encode_printable_string.c \
  -Ilibs/tomcrypt -I/Users/runner/work/WineIOS-Core/WineIOS-Core/third_party/wine/libs/tomcrypt \
  -Iinclude -I/Users/runner/work/WineIOS-Core/WineIOS-Core/third_party/wine/include \
  -I/Users/runner/work/WineIOS-Core/WineIOS-Core/third_party/wine/include/msvcrt \
  -I/Users/runner/work/WineIOS-Core/WineIOS-Core/third_party/wine/libs/tomcrypt/src/headers -D_UCRT \
  -DLTC_NO_PROTOTYPES -DLTC_SOURCE -D_ACRTIMP= -DLTC_NO_TEST -DMP_32BIT= -D__WINE_PE_BUILD \
  -fuse-ld=lld --no-default-config -fno-strict-aliasing -Wno-microsoft-enum-forward-reference \
  -ffunction-sections -ffp-exception-behavior=maytrap -gdwarf-4 -g -O2
aarch64-w64-mingw32-clang -c -o libs/tomcrypt/aarch64-windows/src/pk/asn1/der/printable_string/der_length_printable_string.o /Users/runner/work/WineIOS-Core/WineIOS-Core/third_party/wine/libs/tomcrypt/src/pk/asn1/der/printable_string/der_length_printable_string.c \
  -Ilibs/tomcrypt -I/Users/runner/work/WineIOS-Core/WineIOS-Core/third_party/wine/libs/tomcrypt \
  -Iinclude -I/Users/runner/work/WineIOS-Core/WineIOS-Core/third_party/wine/include \
  -I/Users/runner/work/WineIOS-Core/WineIOS-Core/third_party/wine/include/msvcrt \
  -I/Users/runner/work/WineIOS-Core/WineIOS-Core/third_party/wine/libs/tomcrypt/src/headers -D_UCRT \
  -DLTC_NO_PROTOTYPES -DLTC_SOURCE -D_ACRTIMP= -DLTC_NO_TEST -DMP_32BIT= -D__WINE_PE_BUILD \
  -fuse-ld=lld --no-default-config -fno-strict-aliasing -Wno-microsoft-enum-forward-reference \
  -ffunction-sections -ffp-exception-behavior=maytrap -gdwarf-4 -g -O2
aarch64-w64-mingw32-clang -c -o libs/tomcrypt/aarch64-windows/src/pk/asn1/der/sequence/der_decode_sequence_ex.o /Users/runner/work/WineIOS-Core/WineIOS-Core/third_party/wine/libs/tomcrypt/src/pk/asn1/der/sequence/der_decode_sequence_ex.c \
  -Ilibs/tomcrypt -I/Users/runner/work/WineIOS-Core/WineIOS-Core/third_party/wine/libs/tomcrypt \
  -Iinclude -I/Users/runner/work/WineIOS-Core/WineIOS-Core/third_party/wine/include \
  -I/Users/runner/work/WineIOS-Core/WineIOS-Core/third_party/wine/include/msvcrt \
  -I/Users/runner/work/WineIOS-Core/WineIOS-Core/third_party/wine/libs/tomcrypt/src/headers -D_UCRT \
  -DLTC_NO_PROTOTYPES -DLTC_SOURCE -D_ACRTIMP= -DLTC_NO_TEST -DMP_32BIT= -D__WINE_PE_BUILD \
  -fuse-ld=lld --no-default-config -fno-strict-aliasing -Wno-microsoft-enum-forward-reference \
  -ffunction-sections -ffp-exception-behavior=maytrap -gdwarf-4 -g -O2
aarch64-w64-mingw32-clang -c -o libs/tomcrypt/aarch64-windows/src/pk/asn1/der/sequence/der_decode_sequence_flexi.o /Users/runner/work/WineIOS-Core/WineIOS-Core/third_party/wine/libs/tomcrypt/src/pk/asn1/der/sequence/der_decode_sequence_flexi.c \
  -Ilibs/tomcrypt -I/Users/runner/work/WineIOS-Core/WineIOS-Core/third_party/wine/libs/tomcrypt \
  -Iinclude -I/Users/runner/work/WineIOS-Core/WineIOS-Core/third_party/wine/include \
  -I/Users/runner/work/WineIOS-Core/WineIOS-Core/third_party/wine/include/msvcrt \
  -I/Users/runner/work/WineIOS-Core/WineIOS-Core/third_party/wine/libs/tomcrypt/src/headers -D_UCRT \
  -DLTC_NO_PROTOTYPES -DLTC_SOURCE -D_ACRTIMP= -DLTC_NO_TEST -DMP_32BIT= -D__WINE_PE_BUILD \
  -fuse-ld=lld --no-default-config -fno-strict-aliasing -Wno-microsoft-enum-forward-reference \
  -ffunction-sections -ffp-exception-behavior=maytrap -gdwarf-4 -g -O2
aarch64-w64-mingw32-clang -c -o libs/tomcrypt/aarch64-windows/src/pk/asn1/der/sequence/der_decode_sequence_multi.o /Users/runner/work/WineIOS-Core/WineIOS-Core/third_party/wine/libs/tomcrypt/src/pk/asn1/der/sequence/der_decode_sequence_multi.c \
  -Ilibs/tomcrypt -I/Users/runner/work/WineIOS-Core/WineIOS-Core/third_party/wine/libs/tomcrypt \
  -Iinclude -I/Users/runner/work/WineIOS-Core/WineIOS-Core/third_party/wine/include \
  -I/Users/runner/work/WineIOS-Core/WineIOS-Core/third_party/wine/include/msvcrt \
  -I/Users/runner/work/WineIOS-Core/WineIOS-Core/third_party/wine/libs/tomcrypt/src/headers -D_UCRT \
  -DLTC_NO_PROTOTYPES -DLTC_SOURCE -D_ACRTIMP= -DLTC_NO_TEST -DMP_32BIT= -D__WINE_PE_BUILD \
  -fuse-ld=lld --no-default-config -fno-strict-aliasing -Wno-microsoft-enum-forward-reference \
  -ffunction-sections -ffp-exception-behavior=maytrap -gdwarf-4 -g -O2
aarch64-w64-mingw32-clang -c -o libs/tomcrypt/aarch64-windows/src/pk/asn1/der/sequence/der_decode_subject_public_key_info.o /Users/runner/work/WineIOS-Core/WineIOS-Core/third_party/wine/libs/tomcrypt/src/pk/asn1/der/sequence/der_decode_subject_public_key_info.c \
  -Ilibs/tomcrypt -I/Users/runner/work/WineIOS-Core/WineIOS-Core/third_party/wine/libs/tomcrypt \
  -Iinclude -I/Users/runner/work/WineIOS-Core/WineIOS-Core/third_party/wine/include \
  -I/Users/runner/work/WineIOS-Core/WineIOS-Core/third_party/wine/include/msvcrt \
  -I/Users/runner/work/WineIOS-Core/WineIOS-Core/third_party/wine/libs/tomcrypt/src/headers -D_UCRT \
  -DLTC_NO_PROTOTYPES -DLTC_SOURCE -D_ACRTIMP= -DLTC_NO_TEST -DMP_32BIT= -D__WINE_PE_BUILD \
  -fuse-ld=lld --no-default-config -fno-strict-aliasing -Wno-microsoft-enum-forward-reference \
  -ffunction-sections -ffp-exception-behavior=maytrap -gdwarf-4 -g -O2
aarch64-w64-mingw32-clang -c -o libs/tomcrypt/aarch64-windows/src/pk/asn1/der/sequence/der_encode_sequence_ex.o /Users/runner/work/WineIOS-Core/WineIOS-Core/third_party/wine/libs/tomcrypt/src/pk/asn1/der/sequence/der_encode_sequence_ex.c \
  -Ilibs/tomcrypt -I/Users/runner/work/WineIOS-Core/WineIOS-Core/third_party/wine/libs/tomcrypt \
  -Iinclude -I/Users/runner/work/WineIOS-Core/WineIOS-Core/third_party/wine/include \
  -I/Users/runner/work/WineIOS-Core/WineIOS-Core/third_party/wine/include/msvcrt \
  -I/Users/runner/work/WineIOS-Core/WineIOS-Core/third_party/wine/libs/tomcrypt/src/headers -D_UCRT \
  -DLTC_NO_PROTOTYPES -DLTC_SOURCE -D_ACRTIMP= -DLTC_NO_TEST -DMP_32BIT= -D__WINE_PE_BUILD \
  -fuse-ld=lld --no-default-config -fno-strict-aliasing -Wno-microsoft-enum-forward-reference \
  -ffunction-sections -ffp-exception-behavior=maytrap -gdwarf-4 -g -O2
aarch64-w64-mingw32-clang -c -o libs/tomcrypt/aarch64-windows/src/pk/asn1/der/sequence/der_encode_sequence_multi.o /Users/runner/work/WineIOS-Core/WineIOS-Core/third_party/wine/libs/tomcrypt/src/pk/asn1/der/sequence/der_encode_sequence_multi.c \
  -Ilibs/tomcrypt -I/Users/runner/work/WineIOS-Core/WineIOS-Core/third_party/wine/libs/tomcrypt \
  -Iinclude -I/Users/runner/work/WineIOS-Core/WineIOS-Core/third_party/wine/include \
  -I/Users/runner/work/WineIOS-Core/WineIOS-Core/third_party/wine/include/msvcrt \
  -I/Users/runner/work/WineIOS-Core/WineIOS-Core/third_party/wine/libs/tomcrypt/src/headers -D_UCRT \
  -DLTC_NO_PROTOTYPES -DLTC_SOURCE -D_ACRTIMP= -DLTC_NO_TEST -DMP_32BIT= -D__WINE_PE_BUILD \
  -fuse-ld=lld --no-default-config -fno-strict-aliasing -Wno-microsoft-enum-forward-reference \
  -ffunction-sections -ffp-exception-behavior=maytrap -gdwarf-4 -g -O2
aarch64-w64-mingw32-clang -c -o libs/tomcrypt/aarch64-windows/src/pk/asn1/der/sequence/der_encode_subject_public_key_info.o /Users/runner/work/WineIOS-Core/WineIOS-Core/third_party/wine/libs/tomcrypt/src/pk/asn1/der/sequence/der_encode_subject_public_key_info.c \
  -Ilibs/tomcrypt -I/Users/runner/work/WineIOS-Core/WineIOS-Core/third_party/wine/libs/tomcrypt \
  -Iinclude -I/Users/runner/work/WineIOS-Core/WineIOS-Core/third_party/wine/include \
  -I/Users/runner/work/WineIOS-Core/WineIOS-Core/third_party/wine/include/msvcrt \
  -I/Users/runner/work/WineIOS-Core/WineIOS-Core/third_party/wine/libs/tomcrypt/src/headers -D_UCRT \
  -DLTC_NO_PROTOTYPES -DLTC_SOURCE -D_ACRTIMP= -DLTC_NO_TEST -DMP_32BIT= -D__WINE_PE_BUILD \
  -fuse-ld=lld --no-default-config -fno-strict-aliasing -Wno-microsoft-enum-forward-reference \
  -ffunction-sections -ffp-exception-behavior=maytrap -gdwarf-4 -g -O2
aarch64-w64-mingw32-clang -c -o libs/tomcrypt/aarch64-windows/src/pk/asn1/der/sequence/der_length_sequence.o /Users/runner/work/WineIOS-Core/WineIOS-Core/third_party/wine/libs/tomcrypt/src/pk/asn1/der/sequence/der_length_sequence.c \
  -Ilibs/tomcrypt -I/Users/runner/work/WineIOS-Core/WineIOS-Core/third_party/wine/libs/tomcrypt \
  -Iinclude -I/Users/runner/work/WineIOS-Core/WineIOS-Core/third_party/wine/include \
  -I/Users/runner/work/WineIOS-Core/WineIOS-Core/third_party/wine/include/msvcrt \
  -I/Users/runner/work/WineIOS-Core/WineIOS-Core/third_party/wine/libs/tomcrypt/src/headers -D_UCRT \
  -DLTC_NO_PROTOTYPES -DLTC_SOURCE -D_ACRTIMP= -DLTC_NO_TEST -DMP_32BIT= -D__WINE_PE_BUILD \
  -fuse-ld=lld --no-default-config -fno-strict-aliasing -Wno-microsoft-enum-forward-reference \
  -ffunction-sections -ffp-exception-behavior=maytrap -gdwarf-4 -g -O2
aarch64-w64-mingw32-clang -c -o libs/tomcrypt/aarch64-windows/src/pk/asn1/der/sequence/der_sequence_free.o /Users/runner/work/WineIOS-Core/WineIOS-Core/third_party/wine/libs/tomcrypt/src/pk/asn1/der/sequence/der_sequence_free.c \
  -Ilibs/tomcrypt -I/Users/runner/work/WineIOS-Core/WineIOS-Core/third_party/wine/libs/tomcrypt \
  -Iinclude -I/Users/runner/work/WineIOS-Core/WineIOS-Core/third_party/wine/include \
  -I/Users/runner/work/WineIOS-Core/WineIOS-Core/third_party/wine/include/msvcrt \
  -I/Users/runner/work/WineIOS-Core/WineIOS-Core/third_party/wine/libs/tomcrypt/src/headers -D_UCRT \
  -DLTC_NO_PROTOTYPES -DLTC_SOURCE -D_ACRTIMP= -DLTC_NO_TEST -DMP_32BIT= -D__WINE_PE_BUILD \
  -fuse-ld=lld --no-default-config -fno-strict-aliasing -Wno-microsoft-enum-forward-reference \
  -ffunction-sections -ffp-exception-behavior=maytrap -gdwarf-4 -g -O2
aarch64-w64-mingw32-clang -c -o libs/tomcrypt/aarch64-windows/src/pk/asn1/der/sequence/der_sequence_shrink.o /Users/runner/work/WineIOS-Core/WineIOS-Core/third_party/wine/libs/tomcrypt/src/pk/asn1/der/sequence/der_sequence_shrink.c \
  -Ilibs/tomcrypt -I/Users/runner/work/WineIOS-Core/WineIOS-Core/third_party/wine/libs/tomcrypt \
  -Iinclude -I/Users/runner/work/WineIOS-Core/WineIOS-Core/third_party/wine/include \
  -I/Users/runner/work/WineIOS-Core/WineIOS-Core/third_party/wine/include/msvcrt \
  -I/Users/runner/work/WineIOS-Core/WineIOS-Core/third_party/wine/libs/tomcrypt/src/headers -D_UCRT \
  -DLTC_NO_PROTOTYPES -DLTC_SOURCE -D_ACRTIMP= -DLTC_NO_TEST -DMP_32BIT= -D__WINE_PE_BUILD \
  -fuse-ld=lld --no-default-config -fno-strict-aliasing -Wno-microsoft-enum-forward-reference \
  -ffunction-sections -ffp-exception-behavior=maytrap -gdwarf-4 -g -O2
aarch64-w64-mingw32-clang -c -o libs/tomcrypt/aarch64-windows/src/pk/asn1/der/set/der_encode_set.o /Users/runner/work/WineIOS-Core/WineIOS-Core/third_party/wine/libs/tomcrypt/src/pk/asn1/der/set/der_encode_set.c \
  -Ilibs/tomcrypt -I/Users/runner/work/WineIOS-Core/WineIOS-Core/third_party/wine/libs/tomcrypt \
  -Iinclude -I/Users/runner/work/WineIOS-Core/WineIOS-Core/third_party/wine/include \
  -I/Users/runner/work/WineIOS-Core/WineIOS-Core/third_party/wine/include/msvcrt \
  -I/Users/runner/work/WineIOS-Core/WineIOS-Core/third_party/wine/libs/tomcrypt/src/headers -D_UCRT \
  -DLTC_NO_PROTOTYPES -DLTC_SOURCE -D_ACRTIMP= -DLTC_NO_TEST -DMP_32BIT= -D__WINE_PE_BUILD \
  -fuse-ld=lld --no-default-config -fno-strict-aliasing -Wno-microsoft-enum-forward-reference \
  -ffunction-sections -ffp-exception-behavior=maytrap -gdwarf-4 -g -O2
aarch64-w64-mingw32-clang -c -o libs/tomcrypt/aarch64-windows/src/pk/asn1/der/set/der_encode_setof.o /Users/runner/work/WineIOS-Core/WineIOS-Core/third_party/wine/libs/tomcrypt/src/pk/asn1/der/set/der_encode_setof.c \
  -Ilibs/tomcrypt -I/Users/runner/work/WineIOS-Core/WineIOS-Core/third_party/wine/libs/tomcrypt \
  -Iinclude -I/Users/runner/work/WineIOS-Core/WineIOS-Core/third_party/wine/include \
  -I/Users/runner/work/WineIOS-Core/WineIOS-Core/third_party/wine/include/msvcrt \
  -I/Users/runner/work/WineIOS-Core/WineIOS-Core/third_party/wine/libs/tomcrypt/src/headers -D_UCRT \
  -DLTC_NO_PROTOTYPES -DLTC_SOURCE -D_ACRTIMP= -DLTC_NO_TEST -DMP_32BIT= -D__WINE_PE_BUILD \
  -fuse-ld=lld --no-default-config -fno-strict-aliasing -Wno-microsoft-enum-forward-reference \
  -ffunction-sections -ffp-exception-behavior=maytrap -gdwarf-4 -g -O2
aarch64-w64-mingw32-clang -c -o libs/tomcrypt/aarch64-windows/src/pk/asn1/der/short_integer/der_decode_short_integer.o /Users/runner/work/WineIOS-Core/WineIOS-Core/third_party/wine/libs/tomcrypt/src/pk/asn1/der/short_integer/der_decode_short_integer.c \
  -Ilibs/tomcrypt -I/Users/runner/work/WineIOS-Core/WineIOS-Core/third_party/wine/libs/tomcrypt \
  -Iinclude -I/Users/runner/work/WineIOS-Core/WineIOS-Core/third_party/wine/include \
  -I/Users/runner/work/WineIOS-Core/WineIOS-Core/third_party/wine/include/msvcrt \
  -I/Users/runner/work/WineIOS-Core/WineIOS-Core/third_party/wine/libs/tomcrypt/src/headers -D_UCRT \
  -DLTC_NO_PROTOTYPES -DLTC_SOURCE -D_ACRTIMP= -DLTC_NO_TEST -DMP_32BIT= -D__WINE_PE_BUILD \
  -fuse-ld=lld --no-default-config -fno-strict-aliasing -Wno-microsoft-enum-forward-reference \
  -ffunction-sections -ffp-exception-behavior=maytrap -gdwarf-4 -g -O2
aarch64-w64-mingw32-clang -c -o libs/tomcrypt/aarch64-windows/src/pk/asn1/der/short_integer/der_encode_short_integer.o /Users/runner/work/WineIOS-Core/WineIOS-Core/third_party/wine/libs/tomcrypt/src/pk/asn1/der/short_integer/der_encode_short_integer.c \
  -Ilibs/tomcrypt -I/Users/runner/work/WineIOS-Core/WineIOS-Core/third_party/wine/libs/tomcrypt \
  -Iinclude -I/Users/runner/work/WineIOS-Core/WineIOS-Core/third_party/wine/include \
  -I/Users/runner/work/WineIOS-Core/WineIOS-Core/third_party/wine/include/msvcrt \
  -I/Users/runner/work/WineIOS-Core/WineIOS-Core/third_party/wine/libs/tomcrypt/src/headers -D_UCRT \
  -DLTC_NO_PROTOTYPES -DLTC_SOURCE -D_ACRTIMP= -DLTC_NO_TEST -DMP_32BIT= -D__WINE_PE_BUILD \
  -fuse-ld=lld --no-default-config -fno-strict-aliasing -Wno-microsoft-enum-forward-reference \
  -ffunction-sections -ffp-exception-behavior=maytrap -gdwarf-4 -g -O2
aarch64-w64-mingw32-clang -c -o libs/tomcrypt/aarch64-windows/src/pk/asn1/der/short_integer/der_length_short_integer.o /Users/runner/work/WineIOS-Core/WineIOS-Core/third_party/wine/libs/tomcrypt/src/pk/asn1/der/short_integer/der_length_short_integer.c \
  -Ilibs/tomcrypt -I/Users/runner/work/WineIOS-Core/WineIOS-Core/third_party/wine/libs/tomcrypt \
  -Iinclude -I/Users/runner/work/WineIOS-Core/WineIOS-Core/third_party/wine/include \
  -I/Users/runner/work/WineIOS-Core/WineIOS-Core/third_party/wine/include/msvcrt \
  -I/Users/runner/work/WineIOS-Core/WineIOS-Core/third_party/wine/libs/tomcrypt/src/headers -D_UCRT \
  -DLTC_NO_PROTOTYPES -DLTC_SOURCE -D_ACRTIMP= -DLTC_NO_TEST -DMP_32BIT= -D__WINE_PE_BUILD \
  -fuse-ld=lld --no-default-config -fno-strict-aliasing -Wno-microsoft-enum-forward-reference \
  -ffunction-sections -ffp-exception-behavior=maytrap -gdwarf-4 -g -O2
aarch64-w64-mingw32-clang -c -o libs/tomcrypt/aarch64-windows/src/pk/asn1/der/teletex_string/der_decode_teletex_string.o /Users/runner/work/WineIOS-Core/WineIOS-Core/third_party/wine/libs/tomcrypt/src/pk/asn1/der/teletex_string/der_decode_teletex_string.c \
  -Ilibs/tomcrypt -I/Users/runner/work/WineIOS-Core/WineIOS-Core/third_party/wine/libs/tomcrypt \
  -Iinclude -I/Users/runner/work/WineIOS-Core/WineIOS-Core/third_party/wine/include \
  -I/Users/runner/work/WineIOS-Core/WineIOS-Core/third_party/wine/include/msvcrt \
  -I/Users/runner/work/WineIOS-Core/WineIOS-Core/third_party/wine/libs/tomcrypt/src/headers -D_UCRT \
  -DLTC_NO_PROTOTYPES -DLTC_SOURCE -D_ACRTIMP= -DLTC_NO_TEST -DMP_32BIT= -D__WINE_PE_BUILD \
  -fuse-ld=lld --no-default-config -fno-strict-aliasing -Wno-microsoft-enum-forward-reference \
  -ffunction-sections -ffp-exception-behavior=maytrap -gdwarf-4 -g -O2
aarch64-w64-mingw32-clang -c -o libs/tomcrypt/aarch64-windows/src/pk/asn1/der/teletex_string/der_length_teletex_string.o /Users/runner/work/WineIOS-Core/WineIOS-Core/third_party/wine/libs/tomcrypt/src/pk/asn1/der/teletex_string/der_length_teletex_string.c \
  -Ilibs/tomcrypt -I/Users/runner/work/WineIOS-Core/WineIOS-Core/third_party/wine/libs/tomcrypt \
  -Iinclude -I/Users/runner/work/WineIOS-Core/WineIOS-Core/third_party/wine/include \
  -I/Users/runner/work/WineIOS-Core/WineIOS-Core/third_party/wine/include/msvcrt \
  -I/Users/runner/work/WineIOS-Core/WineIOS-Core/third_party/wine/libs/tomcrypt/src/headers -D_UCRT \
  -DLTC_NO_PROTOTYPES -DLTC_SOURCE -D_ACRTIMP= -DLTC_NO_TEST -DMP_32BIT= -D__WINE_PE_BUILD \
  -fuse-ld=lld --no-default-config -fno-strict-aliasing -Wno-microsoft-enum-forward-reference \
  -ffunction-sections -ffp-exception-behavior=maytrap -gdwarf-4 -g -O2
aarch64-w64-mingw32-clang -c -o libs/tomcrypt/aarch64-windows/src/pk/asn1/der/utctime/der_decode_utctime.o /Users/runner/work/WineIOS-Core/WineIOS-Core/third_party/wine/libs/tomcrypt/src/pk/asn1/der/utctime/der_decode_utctime.c \
  -Ilibs/tomcrypt -I/Users/runner/work/WineIOS-Core/WineIOS-Core/third_party/wine/libs/tomcrypt \
  -Iinclude -I/Users/runner/work/WineIOS-Core/WineIOS-Core/third_party/wine/include \
  -I/Users/runner/work/WineIOS-Core/WineIOS-Core/third_party/wine/include/msvcrt \
  -I/Users/runner/work/WineIOS-Core/WineIOS-Core/third_party/wine/libs/tomcrypt/src/headers -D_UCRT \
  -DLTC_NO_PROTOTYPES -DLTC_SOURCE -D_ACRTIMP= -DLTC_NO_TEST -DMP_32BIT= -D__WINE_PE_BUILD \
  -fuse-ld=lld --no-default-config -fno-strict-aliasing -Wno-microsoft-enum-forward-reference \
  -ffunction-sections -ffp-exception-behavior=maytrap -gdwarf-4 -g -O2
aarch64-w64-mingw32-clang -c -o libs/tomcrypt/aarch64-windows/src/pk/asn1/der/utctime/der_encode_utctime.o /Users/runner/work/WineIOS-Core/WineIOS-Core/third_party/wine/libs/tomcrypt/src/pk/asn1/der/utctime/der_encode_utctime.c \
  -Ilibs/tomcrypt -I/Users/runner/work/WineIOS-Core/WineIOS-Core/third_party/wine/libs/tomcrypt \
  -Iinclude -I/Users/runner/work/WineIOS-Core/WineIOS-Core/third_party/wine/include \
  -I/Users/runner/work/WineIOS-Core/WineIOS-Core/third_party/wine/include/msvcrt \
  -I/Users/runner/work/WineIOS-Core/WineIOS-Core/third_party/wine/libs/tomcrypt/src/headers -D_UCRT \
  -DLTC_NO_PROTOTYPES -DLTC_SOURCE -D_ACRTIMP= -DLTC_NO_TEST -DMP_32BIT= -D__WINE_PE_BUILD \
  -fuse-ld=lld --no-default-config -fno-strict-aliasing -Wno-microsoft-enum-forward-reference \
  -ffunction-sections -ffp-exception-behavior=maytrap -gdwarf-4 -g -O2
aarch64-w64-mingw32-clang -c -o libs/tomcrypt/aarch64-windows/src/pk/asn1/der/utctime/der_length_utctime.o /Users/runner/work/WineIOS-Core/WineIOS-Core/third_party/wine/libs/tomcrypt/src/pk/asn1/der/utctime/der_length_utctime.c \
  -Ilibs/tomcrypt -I/Users/runner/work/WineIOS-Core/WineIOS-Core/third_party/wine/libs/tomcrypt \
  -Iinclude -I/Users/runner/work/WineIOS-Core/WineIOS-Core/third_party/wine/include \
  -I/Users/runner/work/WineIOS-Core/WineIOS-Core/third_party/wine/include/msvcrt \
  -I/Users/runner/work/WineIOS-Core/WineIOS-Core/third_party/wine/libs/tomcrypt/src/headers -D_UCRT \
  -DLTC_NO_PROTOTYPES -DLTC_SOURCE -D_ACRTIMP= -DLTC_NO_TEST -DMP_32BIT= -D__WINE_PE_BUILD \
  -fuse-ld=lld --no-default-config -fno-strict-aliasing -Wno-microsoft-enum-forward-reference \
  -ffunction-sections -ffp-exception-behavior=maytrap -gdwarf-4 -g -O2
aarch64-w64-mingw32-clang -c -o libs/tomcrypt/aarch64-windows/src/pk/asn1/der/utf8/der_decode_utf8_string.o /Users/runner/work/WineIOS-Core/WineIOS-Core/third_party/wine/libs/tomcrypt/src/pk/asn1/der/utf8/der_decode_utf8_string.c \
  -Ilibs/tomcrypt -I/Users/runner/work/WineIOS-Core/WineIOS-Core/third_party/wine/libs/tomcrypt \
  -Iinclude -I/Users/runner/work/WineIOS-Core/WineIOS-Core/third_party/wine/include \
  -I/Users/runner/work/WineIOS-Core/WineIOS-Core/third_party/wine/include/msvcrt \
  -I/Users/runner/work/WineIOS-Core/WineIOS-Core/third_party/wine/libs/tomcrypt/src/headers -D_UCRT \
  -DLTC_NO_PROTOTYPES -DLTC_SOURCE -D_ACRTIMP= -DLTC_NO_TEST -DMP_32BIT= -D__WINE_PE_BUILD \
  -fuse-ld=lld --no-default-config -fno-strict-aliasing -Wno-microsoft-enum-forward-reference \
  -ffunction-sections -ffp-exception-behavior=maytrap -gdwarf-4 -g -O2
aarch64-w64-mingw32-clang -c -o libs/tomcrypt/aarch64-windows/src/pk/asn1/der/utf8/der_encode_utf8_string.o /Users/runner/work/WineIOS-Core/WineIOS-Core/third_party/wine/libs/tomcrypt/src/pk/asn1/der/utf8/der_encode_utf8_string.c \
  -Ilibs/tomcrypt -I/Users/runner/work/WineIOS-Core/WineIOS-Core/third_party/wine/libs/tomcrypt \
  -Iinclude -I/Users/runner/work/WineIOS-Core/WineIOS-Core/third_party/wine/include \
  -I/Users/runner/work/WineIOS-Core/WineIOS-Core/third_party/wine/include/msvcrt \
  -I/Users/runner/work/WineIOS-Core/WineIOS-Core/third_party/wine/libs/tomcrypt/src/headers -D_UCRT \
  -DLTC_NO_PROTOTYPES -DLTC_SOURCE -D_ACRTIMP= -DLTC_NO_TEST -DMP_32BIT= -D__WINE_PE_BUILD \
  -fuse-ld=lld --no-default-config -fno-strict-aliasing -Wno-microsoft-enum-forward-reference \
  -ffunction-sections -ffp-exception-behavior=maytrap -gdwarf-4 -g -O2
aarch64-w64-mingw32-clang -c -o libs/tomcrypt/aarch64-windows/src/pk/asn1/der/utf8/der_length_utf8_string.o /Users/runner/work/WineIOS-Core/WineIOS-Core/third_party/wine/libs/tomcrypt/src/pk/asn1/der/utf8/der_length_utf8_string.c \
  -Ilibs/tomcrypt -I/Users/runner/work/WineIOS-Core/WineIOS-Core/third_party/wine/libs/tomcrypt \
  -Iinclude -I/Users/runner/work/WineIOS-Core/WineIOS-Core/third_party/wine/include \
  -I/Users/runner/work/WineIOS-Core/WineIOS-Core/third_party/wine/include/msvcrt \
  -I/Users/runner/work/WineIOS-Core/WineIOS-Core/third_party/wine/libs/tomcrypt/src/headers -D_UCRT \
  -DLTC_NO_PROTOTYPES -DLTC_SOURCE -D_ACRTIMP= -DLTC_NO_TEST -DMP_32BIT= -D__WINE_PE_BUILD \
  -fuse-ld=lld --no-default-config -fno-strict-aliasing -Wno-microsoft-enum-forward-reference \
  -ffunction-sections -ffp-exception-behavior=maytrap -gdwarf-4 -g -O2
aarch64-w64-mingw32-clang -c -o libs/tomcrypt/aarch64-windows/src/pk/dh/dh.o /Users/runner/work/WineIOS-Core/WineIOS-Core/third_party/wine/libs/tomcrypt/src/pk/dh/dh.c \
  -Ilibs/tomcrypt -I/Users/runner/work/WineIOS-Core/WineIOS-Core/third_party/wine/libs/tomcrypt \
  -Iinclude -I/Users/runner/work/WineIOS-Core/WineIOS-Core/third_party/wine/include \
  -I/Users/runner/work/WineIOS-Core/WineIOS-Core/third_party/wine/include/msvcrt \
  -I/Users/runner/work/WineIOS-Core/WineIOS-Core/third_party/wine/libs/tomcrypt/src/headers -D_UCRT \
  -DLTC_NO_PROTOTYPES -DLTC_SOURCE -D_ACRTIMP= -DLTC_NO_TEST -DMP_32BIT= -D__WINE_PE_BUILD \
  -fuse-ld=lld --no-default-config -fno-strict-aliasing -Wno-microsoft-enum-forward-reference \
  -ffunction-sections -ffp-exception-behavior=maytrap -gdwarf-4 -g -O2
aarch64-w64-mingw32-clang -c -o libs/tomcrypt/aarch64-windows/src/pk/dh/dh_check_pubkey.o /Users/runner/work/WineIOS-Core/WineIOS-Core/third_party/wine/libs/tomcrypt/src/pk/dh/dh_check_pubkey.c \
  -Ilibs/tomcrypt -I/Users/runner/work/WineIOS-Core/WineIOS-Core/third_party/wine/libs/tomcrypt \
  -Iinclude -I/Users/runner/work/WineIOS-Core/WineIOS-Core/third_party/wine/include \
  -I/Users/runner/work/WineIOS-Core/WineIOS-Core/third_party/wine/include/msvcrt \
  -I/Users/runner/work/WineIOS-Core/WineIOS-Core/third_party/wine/libs/tomcrypt/src/headers -D_UCRT \
  -DLTC_NO_PROTOTYPES -DLTC_SOURCE -D_ACRTIMP= -DLTC_NO_TEST -DMP_32BIT= -D__WINE_PE_BUILD \
  -fuse-ld=lld --no-default-config -fno-strict-aliasing -Wno-microsoft-enum-forward-reference \
  -ffunction-sections -ffp-exception-behavior=maytrap -gdwarf-4 -g -O2
aarch64-w64-mingw32-clang -c -o libs/tomcrypt/aarch64-windows/src/pk/dh/dh_export.o /Users/runner/work/WineIOS-Core/WineIOS-Core/third_party/wine/libs/tomcrypt/src/pk/dh/dh_export.c \
  -Ilibs/tomcrypt -I/Users/runner/work/WineIOS-Core/WineIOS-Core/third_party/wine/libs/tomcrypt \
  -Iinclude -I/Users/runner/work/WineIOS-Core/WineIOS-Core/third_party/wine/include \
  -I/Users/runner/work/WineIOS-Core/WineIOS-Core/third_party/wine/include/msvcrt \
  -I/Users/runner/work/WineIOS-Core/WineIOS-Core/third_party/wine/libs/tomcrypt/src/headers -D_UCRT \
  -DLTC_NO_PROTOTYPES -DLTC_SOURCE -D_ACRTIMP= -DLTC_NO_TEST -DMP_32BIT= -D__WINE_PE_BUILD \
  -fuse-ld=lld --no-default-config -fno-strict-aliasing -Wno-microsoft-enum-forward-reference \
  -ffunction-sections -ffp-exception-behavior=maytrap -gdwarf-4 -g -O2
aarch64-w64-mingw32-clang -c -o libs/tomcrypt/aarch64-windows/src/pk/dh/dh_export_key.o /Users/runner/work/WineIOS-Core/WineIOS-Core/third_party/wine/libs/tomcrypt/src/pk/dh/dh_export_key.c \
  -Ilibs/tomcrypt -I/Users/runner/work/WineIOS-Core/WineIOS-Core/third_party/wine/libs/tomcrypt \
  -Iinclude -I/Users/runner/work/WineIOS-Core/WineIOS-Core/third_party/wine/include \
  -I/Users/runner/work/WineIOS-Core/WineIOS-Core/third_party/wine/include/msvcrt \
  -I/Users/runner/work/WineIOS-Core/WineIOS-Core/third_party/wine/libs/tomcrypt/src/headers -D_UCRT \
  -DLTC_NO_PROTOTYPES -DLTC_SOURCE -D_ACRTIMP= -DLTC_NO_TEST -DMP_32BIT= -D__WINE_PE_BUILD \
  -fuse-ld=lld --no-default-config -fno-strict-aliasing -Wno-microsoft-enum-forward-reference \
  -ffunction-sections -ffp-exception-behavior=maytrap -gdwarf-4 -g -O2
aarch64-w64-mingw32-clang -c -o libs/tomcrypt/aarch64-windows/src/pk/dh/dh_free.o /Users/runner/work/WineIOS-Core/WineIOS-Core/third_party/wine/libs/tomcrypt/src/pk/dh/dh_free.c \
  -Ilibs/tomcrypt -I/Users/runner/work/WineIOS-Core/WineIOS-Core/third_party/wine/libs/tomcrypt \
  -Iinclude -I/Users/runner/work/WineIOS-Core/WineIOS-Core/third_party/wine/include \
  -I/Users/runner/work/WineIOS-Core/WineIOS-Core/third_party/wine/include/msvcrt \
  -I/Users/runner/work/WineIOS-Core/WineIOS-Core/third_party/wine/libs/tomcrypt/src/headers -D_UCRT \
  -DLTC_NO_PROTOTYPES -DLTC_SOURCE -D_ACRTIMP= -DLTC_NO_TEST -DMP_32BIT= -D__WINE_PE_BUILD \
  -fuse-ld=lld --no-default-config -fno-strict-aliasing -Wno-microsoft-enum-forward-reference \
  -ffunction-sections -ffp-exception-behavior=maytrap -gdwarf-4 -g -O2
aarch64-w64-mingw32-clang -c -o libs/tomcrypt/aarch64-windows/src/pk/dh/dh_generate_key.o /Users/runner/work/WineIOS-Core/WineIOS-Core/third_party/wine/libs/tomcrypt/src/pk/dh/dh_generate_key.c \
  -Ilibs/tomcrypt -I/Users/runner/work/WineIOS-Core/WineIOS-Core/third_party/wine/libs/tomcrypt \
  -Iinclude -I/Users/runner/work/WineIOS-Core/WineIOS-Core/third_party/wine/include \
  -I/Users/runner/work/WineIOS-Core/WineIOS-Core/third_party/wine/include/msvcrt \
  -I/Users/runner/work/WineIOS-Core/WineIOS-Core/third_party/wine/libs/tomcrypt/src/headers -D_UCRT \
  -DLTC_NO_PROTOTYPES -DLTC_SOURCE -D_ACRTIMP= -DLTC_NO_TEST -DMP_32BIT= -D__WINE_PE_BUILD \
  -fuse-ld=lld --no-default-config -fno-strict-aliasing -Wno-microsoft-enum-forward-reference \
  -ffunction-sections -ffp-exception-behavior=maytrap -gdwarf-4 -g -O2
aarch64-w64-mingw32-clang -c -o libs/tomcrypt/aarch64-windows/src/pk/dh/dh_import.o /Users/runner/work/WineIOS-Core/WineIOS-Core/third_party/wine/libs/tomcrypt/src/pk/dh/dh_import.c \
  -Ilibs/tomcrypt -I/Users/runner/work/WineIOS-Core/WineIOS-Core/third_party/wine/libs/tomcrypt \
  -Iinclude -I/Users/runner/work/WineIOS-Core/WineIOS-Core/third_party/wine/include \
  -I/Users/runner/work/WineIOS-Core/WineIOS-Core/third_party/wine/include/msvcrt \
  -I/Users/runner/work/WineIOS-Core/WineIOS-Core/third_party/wine/libs/tomcrypt/src/headers -D_UCRT \
  -DLTC_NO_PROTOTYPES -DLTC_SOURCE -D_ACRTIMP= -DLTC_NO_TEST -DMP_32BIT= -D__WINE_PE_BUILD \
  -fuse-ld=lld --no-default-config -fno-strict-aliasing -Wno-microsoft-enum-forward-reference \
  -ffunction-sections -ffp-exception-behavior=maytrap -gdwarf-4 -g -O2
aarch64-w64-mingw32-clang -c -o libs/tomcrypt/aarch64-windows/src/pk/dh/dh_set.o /Users/runner/work/WineIOS-Core/WineIOS-Core/third_party/wine/libs/tomcrypt/src/pk/dh/dh_set.c \
  -Ilibs/tomcrypt -I/Users/runner/work/WineIOS-Core/WineIOS-Core/third_party/wine/libs/tomcrypt \
  -Iinclude -I/Users/runner/work/WineIOS-Core/WineIOS-Core/third_party/wine/include \
  -I/Users/runner/work/WineIOS-Core/WineIOS-Core/third_party/wine/include/msvcrt \
  -I/Users/runner/work/WineIOS-Core/WineIOS-Core/third_party/wine/libs/tomcrypt/src/headers -D_UCRT \
  -DLTC_NO_PROTOTYPES -DLTC_SOURCE -D_ACRTIMP= -DLTC_NO_TEST -DMP_32BIT= -D__WINE_PE_BUILD \
  -fuse-ld=lld --no-default-config -fno-strict-aliasing -Wno-microsoft-enum-forward-reference \
  -ffunction-sections -ffp-exception-behavior=maytrap -gdwarf-4 -g -O2
aarch64-w64-mingw32-clang -c -o libs/tomcrypt/aarch64-windows/src/pk/dh/dh_set_pg_dhparam.o /Users/runner/work/WineIOS-Core/WineIOS-Core/third_party/wine/libs/tomcrypt/src/pk/dh/dh_set_pg_dhparam.c \
  -Ilibs/tomcrypt -I/Users/runner/work/WineIOS-Core/WineIOS-Core/third_party/wine/libs/tomcrypt \
  -Iinclude -I/Users/runner/work/WineIOS-Core/WineIOS-Core/third_party/wine/include \
  -I/Users/runner/work/WineIOS-Core/WineIOS-Core/third_party/wine/include/msvcrt \
  -I/Users/runner/work/WineIOS-Core/WineIOS-Core/third_party/wine/libs/tomcrypt/src/headers -D_UCRT \
  -DLTC_NO_PROTOTYPES -DLTC_SOURCE -D_ACRTIMP= -DLTC_NO_TEST -DMP_32BIT= -D__WINE_PE_BUILD \
  -fuse-ld=lld --no-default-config -fno-strict-aliasing -Wno-microsoft-enum-forward-reference \
  -ffunction-sections -ffp-exception-behavior=maytrap -gdwarf-4 -g -O2
aarch64-w64-mingw32-clang -c -o libs/tomcrypt/aarch64-windows/src/pk/dh/dh_shared_secret.o /Users/runner/work/WineIOS-Core/WineIOS-Core/third_party/wine/libs/tomcrypt/src/pk/dh/dh_shared_secret.c \
  -Ilibs/tomcrypt -I/Users/runner/work/WineIOS-Core/WineIOS-Core/third_party/wine/libs/tomcrypt \
  -Iinclude -I/Users/runner/work/WineIOS-Core/WineIOS-Core/third_party/wine/include \
  -I/Users/runner/work/WineIOS-Core/WineIOS-Core/third_party/wine/include/msvcrt \
  -I/Users/runner/work/WineIOS-Core/WineIOS-Core/third_party/wine/libs/tomcrypt/src/headers -D_UCRT \
  -DLTC_NO_PROTOTYPES -DLTC_SOURCE -D_ACRTIMP= -DLTC_NO_TEST -DMP_32BIT= -D__WINE_PE_BUILD \
  -fuse-ld=lld --no-default-config -fno-strict-aliasing -Wno-microsoft-enum-forward-reference \
  -ffunction-sections -ffp-exception-behavior=maytrap -gdwarf-4 -g -O2
aarch64-w64-mingw32-clang -c -o libs/tomcrypt/aarch64-windows/src/pk/dsa/dsa_decrypt_key.o /Users/runner/work/WineIOS-Core/WineIOS-Core/third_party/wine/libs/tomcrypt/src/pk/dsa/dsa_decrypt_key.c \
  -Ilibs/tomcrypt -I/Users/runner/work/WineIOS-Core/WineIOS-Core/third_party/wine/libs/tomcrypt \
  -Iinclude -I/Users/runner/work/WineIOS-Core/WineIOS-Core/third_party/wine/include \
  -I/Users/runner/work/WineIOS-Core/WineIOS-Core/third_party/wine/include/msvcrt \
  -I/Users/runner/work/WineIOS-Core/WineIOS-Core/third_party/wine/libs/tomcrypt/src/headers -D_UCRT \
  -DLTC_NO_PROTOTYPES -DLTC_SOURCE -D_ACRTIMP= -DLTC_NO_TEST -DMP_32BIT= -D__WINE_PE_BUILD \
  -fuse-ld=lld --no-default-config -fno-strict-aliasing -Wno-microsoft-enum-forward-reference \
  -ffunction-sections -ffp-exception-behavior=maytrap -gdwarf-4 -g -O2
aarch64-w64-mingw32-clang -c -o libs/tomcrypt/aarch64-windows/src/pk/dsa/dsa_encrypt_key.o /Users/runner/work/WineIOS-Core/WineIOS-Core/third_party/wine/libs/tomcrypt/src/pk/dsa/dsa_encrypt_key.c \
  -Ilibs/tomcrypt -I/Users/runner/work/WineIOS-Core/WineIOS-Core/third_party/wine/libs/tomcrypt \
  -Iinclude -I/Users/runner/work/WineIOS-Core/WineIOS-Core/third_party/wine/include \
  -I/Users/runner/work/WineIOS-Core/WineIOS-Core/third_party/wine/include/msvcrt \
  -I/Users/runner/work/WineIOS-Core/WineIOS-Core/third_party/wine/libs/tomcrypt/src/headers -D_UCRT \
  -DLTC_NO_PROTOTYPES -DLTC_SOURCE -D_ACRTIMP= -DLTC_NO_TEST -DMP_32BIT= -D__WINE_PE_BUILD \
  -fuse-ld=lld --no-default-config -fno-strict-aliasing -Wno-microsoft-enum-forward-reference \
  -ffunction-sections -ffp-exception-behavior=maytrap -gdwarf-4 -g -O2
aarch64-w64-mingw32-clang -c -o libs/tomcrypt/aarch64-windows/src/pk/dsa/dsa_export.o /Users/runner/work/WineIOS-Core/WineIOS-Core/third_party/wine/libs/tomcrypt/src/pk/dsa/dsa_export.c \
  -Ilibs/tomcrypt -I/Users/runner/work/WineIOS-Core/WineIOS-Core/third_party/wine/libs/tomcrypt \
  -Iinclude -I/Users/runner/work/WineIOS-Core/WineIOS-Core/third_party/wine/include \
  -I/Users/runner/work/WineIOS-Core/WineIOS-Core/third_party/wine/include/msvcrt \
  -I/Users/runner/work/WineIOS-Core/WineIOS-Core/third_party/wine/libs/tomcrypt/src/headers -D_UCRT \
  -DLTC_NO_PROTOTYPES -DLTC_SOURCE -D_ACRTIMP= -DLTC_NO_TEST -DMP_32BIT= -D__WINE_PE_BUILD \
  -fuse-ld=lld --no-default-config -fno-strict-aliasing -Wno-microsoft-enum-forward-reference \
  -ffunction-sections -ffp-exception-behavior=maytrap -gdwarf-4 -g -O2
aarch64-w64-mingw32-clang -c -o libs/tomcrypt/aarch64-windows/src/pk/dsa/dsa_free.o /Users/runner/work/WineIOS-Core/WineIOS-Core/third_party/wine/libs/tomcrypt/src/pk/dsa/dsa_free.c \
  -Ilibs/tomcrypt -I/Users/runner/work/WineIOS-Core/WineIOS-Core/third_party/wine/libs/tomcrypt \
  -Iinclude -I/Users/runner/work/WineIOS-Core/WineIOS-Core/third_party/wine/include \
  -I/Users/runner/work/WineIOS-Core/WineIOS-Core/third_party/wine/include/msvcrt \
  -I/Users/runner/work/WineIOS-Core/WineIOS-Core/third_party/wine/libs/tomcrypt/src/headers -D_UCRT \
  -DLTC_NO_PROTOTYPES -DLTC_SOURCE -D_ACRTIMP= -DLTC_NO_TEST -DMP_32BIT= -D__WINE_PE_BUILD \
  -fuse-ld=lld --no-default-config -fno-strict-aliasing -Wno-microsoft-enum-forward-reference \
  -ffunction-sections -ffp-exception-behavior=maytrap -gdwarf-4 -g -O2
aarch64-w64-mingw32-clang -c -o libs/tomcrypt/aarch64-windows/src/pk/dsa/dsa_generate_key.o /Users/runner/work/WineIOS-Core/WineIOS-Core/third_party/wine/libs/tomcrypt/src/pk/dsa/dsa_generate_key.c \
  -Ilibs/tomcrypt -I/Users/runner/work/WineIOS-Core/WineIOS-Core/third_party/wine/libs/tomcrypt \
  -Iinclude -I/Users/runner/work/WineIOS-Core/WineIOS-Core/third_party/wine/include \
  -I/Users/runner/work/WineIOS-Core/WineIOS-Core/third_party/wine/include/msvcrt \
  -I/Users/runner/work/WineIOS-Core/WineIOS-Core/third_party/wine/libs/tomcrypt/src/headers -D_UCRT \
  -DLTC_NO_PROTOTYPES -DLTC_SOURCE -D_ACRTIMP= -DLTC_NO_TEST -DMP_32BIT= -D__WINE_PE_BUILD \
  -fuse-ld=lld --no-default-config -fno-strict-aliasing -Wno-microsoft-enum-forward-reference \
  -ffunction-sections -ffp-exception-behavior=maytrap -gdwarf-4 -g -O2
aarch64-w64-mingw32-clang -c -o libs/tomcrypt/aarch64-windows/src/pk/dsa/dsa_generate_pqg.o /Users/runner/work/WineIOS-Core/WineIOS-Core/third_party/wine/libs/tomcrypt/src/pk/dsa/dsa_generate_pqg.c \
  -Ilibs/tomcrypt -I/Users/runner/work/WineIOS-Core/WineIOS-Core/third_party/wine/libs/tomcrypt \
  -Iinclude -I/Users/runner/work/WineIOS-Core/WineIOS-Core/third_party/wine/include \
  -I/Users/runner/work/WineIOS-Core/WineIOS-Core/third_party/wine/include/msvcrt \
  -I/Users/runner/work/WineIOS-Core/WineIOS-Core/third_party/wine/libs/tomcrypt/src/headers -D_UCRT \
  -DLTC_NO_PROTOTYPES -DLTC_SOURCE -D_ACRTIMP= -DLTC_NO_TEST -DMP_32BIT= -D__WINE_PE_BUILD \
  -fuse-ld=lld --no-default-config -fno-strict-aliasing -Wno-microsoft-enum-forward-reference \
  -ffunction-sections -ffp-exception-behavior=maytrap -gdwarf-4 -g -O2
aarch64-w64-mingw32-clang -c -o libs/tomcrypt/aarch64-windows/src/pk/dsa/dsa_import.o /Users/runner/work/WineIOS-Core/WineIOS-Core/third_party/wine/libs/tomcrypt/src/pk/dsa/dsa_import.c \
  -Ilibs/tomcrypt -I/Users/runner/work/WineIOS-Core/WineIOS-Core/third_party/wine/libs/tomcrypt \
  -Iinclude -I/Users/runner/work/WineIOS-Core/WineIOS-Core/third_party/wine/include \
  -I/Users/runner/work/WineIOS-Core/WineIOS-Core/third_party/wine/include/msvcrt \
  -I/Users/runner/work/WineIOS-Core/WineIOS-Core/third_party/wine/libs/tomcrypt/src/headers -D_UCRT \
  -DLTC_NO_PROTOTYPES -DLTC_SOURCE -D_ACRTIMP= -DLTC_NO_TEST -DMP_32BIT= -D__WINE_PE_BUILD \
  -fuse-ld=lld --no-default-config -fno-strict-aliasing -Wno-microsoft-enum-forward-reference \
  -ffunction-sections -ffp-exception-behavior=maytrap -gdwarf-4 -g -O2
aarch64-w64-mingw32-clang -c -o libs/tomcrypt/aarch64-windows/src/pk/dsa/dsa_make_key.o /Users/runner/work/WineIOS-Core/WineIOS-Core/third_party/wine/libs/tomcrypt/src/pk/dsa/dsa_make_key.c \
  -Ilibs/tomcrypt -I/Users/runner/work/WineIOS-Core/WineIOS-Core/third_party/wine/libs/tomcrypt \
  -Iinclude -I/Users/runner/work/WineIOS-Core/WineIOS-Core/third_party/wine/include \
  -I/Users/runner/work/WineIOS-Core/WineIOS-Core/third_party/wine/include/msvcrt \
  -I/Users/runner/work/WineIOS-Core/WineIOS-Core/third_party/wine/libs/tomcrypt/src/headers -D_UCRT \
  -DLTC_NO_PROTOTYPES -DLTC_SOURCE -D_ACRTIMP= -DLTC_NO_TEST -DMP_32BIT= -D__WINE_PE_BUILD \
  -fuse-ld=lld --no-default-config -fno-strict-aliasing -Wno-microsoft-enum-forward-reference \
  -ffunction-sections -ffp-exception-behavior=maytrap -gdwarf-4 -g -O2
aarch64-w64-mingw32-clang -c -o libs/tomcrypt/aarch64-windows/src/pk/dsa/dsa_set.o /Users/runner/work/WineIOS-Core/WineIOS-Core/third_party/wine/libs/tomcrypt/src/pk/dsa/dsa_set.c \
  -Ilibs/tomcrypt -I/Users/runner/work/WineIOS-Core/WineIOS-Core/third_party/wine/libs/tomcrypt \
  -Iinclude -I/Users/runner/work/WineIOS-Core/WineIOS-Core/third_party/wine/include \
  -I/Users/runner/work/WineIOS-Core/WineIOS-Core/third_party/wine/include/msvcrt \
  -I/Users/runner/work/WineIOS-Core/WineIOS-Core/third_party/wine/libs/tomcrypt/src/headers -D_UCRT \
  -DLTC_NO_PROTOTYPES -DLTC_SOURCE -D_ACRTIMP= -DLTC_NO_TEST -DMP_32BIT= -D__WINE_PE_BUILD \
  -fuse-ld=lld --no-default-config -fno-strict-aliasing -Wno-microsoft-enum-forward-reference \
  -ffunction-sections -ffp-exception-behavior=maytrap -gdwarf-4 -g -O2
aarch64-w64-mingw32-clang -c -o libs/tomcrypt/aarch64-windows/src/pk/dsa/dsa_set_pqg_dsaparam.o /Users/runner/work/WineIOS-Core/WineIOS-Core/third_party/wine/libs/tomcrypt/src/pk/dsa/dsa_set_pqg_dsaparam.c \
  -Ilibs/tomcrypt -I/Users/runner/work/WineIOS-Core/WineIOS-Core/third_party/wine/libs/tomcrypt \
  -Iinclude -I/Users/runner/work/WineIOS-Core/WineIOS-Core/third_party/wine/include \
  -I/Users/runner/work/WineIOS-Core/WineIOS-Core/third_party/wine/include/msvcrt \
  -I/Users/runner/work/WineIOS-Core/WineIOS-Core/third_party/wine/libs/tomcrypt/src/headers -D_UCRT \
  -DLTC_NO_PROTOTYPES -DLTC_SOURCE -D_ACRTIMP= -DLTC_NO_TEST -DMP_32BIT= -D__WINE_PE_BUILD \
  -fuse-ld=lld --no-default-config -fno-strict-aliasing -Wno-microsoft-enum-forward-reference \
  -ffunction-sections -ffp-exception-behavior=maytrap -gdwarf-4 -g -O2
aarch64-w64-mingw32-clang -c -o libs/tomcrypt/aarch64-windows/src/pk/dsa/dsa_shared_secret.o /Users/runner/work/WineIOS-Core/WineIOS-Core/third_party/wine/libs/tomcrypt/src/pk/dsa/dsa_shared_secret.c \
  -Ilibs/tomcrypt -I/Users/runner/work/WineIOS-Core/WineIOS-Core/third_party/wine/libs/tomcrypt \
  -Iinclude -I/Users/runner/work/WineIOS-Core/WineIOS-Core/third_party/wine/include \
  -I/Users/runner/work/WineIOS-Core/WineIOS-Core/third_party/wine/include/msvcrt \
  -I/Users/runner/work/WineIOS-Core/WineIOS-Core/third_party/wine/libs/tomcrypt/src/headers -D_UCRT \
  -DLTC_NO_PROTOTYPES -DLTC_SOURCE -D_ACRTIMP= -DLTC_NO_TEST -DMP_32BIT= -D__WINE_PE_BUILD \
  -fuse-ld=lld --no-default-config -fno-strict-aliasing -Wno-microsoft-enum-forward-reference \
  -ffunction-sections -ffp-exception-behavior=maytrap -gdwarf-4 -g -O2
aarch64-w64-mingw32-clang -c -o libs/tomcrypt/aarch64-windows/src/pk/dsa/dsa_sign_hash.o /Users/runner/work/WineIOS-Core/WineIOS-Core/third_party/wine/libs/tomcrypt/src/pk/dsa/dsa_sign_hash.c \
  -Ilibs/tomcrypt -I/Users/runner/work/WineIOS-Core/WineIOS-Core/third_party/wine/libs/tomcrypt \
  -Iinclude -I/Users/runner/work/WineIOS-Core/WineIOS-Core/third_party/wine/include \
  -I/Users/runner/work/WineIOS-Core/WineIOS-Core/third_party/wine/include/msvcrt \
  -I/Users/runner/work/WineIOS-Core/WineIOS-Core/third_party/wine/libs/tomcrypt/src/headers -D_UCRT \
  -DLTC_NO_PROTOTYPES -DLTC_SOURCE -D_ACRTIMP= -DLTC_NO_TEST -DMP_32BIT= -D__WINE_PE_BUILD \
  -fuse-ld=lld --no-default-config -fno-strict-aliasing -Wno-microsoft-enum-forward-reference \
  -ffunction-sections -ffp-exception-behavior=maytrap -gdwarf-4 -g -O2
aarch64-w64-mingw32-clang -c -o libs/tomcrypt/aarch64-windows/src/pk/dsa/dsa_verify_hash.o /Users/runner/work/WineIOS-Core/WineIOS-Core/third_party/wine/libs/tomcrypt/src/pk/dsa/dsa_verify_hash.c \
  -Ilibs/tomcrypt -I/Users/runner/work/WineIOS-Core/WineIOS-Core/third_party/wine/libs/tomcrypt \
  -Iinclude -I/Users/runner/work/WineIOS-Core/WineIOS-Core/third_party/wine/include \
  -I/Users/runner/work/WineIOS-Core/WineIOS-Core/third_party/wine/include/msvcrt \
  -I/Users/runner/work/WineIOS-Core/WineIOS-Core/third_party/wine/libs/tomcrypt/src/headers -D_UCRT \
  -DLTC_NO_PROTOTYPES -DLTC_SOURCE -D_ACRTIMP= -DLTC_NO_TEST -DMP_32BIT= -D__WINE_PE_BUILD \
  -fuse-ld=lld --no-default-config -fno-strict-aliasing -Wno-microsoft-enum-forward-reference \
  -ffunction-sections -ffp-exception-behavior=maytrap -gdwarf-4 -g -O2
aarch64-w64-mingw32-clang -c -o libs/tomcrypt/aarch64-windows/src/pk/dsa/dsa_verify_key.o /Users/runner/work/WineIOS-Core/WineIOS-Core/third_party/wine/libs/tomcrypt/src/pk/dsa/dsa_verify_key.c \
  -Ilibs/tomcrypt -I/Users/runner/work/WineIOS-Core/WineIOS-Core/third_party/wine/libs/tomcrypt \
  -Iinclude -I/Users/runner/work/WineIOS-Core/WineIOS-Core/third_party/wine/include \
  -I/Users/runner/work/WineIOS-Core/WineIOS-Core/third_party/wine/include/msvcrt \
  -I/Users/runner/work/WineIOS-Core/WineIOS-Core/third_party/wine/libs/tomcrypt/src/headers -D_UCRT \
  -DLTC_NO_PROTOTYPES -DLTC_SOURCE -D_ACRTIMP= -DLTC_NO_TEST -DMP_32BIT= -D__WINE_PE_BUILD \
  -fuse-ld=lld --no-default-config -fno-strict-aliasing -Wno-microsoft-enum-forward-reference \
  -ffunction-sections -ffp-exception-behavior=maytrap -gdwarf-4 -g -O2
aarch64-w64-mingw32-clang -c -o libs/tomcrypt/aarch64-windows/src/pk/ecc/ecc.o /Users/runner/work/WineIOS-Core/WineIOS-Core/third_party/wine/libs/tomcrypt/src/pk/ecc/ecc.c \
  -Ilibs/tomcrypt -I/Users/runner/work/WineIOS-Core/WineIOS-Core/third_party/wine/libs/tomcrypt \
  -Iinclude -I/Users/runner/work/WineIOS-Core/WineIOS-Core/third_party/wine/include \
  -I/Users/runner/work/WineIOS-Core/WineIOS-Core/third_party/wine/include/msvcrt \
  -I/Users/runner/work/WineIOS-Core/WineIOS-Core/third_party/wine/libs/tomcrypt/src/headers -D_UCRT \
  -DLTC_NO_PROTOTYPES -DLTC_SOURCE -D_ACRTIMP= -DLTC_NO_TEST -DMP_32BIT= -D__WINE_PE_BUILD \
  -fuse-ld=lld --no-default-config -fno-strict-aliasing -Wno-microsoft-enum-forward-reference \
  -ffunction-sections -ffp-exception-behavior=maytrap -gdwarf-4 -g -O2
aarch64-w64-mingw32-clang -c -o libs/tomcrypt/aarch64-windows/src/pk/ecc/ecc_ansi_x963_export.o /Users/runner/work/WineIOS-Core/WineIOS-Core/third_party/wine/libs/tomcrypt/src/pk/ecc/ecc_ansi_x963_export.c \
  -Ilibs/tomcrypt -I/Users/runner/work/WineIOS-Core/WineIOS-Core/third_party/wine/libs/tomcrypt \
  -Iinclude -I/Users/runner/work/WineIOS-Core/WineIOS-Core/third_party/wine/include \
  -I/Users/runner/work/WineIOS-Core/WineIOS-Core/third_party/wine/include/msvcrt \
  -I/Users/runner/work/WineIOS-Core/WineIOS-Core/third_party/wine/libs/tomcrypt/src/headers -D_UCRT \
  -DLTC_NO_PROTOTYPES -DLTC_SOURCE -D_ACRTIMP= -DLTC_NO_TEST -DMP_32BIT= -D__WINE_PE_BUILD \
  -fuse-ld=lld --no-default-config -fno-strict-aliasing -Wno-microsoft-enum-forward-reference \
  -ffunction-sections -ffp-exception-behavior=maytrap -gdwarf-4 -g -O2
aarch64-w64-mingw32-clang -c -o libs/tomcrypt/aarch64-windows/src/pk/ecc/ecc_ansi_x963_import.o /Users/runner/work/WineIOS-Core/WineIOS-Core/third_party/wine/libs/tomcrypt/src/pk/ecc/ecc_ansi_x963_import.c \
  -Ilibs/tomcrypt -I/Users/runner/work/WineIOS-Core/WineIOS-Core/third_party/wine/libs/tomcrypt \
  -Iinclude -I/Users/runner/work/WineIOS-Core/WineIOS-Core/third_party/wine/include \
  -I/Users/runner/work/WineIOS-Core/WineIOS-Core/third_party/wine/include/msvcrt \
  -I/Users/runner/work/WineIOS-Core/WineIOS-Core/third_party/wine/libs/tomcrypt/src/headers -D_UCRT \
  -DLTC_NO_PROTOTYPES -DLTC_SOURCE -D_ACRTIMP= -DLTC_NO_TEST -DMP_32BIT= -D__WINE_PE_BUILD \
  -fuse-ld=lld --no-default-config -fno-strict-aliasing -Wno-microsoft-enum-forward-reference \
  -ffunction-sections -ffp-exception-behavior=maytrap -gdwarf-4 -g -O2
aarch64-w64-mingw32-clang -c -o libs/tomcrypt/aarch64-windows/src/pk/ecc/ecc_decrypt_key.o /Users/runner/work/WineIOS-Core/WineIOS-Core/third_party/wine/libs/tomcrypt/src/pk/ecc/ecc_decrypt_key.c \
  -Ilibs/tomcrypt -I/Users/runner/work/WineIOS-Core/WineIOS-Core/third_party/wine/libs/tomcrypt \
  -Iinclude -I/Users/runner/work/WineIOS-Core/WineIOS-Core/third_party/wine/include \
  -I/Users/runner/work/WineIOS-Core/WineIOS-Core/third_party/wine/include/msvcrt \
  -I/Users/runner/work/WineIOS-Core/WineIOS-Core/third_party/wine/libs/tomcrypt/src/headers -D_UCRT \
  -DLTC_NO_PROTOTYPES -DLTC_SOURCE -D_ACRTIMP= -DLTC_NO_TEST -DMP_32BIT= -D__WINE_PE_BUILD \
  -fuse-ld=lld --no-default-config -fno-strict-aliasing -Wno-microsoft-enum-forward-reference \
  -ffunction-sections -ffp-exception-behavior=maytrap -gdwarf-4 -g -O2
aarch64-w64-mingw32-clang -c -o libs/tomcrypt/aarch64-windows/src/pk/ecc/ecc_encrypt_key.o /Users/runner/work/WineIOS-Core/WineIOS-Core/third_party/wine/libs/tomcrypt/src/pk/ecc/ecc_encrypt_key.c \
  -Ilibs/tomcrypt -I/Users/runner/work/WineIOS-Core/WineIOS-Core/third_party/wine/libs/tomcrypt \
  -Iinclude -I/Users/runner/work/WineIOS-Core/WineIOS-Core/third_party/wine/include \
  -I/Users/runner/work/WineIOS-Core/WineIOS-Core/third_party/wine/include/msvcrt \
  -I/Users/runner/work/WineIOS-Core/WineIOS-Core/third_party/wine/libs/tomcrypt/src/headers -D_UCRT \
  -DLTC_NO_PROTOTYPES -DLTC_SOURCE -D_ACRTIMP= -DLTC_NO_TEST -DMP_32BIT= -D__WINE_PE_BUILD \
  -fuse-ld=lld --no-default-config -fno-strict-aliasing -Wno-microsoft-enum-forward-reference \
  -ffunction-sections -ffp-exception-behavior=maytrap -gdwarf-4 -g -O2
aarch64-w64-mingw32-clang -c -o libs/tomcrypt/aarch64-windows/src/pk/ecc/ecc_export.o /Users/runner/work/WineIOS-Core/WineIOS-Core/third_party/wine/libs/tomcrypt/src/pk/ecc/ecc_export.c \
  -Ilibs/tomcrypt -I/Users/runner/work/WineIOS-Core/WineIOS-Core/third_party/wine/libs/tomcrypt \
  -Iinclude -I/Users/runner/work/WineIOS-Core/WineIOS-Core/third_party/wine/include \
  -I/Users/runner/work/WineIOS-Core/WineIOS-Core/third_party/wine/include/msvcrt \
  -I/Users/runner/work/WineIOS-Core/WineIOS-Core/third_party/wine/libs/tomcrypt/src/headers -D_UCRT \
  -DLTC_NO_PROTOTYPES -DLTC_SOURCE -D_ACRTIMP= -DLTC_NO_TEST -DMP_32BIT= -D__WINE_PE_BUILD \
  -fuse-ld=lld --no-default-config -fno-strict-aliasing -Wno-microsoft-enum-forward-reference \
  -ffunction-sections -ffp-exception-behavior=maytrap -gdwarf-4 -g -O2
aarch64-w64-mingw32-clang -c -o libs/tomcrypt/aarch64-windows/src/pk/ecc/ecc_free.o /Users/runner/work/WineIOS-Core/WineIOS-Core/third_party/wine/libs/tomcrypt/src/pk/ecc/ecc_free.c \
  -Ilibs/tomcrypt -I/Users/runner/work/WineIOS-Core/WineIOS-Core/third_party/wine/libs/tomcrypt \
  -Iinclude -I/Users/runner/work/WineIOS-Core/WineIOS-Core/third_party/wine/include \
  -I/Users/runner/work/WineIOS-Core/WineIOS-Core/third_party/wine/include/msvcrt \
  -I/Users/runner/work/WineIOS-Core/WineIOS-Core/third_party/wine/libs/tomcrypt/src/headers -D_UCRT \
  -DLTC_NO_PROTOTYPES -DLTC_SOURCE -D_ACRTIMP= -DLTC_NO_TEST -DMP_32BIT= -D__WINE_PE_BUILD \
  -fuse-ld=lld --no-default-config -fno-strict-aliasing -Wno-microsoft-enum-forward-reference \
  -ffunction-sections -ffp-exception-behavior=maytrap -gdwarf-4 -g -O2
aarch64-w64-mingw32-clang -c -o libs/tomcrypt/aarch64-windows/src/pk/ecc/ecc_get_size.o /Users/runner/work/WineIOS-Core/WineIOS-Core/third_party/wine/libs/tomcrypt/src/pk/ecc/ecc_get_size.c \
  -Ilibs/tomcrypt -I/Users/runner/work/WineIOS-Core/WineIOS-Core/third_party/wine/libs/tomcrypt \
  -Iinclude -I/Users/runner/work/WineIOS-Core/WineIOS-Core/third_party/wine/include \
  -I/Users/runner/work/WineIOS-Core/WineIOS-Core/third_party/wine/include/msvcrt \
  -I/Users/runner/work/WineIOS-Core/WineIOS-Core/third_party/wine/libs/tomcrypt/src/headers -D_UCRT \
  -DLTC_NO_PROTOTYPES -DLTC_SOURCE -D_ACRTIMP= -DLTC_NO_TEST -DMP_32BIT= -D__WINE_PE_BUILD \
  -fuse-ld=lld --no-default-config -fno-strict-aliasing -Wno-microsoft-enum-forward-reference \
  -ffunction-sections -ffp-exception-behavior=maytrap -gdwarf-4 -g -O2
aarch64-w64-mingw32-clang -c -o libs/tomcrypt/aarch64-windows/src/pk/ecc/ecc_import.o /Users/runner/work/WineIOS-Core/WineIOS-Core/third_party/wine/libs/tomcrypt/src/pk/ecc/ecc_import.c \
  -Ilibs/tomcrypt -I/Users/runner/work/WineIOS-Core/WineIOS-Core/third_party/wine/libs/tomcrypt \
  -Iinclude -I/Users/runner/work/WineIOS-Core/WineIOS-Core/third_party/wine/include \
  -I/Users/runner/work/WineIOS-Core/WineIOS-Core/third_party/wine/include/msvcrt \
  -I/Users/runner/work/WineIOS-Core/WineIOS-Core/third_party/wine/libs/tomcrypt/src/headers -D_UCRT \
  -DLTC_NO_PROTOTYPES -DLTC_SOURCE -D_ACRTIMP= -DLTC_NO_TEST -DMP_32BIT= -D__WINE_PE_BUILD \
  -fuse-ld=lld --no-default-config -fno-strict-aliasing -Wno-microsoft-enum-forward-reference \
  -ffunction-sections -ffp-exception-behavior=maytrap -gdwarf-4 -g -O2
aarch64-w64-mingw32-clang -c -o libs/tomcrypt/aarch64-windows/src/pk/ecc/ecc_make_key.o /Users/runner/work/WineIOS-Core/WineIOS-Core/third_party/wine/libs/tomcrypt/src/pk/ecc/ecc_make_key.c \
  -Ilibs/tomcrypt -I/Users/runner/work/WineIOS-Core/WineIOS-Core/third_party/wine/libs/tomcrypt \
  -Iinclude -I/Users/runner/work/WineIOS-Core/WineIOS-Core/third_party/wine/include \
  -I/Users/runner/work/WineIOS-Core/WineIOS-Core/third_party/wine/include/msvcrt \
  -I/Users/runner/work/WineIOS-Core/WineIOS-Core/third_party/wine/libs/tomcrypt/src/headers -D_UCRT \
  -DLTC_NO_PROTOTYPES -DLTC_SOURCE -D_ACRTIMP= -DLTC_NO_TEST -DMP_32BIT= -D__WINE_PE_BUILD \
  -fuse-ld=lld --no-default-config -fno-strict-aliasing -Wno-microsoft-enum-forward-reference \
  -ffunction-sections -ffp-exception-behavior=maytrap -gdwarf-4 -g -O2
aarch64-w64-mingw32-clang -c -o libs/tomcrypt/aarch64-windows/src/pk/ecc/ecc_shared_secret.o /Users/runner/work/WineIOS-Core/WineIOS-Core/third_party/wine/libs/tomcrypt/src/pk/ecc/ecc_shared_secret.c \
  -Ilibs/tomcrypt -I/Users/runner/work/WineIOS-Core/WineIOS-Core/third_party/wine/libs/tomcrypt \
  -Iinclude -I/Users/runner/work/WineIOS-Core/WineIOS-Core/third_party/wine/include \
  -I/Users/runner/work/WineIOS-Core/WineIOS-Core/third_party/wine/include/msvcrt \
  -I/Users/runner/work/WineIOS-Core/WineIOS-Core/third_party/wine/libs/tomcrypt/src/headers -D_UCRT \
  -DLTC_NO_PROTOTYPES -DLTC_SOURCE -D_ACRTIMP= -DLTC_NO_TEST -DMP_32BIT= -D__WINE_PE_BUILD \
  -fuse-ld=lld --no-default-config -fno-strict-aliasing -Wno-microsoft-enum-forward-reference \
  -ffunction-sections -ffp-exception-behavior=maytrap -gdwarf-4 -g -O2
aarch64-w64-mingw32-clang -c -o libs/tomcrypt/aarch64-windows/src/pk/ecc/ecc_sign_hash.o /Users/runner/work/WineIOS-Core/WineIOS-Core/third_party/wine/libs/tomcrypt/src/pk/ecc/ecc_sign_hash.c \
  -Ilibs/tomcrypt -I/Users/runner/work/WineIOS-Core/WineIOS-Core/third_party/wine/libs/tomcrypt \
  -Iinclude -I/Users/runner/work/WineIOS-Core/WineIOS-Core/third_party/wine/include \
  -I/Users/runner/work/WineIOS-Core/WineIOS-Core/third_party/wine/include/msvcrt \
  -I/Users/runner/work/WineIOS-Core/WineIOS-Core/third_party/wine/libs/tomcrypt/src/headers -D_UCRT \
  -DLTC_NO_PROTOTYPES -DLTC_SOURCE -D_ACRTIMP= -DLTC_NO_TEST -DMP_32BIT= -D__WINE_PE_BUILD \
  -fuse-ld=lld --no-default-config -fno-strict-aliasing -Wno-microsoft-enum-forward-reference \
  -ffunction-sections -ffp-exception-behavior=maytrap -gdwarf-4 -g -O2
aarch64-w64-mingw32-clang -c -o libs/tomcrypt/aarch64-windows/src/pk/ecc/ecc_sizes.o /Users/runner/work/WineIOS-Core/WineIOS-Core/third_party/wine/libs/tomcrypt/src/pk/ecc/ecc_sizes.c \
  -Ilibs/tomcrypt -I/Users/runner/work/WineIOS-Core/WineIOS-Core/third_party/wine/libs/tomcrypt \
  -Iinclude -I/Users/runner/work/WineIOS-Core/WineIOS-Core/third_party/wine/include \
  -I/Users/runner/work/WineIOS-Core/WineIOS-Core/third_party/wine/include/msvcrt \
  -I/Users/runner/work/WineIOS-Core/WineIOS-Core/third_party/wine/libs/tomcrypt/src/headers -D_UCRT \
  -DLTC_NO_PROTOTYPES -DLTC_SOURCE -D_ACRTIMP= -DLTC_NO_TEST -DMP_32BIT= -D__WINE_PE_BUILD \
  -fuse-ld=lld --no-default-config -fno-strict-aliasing -Wno-microsoft-enum-forward-reference \
  -ffunction-sections -ffp-exception-behavior=maytrap -gdwarf-4 -g -O2
aarch64-w64-mingw32-clang -c -o libs/tomcrypt/aarch64-windows/src/pk/ecc/ecc_verify_hash.o /Users/runner/work/WineIOS-Core/WineIOS-Core/third_party/wine/libs/tomcrypt/src/pk/ecc/ecc_verify_hash.c \
  -Ilibs/tomcrypt -I/Users/runner/work/WineIOS-Core/WineIOS-Core/third_party/wine/libs/tomcrypt \
  -Iinclude -I/Users/runner/work/WineIOS-Core/WineIOS-Core/third_party/wine/include \
  -I/Users/runner/work/WineIOS-Core/WineIOS-Core/third_party/wine/include/msvcrt \
  -I/Users/runner/work/WineIOS-Core/WineIOS-Core/third_party/wine/libs/tomcrypt/src/headers -D_UCRT \
  -DLTC_NO_PROTOTYPES -DLTC_SOURCE -D_ACRTIMP= -DLTC_NO_TEST -DMP_32BIT= -D__WINE_PE_BUILD \
  -fuse-ld=lld --no-default-config -fno-strict-aliasing -Wno-microsoft-enum-forward-reference \
  -ffunction-sections -ffp-exception-behavior=maytrap -gdwarf-4 -g -O2
aarch64-w64-mingw32-clang -c -o libs/tomcrypt/aarch64-windows/src/pk/ecc/ltc_ecc_is_valid_idx.o /Users/runner/work/WineIOS-Core/WineIOS-Core/third_party/wine/libs/tomcrypt/src/pk/ecc/ltc_ecc_is_valid_idx.c \
  -Ilibs/tomcrypt -I/Users/runner/work/WineIOS-Core/WineIOS-Core/third_party/wine/libs/tomcrypt \
  -Iinclude -I/Users/runner/work/WineIOS-Core/WineIOS-Core/third_party/wine/include \
  -I/Users/runner/work/WineIOS-Core/WineIOS-Core/third_party/wine/include/msvcrt \
  -I/Users/runner/work/WineIOS-Core/WineIOS-Core/third_party/wine/libs/tomcrypt/src/headers -D_UCRT \
  -DLTC_NO_PROTOTYPES -DLTC_SOURCE -D_ACRTIMP= -DLTC_NO_TEST -DMP_32BIT= -D__WINE_PE_BUILD \
  -fuse-ld=lld --no-default-config -fno-strict-aliasing -Wno-microsoft-enum-forward-reference \
  -ffunction-sections -ffp-exception-behavior=maytrap -gdwarf-4 -g -O2
aarch64-w64-mingw32-clang -c -o libs/tomcrypt/aarch64-windows/src/pk/ecc/ltc_ecc_map.o /Users/runner/work/WineIOS-Core/WineIOS-Core/third_party/wine/libs/tomcrypt/src/pk/ecc/ltc_ecc_map.c \
  -Ilibs/tomcrypt -I/Users/runner/work/WineIOS-Core/WineIOS-Core/third_party/wine/libs/tomcrypt \
  -Iinclude -I/Users/runner/work/WineIOS-Core/WineIOS-Core/third_party/wine/include \
  -I/Users/runner/work/WineIOS-Core/WineIOS-Core/third_party/wine/include/msvcrt \
  -I/Users/runner/work/WineIOS-Core/WineIOS-Core/third_party/wine/libs/tomcrypt/src/headers -D_UCRT \
  -DLTC_NO_PROTOTYPES -DLTC_SOURCE -D_ACRTIMP= -DLTC_NO_TEST -DMP_32BIT= -D__WINE_PE_BUILD \
  -fuse-ld=lld --no-default-config -fno-strict-aliasing -Wno-microsoft-enum-forward-reference \
  -ffunction-sections -ffp-exception-behavior=maytrap -gdwarf-4 -g -O2
aarch64-w64-mingw32-clang -c -o libs/tomcrypt/aarch64-windows/src/pk/ecc/ltc_ecc_mul2add.o /Users/runner/work/WineIOS-Core/WineIOS-Core/third_party/wine/libs/tomcrypt/src/pk/ecc/ltc_ecc_mul2add.c \
  -Ilibs/tomcrypt -I/Users/runner/work/WineIOS-Core/WineIOS-Core/third_party/wine/libs/tomcrypt \
  -Iinclude -I/Users/runner/work/WineIOS-Core/WineIOS-Core/third_party/wine/include \
  -I/Users/runner/work/WineIOS-Core/WineIOS-Core/third_party/wine/include/msvcrt \
  -I/Users/runner/work/WineIOS-Core/WineIOS-Core/third_party/wine/libs/tomcrypt/src/headers -D_UCRT \
  -DLTC_NO_PROTOTYPES -DLTC_SOURCE -D_ACRTIMP= -DLTC_NO_TEST -DMP_32BIT= -D__WINE_PE_BUILD \
  -fuse-ld=lld --no-default-config -fno-strict-aliasing -Wno-microsoft-enum-forward-reference \
  -ffunction-sections -ffp-exception-behavior=maytrap -gdwarf-4 -g -O2
aarch64-w64-mingw32-clang -c -o libs/tomcrypt/aarch64-windows/src/pk/ecc/ltc_ecc_mulmod.o /Users/runner/work/WineIOS-Core/WineIOS-Core/third_party/wine/libs/tomcrypt/src/pk/ecc/ltc_ecc_mulmod.c \
  -Ilibs/tomcrypt -I/Users/runner/work/WineIOS-Core/WineIOS-Core/third_party/wine/libs/tomcrypt \
  -Iinclude -I/Users/runner/work/WineIOS-Core/WineIOS-Core/third_party/wine/include \
  -I/Users/runner/work/WineIOS-Core/WineIOS-Core/third_party/wine/include/msvcrt \
  -I/Users/runner/work/WineIOS-Core/WineIOS-Core/third_party/wine/libs/tomcrypt/src/headers -D_UCRT \
  -DLTC_NO_PROTOTYPES -DLTC_SOURCE -D_ACRTIMP= -DLTC_NO_TEST -DMP_32BIT= -D__WINE_PE_BUILD \
  -fuse-ld=lld --no-default-config -fno-strict-aliasing -Wno-microsoft-enum-forward-reference \
  -ffunction-sections -ffp-exception-behavior=maytrap -gdwarf-4 -g -O2
aarch64-w64-mingw32-clang -c -o libs/tomcrypt/aarch64-windows/src/pk/ecc/ltc_ecc_mulmod_timing.o /Users/runner/work/WineIOS-Core/WineIOS-Core/third_party/wine/libs/tomcrypt/src/pk/ecc/ltc_ecc_mulmod_timing.c \
  -Ilibs/tomcrypt -I/Users/runner/work/WineIOS-Core/WineIOS-Core/third_party/wine/libs/tomcrypt \
  -Iinclude -I/Users/runner/work/WineIOS-Core/WineIOS-Core/third_party/wine/include \
  -I/Users/runner/work/WineIOS-Core/WineIOS-Core/third_party/wine/include/msvcrt \
  -I/Users/runner/work/WineIOS-Core/WineIOS-Core/third_party/wine/libs/tomcrypt/src/headers -D_UCRT \
  -DLTC_NO_PROTOTYPES -DLTC_SOURCE -D_ACRTIMP= -DLTC_NO_TEST -DMP_32BIT= -D__WINE_PE_BUILD \
  -fuse-ld=lld --no-default-config -fno-strict-aliasing -Wno-microsoft-enum-forward-reference \
  -ffunction-sections -ffp-exception-behavior=maytrap -gdwarf-4 -g -O2
aarch64-w64-mingw32-clang -c -o libs/tomcrypt/aarch64-windows/src/pk/ecc/ltc_ecc_points.o /Users/runner/work/WineIOS-Core/WineIOS-Core/third_party/wine/libs/tomcrypt/src/pk/ecc/ltc_ecc_points.c \
  -Ilibs/tomcrypt -I/Users/runner/work/WineIOS-Core/WineIOS-Core/third_party/wine/libs/tomcrypt \
  -Iinclude -I/Users/runner/work/WineIOS-Core/WineIOS-Core/third_party/wine/include \
  -I/Users/runner/work/WineIOS-Core/WineIOS-Core/third_party/wine/include/msvcrt \
  -I/Users/runner/work/WineIOS-Core/WineIOS-Core/third_party/wine/libs/tomcrypt/src/headers -D_UCRT \
  -DLTC_NO_PROTOTYPES -DLTC_SOURCE -D_ACRTIMP= -DLTC_NO_TEST -DMP_32BIT= -D__WINE_PE_BUILD \
  -fuse-ld=lld --no-default-config -fno-strict-aliasing -Wno-microsoft-enum-forward-reference \
  -ffunction-sections -ffp-exception-behavior=maytrap -gdwarf-4 -g -O2
aarch64-w64-mingw32-clang -c -o libs/tomcrypt/aarch64-windows/src/pk/ecc/ltc_ecc_projective_add_point.o /Users/runner/work/WineIOS-Core/WineIOS-Core/third_party/wine/libs/tomcrypt/src/pk/ecc/ltc_ecc_projective_add_point.c \
  -Ilibs/tomcrypt -I/Users/runner/work/WineIOS-Core/WineIOS-Core/third_party/wine/libs/tomcrypt \
  -Iinclude -I/Users/runner/work/WineIOS-Core/WineIOS-Core/third_party/wine/include \
  -I/Users/runner/work/WineIOS-Core/WineIOS-Core/third_party/wine/include/msvcrt \
  -I/Users/runner/work/WineIOS-Core/WineIOS-Core/third_party/wine/libs/tomcrypt/src/headers -D_UCRT \
  -DLTC_NO_PROTOTYPES -DLTC_SOURCE -D_ACRTIMP= -DLTC_NO_TEST -DMP_32BIT= -D__WINE_PE_BUILD \
  -fuse-ld=lld --no-default-config -fno-strict-aliasing -Wno-microsoft-enum-forward-reference \
  -ffunction-sections -ffp-exception-behavior=maytrap -gdwarf-4 -g -O2
aarch64-w64-mingw32-clang -c -o libs/tomcrypt/aarch64-windows/src/pk/ecc/ltc_ecc_projective_dbl_point.o /Users/runner/work/WineIOS-Core/WineIOS-Core/third_party/wine/libs/tomcrypt/src/pk/ecc/ltc_ecc_projective_dbl_point.c \
  -Ilibs/tomcrypt -I/Users/runner/work/WineIOS-Core/WineIOS-Core/third_party/wine/libs/tomcrypt \
  -Iinclude -I/Users/runner/work/WineIOS-Core/WineIOS-Core/third_party/wine/include \
  -I/Users/runner/work/WineIOS-Core/WineIOS-Core/third_party/wine/include/msvcrt \
  -I/Users/runner/work/WineIOS-Core/WineIOS-Core/third_party/wine/libs/tomcrypt/src/headers -D_UCRT \
  -DLTC_NO_PROTOTYPES -DLTC_SOURCE -D_ACRTIMP= -DLTC_NO_TEST -DMP_32BIT= -D__WINE_PE_BUILD \
  -fuse-ld=lld --no-default-config -fno-strict-aliasing -Wno-microsoft-enum-forward-reference \
  -ffunction-sections -ffp-exception-behavior=maytrap -gdwarf-4 -g -O2
aarch64-w64-mingw32-clang -c -o libs/tomcrypt/aarch64-windows/src/pk/pkcs1/pkcs_1_i2osp.o /Users/runner/work/WineIOS-Core/WineIOS-Core/third_party/wine/libs/tomcrypt/src/pk/pkcs1/pkcs_1_i2osp.c \
  -Ilibs/tomcrypt -I/Users/runner/work/WineIOS-Core/WineIOS-Core/third_party/wine/libs/tomcrypt \
  -Iinclude -I/Users/runner/work/WineIOS-Core/WineIOS-Core/third_party/wine/include \
  -I/Users/runner/work/WineIOS-Core/WineIOS-Core/third_party/wine/include/msvcrt \
  -I/Users/runner/work/WineIOS-Core/WineIOS-Core/third_party/wine/libs/tomcrypt/src/headers -D_UCRT \
  -DLTC_NO_PROTOTYPES -DLTC_SOURCE -D_ACRTIMP= -DLTC_NO_TEST -DMP_32BIT= -D__WINE_PE_BUILD \
  -fuse-ld=lld --no-default-config -fno-strict-aliasing -Wno-microsoft-enum-forward-reference \
  -ffunction-sections -ffp-exception-behavior=maytrap -gdwarf-4 -g -O2
aarch64-w64-mingw32-clang -c -o libs/tomcrypt/aarch64-windows/src/pk/pkcs1/pkcs_1_mgf1.o /Users/runner/work/WineIOS-Core/WineIOS-Core/third_party/wine/libs/tomcrypt/src/pk/pkcs1/pkcs_1_mgf1.c \
  -Ilibs/tomcrypt -I/Users/runner/work/WineIOS-Core/WineIOS-Core/third_party/wine/libs/tomcrypt \
  -Iinclude -I/Users/runner/work/WineIOS-Core/WineIOS-Core/third_party/wine/include \
  -I/Users/runner/work/WineIOS-Core/WineIOS-Core/third_party/wine/include/msvcrt \
  -I/Users/runner/work/WineIOS-Core/WineIOS-Core/third_party/wine/libs/tomcrypt/src/headers -D_UCRT \
  -DLTC_NO_PROTOTYPES -DLTC_SOURCE -D_ACRTIMP= -DLTC_NO_TEST -DMP_32BIT= -D__WINE_PE_BUILD \
  -fuse-ld=lld --no-default-config -fno-strict-aliasing -Wno-microsoft-enum-forward-reference \
  -ffunction-sections -ffp-exception-behavior=maytrap -gdwarf-4 -g -O2
aarch64-w64-mingw32-clang -c -o libs/tomcrypt/aarch64-windows/src/pk/pkcs1/pkcs_1_oaep_decode.o /Users/runner/work/WineIOS-Core/WineIOS-Core/third_party/wine/libs/tomcrypt/src/pk/pkcs1/pkcs_1_oaep_decode.c \
  -Ilibs/tomcrypt -I/Users/runner/work/WineIOS-Core/WineIOS-Core/third_party/wine/libs/tomcrypt \
  -Iinclude -I/Users/runner/work/WineIOS-Core/WineIOS-Core/third_party/wine/include \
  -I/Users/runner/work/WineIOS-Core/WineIOS-Core/third_party/wine/include/msvcrt \
  -I/Users/runner/work/WineIOS-Core/WineIOS-Core/third_party/wine/libs/tomcrypt/src/headers -D_UCRT \
  -DLTC_NO_PROTOTYPES -DLTC_SOURCE -D_ACRTIMP= -DLTC_NO_TEST -DMP_32BIT= -D__WINE_PE_BUILD \
  -fuse-ld=lld --no-default-config -fno-strict-aliasing -Wno-microsoft-enum-forward-reference \
  -ffunction-sections -ffp-exception-behavior=maytrap -gdwarf-4 -g -O2
aarch64-w64-mingw32-clang -c -o libs/tomcrypt/aarch64-windows/src/pk/pkcs1/pkcs_1_oaep_encode.o /Users/runner/work/WineIOS-Core/WineIOS-Core/third_party/wine/libs/tomcrypt/src/pk/pkcs1/pkcs_1_oaep_encode.c \
  -Ilibs/tomcrypt -I/Users/runner/work/WineIOS-Core/WineIOS-Core/third_party/wine/libs/tomcrypt \
  -Iinclude -I/Users/runner/work/WineIOS-Core/WineIOS-Core/third_party/wine/include \
  -I/Users/runner/work/WineIOS-Core/WineIOS-Core/third_party/wine/include/msvcrt \
  -I/Users/runner/work/WineIOS-Core/WineIOS-Core/third_party/wine/libs/tomcrypt/src/headers -D_UCRT \
  -DLTC_NO_PROTOTYPES -DLTC_SOURCE -D_ACRTIMP= -DLTC_NO_TEST -DMP_32BIT= -D__WINE_PE_BUILD \
  -fuse-ld=lld --no-default-config -fno-strict-aliasing -Wno-microsoft-enum-forward-reference \
  -ffunction-sections -ffp-exception-behavior=maytrap -gdwarf-4 -g -O2
aarch64-w64-mingw32-clang -c -o libs/tomcrypt/aarch64-windows/src/pk/pkcs1/pkcs_1_os2ip.o /Users/runner/work/WineIOS-Core/WineIOS-Core/third_party/wine/libs/tomcrypt/src/pk/pkcs1/pkcs_1_os2ip.c \
  -Ilibs/tomcrypt -I/Users/runner/work/WineIOS-Core/WineIOS-Core/third_party/wine/libs/tomcrypt \
  -Iinclude -I/Users/runner/work/WineIOS-Core/WineIOS-Core/third_party/wine/include \
  -I/Users/runner/work/WineIOS-Core/WineIOS-Core/third_party/wine/include/msvcrt \
  -I/Users/runner/work/WineIOS-Core/WineIOS-Core/third_party/wine/libs/tomcrypt/src/headers -D_UCRT \
  -DLTC_NO_PROTOTYPES -DLTC_SOURCE -D_ACRTIMP= -DLTC_NO_TEST -DMP_32BIT= -D__WINE_PE_BUILD \
  -fuse-ld=lld --no-default-config -fno-strict-aliasing -Wno-microsoft-enum-forward-reference \
  -ffunction-sections -ffp-exception-behavior=maytrap -gdwarf-4 -g -O2
aarch64-w64-mingw32-clang -c -o libs/tomcrypt/aarch64-windows/src/pk/pkcs1/pkcs_1_pss_decode.o /Users/runner/work/WineIOS-Core/WineIOS-Core/third_party/wine/libs/tomcrypt/src/pk/pkcs1/pkcs_1_pss_decode.c \
  -Ilibs/tomcrypt -I/Users/runner/work/WineIOS-Core/WineIOS-Core/third_party/wine/libs/tomcrypt \
  -Iinclude -I/Users/runner/work/WineIOS-Core/WineIOS-Core/third_party/wine/include \
  -I/Users/runner/work/WineIOS-Core/WineIOS-Core/third_party/wine/include/msvcrt \
  -I/Users/runner/work/WineIOS-Core/WineIOS-Core/third_party/wine/libs/tomcrypt/src/headers -D_UCRT \
  -DLTC_NO_PROTOTYPES -DLTC_SOURCE -D_ACRTIMP= -DLTC_NO_TEST -DMP_32BIT= -D__WINE_PE_BUILD \
  -fuse-ld=lld --no-default-config -fno-strict-aliasing -Wno-microsoft-enum-forward-reference \
  -ffunction-sections -ffp-exception-behavior=maytrap -gdwarf-4 -g -O2
aarch64-w64-mingw32-clang -c -o libs/tomcrypt/aarch64-windows/src/pk/pkcs1/pkcs_1_pss_encode.o /Users/runner/work/WineIOS-Core/WineIOS-Core/third_party/wine/libs/tomcrypt/src/pk/pkcs1/pkcs_1_pss_encode.c \
  -Ilibs/tomcrypt -I/Users/runner/work/WineIOS-Core/WineIOS-Core/third_party/wine/libs/tomcrypt \
  -Iinclude -I/Users/runner/work/WineIOS-Core/WineIOS-Core/third_party/wine/include \
  -I/Users/runner/work/WineIOS-Core/WineIOS-Core/third_party/wine/include/msvcrt \
  -I/Users/runner/work/WineIOS-Core/WineIOS-Core/third_party/wine/libs/tomcrypt/src/headers -D_UCRT \
  -DLTC_NO_PROTOTYPES -DLTC_SOURCE -D_ACRTIMP= -DLTC_NO_TEST -DMP_32BIT= -D__WINE_PE_BUILD \
  -fuse-ld=lld --no-default-config -fno-strict-aliasing -Wno-microsoft-enum-forward-reference \
  -ffunction-sections -ffp-exception-behavior=maytrap -gdwarf-4 -g -O2
aarch64-w64-mingw32-clang -c -o libs/tomcrypt/aarch64-windows/src/pk/pkcs1/pkcs_1_v1_5_decode.o /Users/runner/work/WineIOS-Core/WineIOS-Core/third_party/wine/libs/tomcrypt/src/pk/pkcs1/pkcs_1_v1_5_decode.c \
  -Ilibs/tomcrypt -I/Users/runner/work/WineIOS-Core/WineIOS-Core/third_party/wine/libs/tomcrypt \
  -Iinclude -I/Users/runner/work/WineIOS-Core/WineIOS-Core/third_party/wine/include \
  -I/Users/runner/work/WineIOS-Core/WineIOS-Core/third_party/wine/include/msvcrt \
  -I/Users/runner/work/WineIOS-Core/WineIOS-Core/third_party/wine/libs/tomcrypt/src/headers -D_UCRT \
  -DLTC_NO_PROTOTYPES -DLTC_SOURCE -D_ACRTIMP= -DLTC_NO_TEST -DMP_32BIT= -D__WINE_PE_BUILD \
  -fuse-ld=lld --no-default-config -fno-strict-aliasing -Wno-microsoft-enum-forward-reference \
  -ffunction-sections -ffp-exception-behavior=maytrap -gdwarf-4 -g -O2
aarch64-w64-mingw32-clang -c -o libs/tomcrypt/aarch64-windows/src/pk/pkcs1/pkcs_1_v1_5_encode.o /Users/runner/work/WineIOS-Core/WineIOS-Core/third_party/wine/libs/tomcrypt/src/pk/pkcs1/pkcs_1_v1_5_encode.c \
  -Ilibs/tomcrypt -I/Users/runner/work/WineIOS-Core/WineIOS-Core/third_party/wine/libs/tomcrypt \
  -Iinclude -I/Users/runner/work/WineIOS-Core/WineIOS-Core/third_party/wine/include \
  -I/Users/runner/work/WineIOS-Core/WineIOS-Core/third_party/wine/include/msvcrt \
  -I/Users/runner/work/WineIOS-Core/WineIOS-Core/third_party/wine/libs/tomcrypt/src/headers -D_UCRT \
  -DLTC_NO_PROTOTYPES -DLTC_SOURCE -D_ACRTIMP= -DLTC_NO_TEST -DMP_32BIT= -D__WINE_PE_BUILD \
  -fuse-ld=lld --no-default-config -fno-strict-aliasing -Wno-microsoft-enum-forward-reference \
  -ffunction-sections -ffp-exception-behavior=maytrap -gdwarf-4 -g -O2
aarch64-w64-mingw32-clang -c -o libs/tomcrypt/aarch64-windows/src/pk/rsa/rsa_decrypt_key.o /Users/runner/work/WineIOS-Core/WineIOS-Core/third_party/wine/libs/tomcrypt/src/pk/rsa/rsa_decrypt_key.c \
  -Ilibs/tomcrypt -I/Users/runner/work/WineIOS-Core/WineIOS-Core/third_party/wine/libs/tomcrypt \
  -Iinclude -I/Users/runner/work/WineIOS-Core/WineIOS-Core/third_party/wine/include \
  -I/Users/runner/work/WineIOS-Core/WineIOS-Core/third_party/wine/include/msvcrt \
  -I/Users/runner/work/WineIOS-Core/WineIOS-Core/third_party/wine/libs/tomcrypt/src/headers -D_UCRT \
  -DLTC_NO_PROTOTYPES -DLTC_SOURCE -D_ACRTIMP= -DLTC_NO_TEST -DMP_32BIT= -D__WINE_PE_BUILD \
  -fuse-ld=lld --no-default-config -fno-strict-aliasing -Wno-microsoft-enum-forward-reference \
  -ffunction-sections -ffp-exception-behavior=maytrap -gdwarf-4 -g -O2
aarch64-w64-mingw32-clang -c -o libs/tomcrypt/aarch64-windows/src/pk/rsa/rsa_encrypt_key.o /Users/runner/work/WineIOS-Core/WineIOS-Core/third_party/wine/libs/tomcrypt/src/pk/rsa/rsa_encrypt_key.c \
  -Ilibs/tomcrypt -I/Users/runner/work/WineIOS-Core/WineIOS-Core/third_party/wine/libs/tomcrypt \
  -Iinclude -I/Users/runner/work/WineIOS-Core/WineIOS-Core/third_party/wine/include \
  -I/Users/runner/work/WineIOS-Core/WineIOS-Core/third_party/wine/include/msvcrt \
  -I/Users/runner/work/WineIOS-Core/WineIOS-Core/third_party/wine/libs/tomcrypt/src/headers -D_UCRT \
  -DLTC_NO_PROTOTYPES -DLTC_SOURCE -D_ACRTIMP= -DLTC_NO_TEST -DMP_32BIT= -D__WINE_PE_BUILD \
  -fuse-ld=lld --no-default-config -fno-strict-aliasing -Wno-microsoft-enum-forward-reference \
  -ffunction-sections -ffp-exception-behavior=maytrap -gdwarf-4 -g -O2
aarch64-w64-mingw32-clang -c -o libs/tomcrypt/aarch64-windows/src/pk/rsa/rsa_export.o /Users/runner/work/WineIOS-Core/WineIOS-Core/third_party/wine/libs/tomcrypt/src/pk/rsa/rsa_export.c \
  -Ilibs/tomcrypt -I/Users/runner/work/WineIOS-Core/WineIOS-Core/third_party/wine/libs/tomcrypt \
  -Iinclude -I/Users/runner/work/WineIOS-Core/WineIOS-Core/third_party/wine/include \
  -I/Users/runner/work/WineIOS-Core/WineIOS-Core/third_party/wine/include/msvcrt \
  -I/Users/runner/work/WineIOS-Core/WineIOS-Core/third_party/wine/libs/tomcrypt/src/headers -D_UCRT \
  -DLTC_NO_PROTOTYPES -DLTC_SOURCE -D_ACRTIMP= -DLTC_NO_TEST -DMP_32BIT= -D__WINE_PE_BUILD \
  -fuse-ld=lld --no-default-config -fno-strict-aliasing -Wno-microsoft-enum-forward-reference \
  -ffunction-sections -ffp-exception-behavior=maytrap -gdwarf-4 -g -O2
aarch64-w64-mingw32-clang -c -o libs/tomcrypt/aarch64-windows/src/pk/rsa/rsa_exptmod.o /Users/runner/work/WineIOS-Core/WineIOS-Core/third_party/wine/libs/tomcrypt/src/pk/rsa/rsa_exptmod.c \
  -Ilibs/tomcrypt -I/Users/runner/work/WineIOS-Core/WineIOS-Core/third_party/wine/libs/tomcrypt \
  -Iinclude -I/Users/runner/work/WineIOS-Core/WineIOS-Core/third_party/wine/include \
  -I/Users/runner/work/WineIOS-Core/WineIOS-Core/third_party/wine/include/msvcrt \
  -I/Users/runner/work/WineIOS-Core/WineIOS-Core/third_party/wine/libs/tomcrypt/src/headers -D_UCRT \
  -DLTC_NO_PROTOTYPES -DLTC_SOURCE -D_ACRTIMP= -DLTC_NO_TEST -DMP_32BIT= -D__WINE_PE_BUILD \
  -fuse-ld=lld --no-default-config -fno-strict-aliasing -Wno-microsoft-enum-forward-reference \
  -ffunction-sections -ffp-exception-behavior=maytrap -gdwarf-4 -g -O2
aarch64-w64-mingw32-clang -c -o libs/tomcrypt/aarch64-windows/src/pk/rsa/rsa_free.o /Users/runner/work/WineIOS-Core/WineIOS-Core/third_party/wine/libs/tomcrypt/src/pk/rsa/rsa_free.c \
  -Ilibs/tomcrypt -I/Users/runner/work/WineIOS-Core/WineIOS-Core/third_party/wine/libs/tomcrypt \
  -Iinclude -I/Users/runner/work/WineIOS-Core/WineIOS-Core/third_party/wine/include \
  -I/Users/runner/work/WineIOS-Core/WineIOS-Core/third_party/wine/include/msvcrt \
  -I/Users/runner/work/WineIOS-Core/WineIOS-Core/third_party/wine/libs/tomcrypt/src/headers -D_UCRT \
  -DLTC_NO_PROTOTYPES -DLTC_SOURCE -D_ACRTIMP= -DLTC_NO_TEST -DMP_32BIT= -D__WINE_PE_BUILD \
  -fuse-ld=lld --no-default-config -fno-strict-aliasing -Wno-microsoft-enum-forward-reference \
  -ffunction-sections -ffp-exception-behavior=maytrap -gdwarf-4 -g -O2
aarch64-w64-mingw32-clang -c -o libs/tomcrypt/aarch64-windows/src/pk/rsa/rsa_get_size.o /Users/runner/work/WineIOS-Core/WineIOS-Core/third_party/wine/libs/tomcrypt/src/pk/rsa/rsa_get_size.c \
  -Ilibs/tomcrypt -I/Users/runner/work/WineIOS-Core/WineIOS-Core/third_party/wine/libs/tomcrypt \
  -Iinclude -I/Users/runner/work/WineIOS-Core/WineIOS-Core/third_party/wine/include \
  -I/Users/runner/work/WineIOS-Core/WineIOS-Core/third_party/wine/include/msvcrt \
  -I/Users/runner/work/WineIOS-Core/WineIOS-Core/third_party/wine/libs/tomcrypt/src/headers -D_UCRT \
  -DLTC_NO_PROTOTYPES -DLTC_SOURCE -D_ACRTIMP= -DLTC_NO_TEST -DMP_32BIT= -D__WINE_PE_BUILD \
  -fuse-ld=lld --no-default-config -fno-strict-aliasing -Wno-microsoft-enum-forward-reference \
  -ffunction-sections -ffp-exception-behavior=maytrap -gdwarf-4 -g -O2
aarch64-w64-mingw32-clang -c -o libs/tomcrypt/aarch64-windows/src/pk/rsa/rsa_import.o /Users/runner/work/WineIOS-Core/WineIOS-Core/third_party/wine/libs/tomcrypt/src/pk/rsa/rsa_import.c \
  -Ilibs/tomcrypt -I/Users/runner/work/WineIOS-Core/WineIOS-Core/third_party/wine/libs/tomcrypt \
  -Iinclude -I/Users/runner/work/WineIOS-Core/WineIOS-Core/third_party/wine/include \
  -I/Users/runner/work/WineIOS-Core/WineIOS-Core/third_party/wine/include/msvcrt \
  -I/Users/runner/work/WineIOS-Core/WineIOS-Core/third_party/wine/libs/tomcrypt/src/headers -D_UCRT \
  -DLTC_NO_PROTOTYPES -DLTC_SOURCE -D_ACRTIMP= -DLTC_NO_TEST -DMP_32BIT= -D__WINE_PE_BUILD \
  -fuse-ld=lld --no-default-config -fno-strict-aliasing -Wno-microsoft-enum-forward-reference \
  -ffunction-sections -ffp-exception-behavior=maytrap -gdwarf-4 -g -O2
aarch64-w64-mingw32-clang -c -o libs/tomcrypt/aarch64-windows/src/pk/rsa/rsa_import_pkcs8.o /Users/runner/work/WineIOS-Core/WineIOS-Core/third_party/wine/libs/tomcrypt/src/pk/rsa/rsa_import_pkcs8.c \
  -Ilibs/tomcrypt -I/Users/runner/work/WineIOS-Core/WineIOS-Core/third_party/wine/libs/tomcrypt \
  -Iinclude -I/Users/runner/work/WineIOS-Core/WineIOS-Core/third_party/wine/include \
  -I/Users/runner/work/WineIOS-Core/WineIOS-Core/third_party/wine/include/msvcrt \
  -I/Users/runner/work/WineIOS-Core/WineIOS-Core/third_party/wine/libs/tomcrypt/src/headers -D_UCRT \
  -DLTC_NO_PROTOTYPES -DLTC_SOURCE -D_ACRTIMP= -DLTC_NO_TEST -DMP_32BIT= -D__WINE_PE_BUILD \
  -fuse-ld=lld --no-default-config -fno-strict-aliasing -Wno-microsoft-enum-forward-reference \
  -ffunction-sections -ffp-exception-behavior=maytrap -gdwarf-4 -g -O2
aarch64-w64-mingw32-clang -c -o libs/tomcrypt/aarch64-windows/src/pk/rsa/rsa_import_x509.o /Users/runner/work/WineIOS-Core/WineIOS-Core/third_party/wine/libs/tomcrypt/src/pk/rsa/rsa_import_x509.c \
  -Ilibs/tomcrypt -I/Users/runner/work/WineIOS-Core/WineIOS-Core/third_party/wine/libs/tomcrypt \
  -Iinclude -I/Users/runner/work/WineIOS-Core/WineIOS-Core/third_party/wine/include \
  -I/Users/runner/work/WineIOS-Core/WineIOS-Core/third_party/wine/include/msvcrt \
  -I/Users/runner/work/WineIOS-Core/WineIOS-Core/third_party/wine/libs/tomcrypt/src/headers -D_UCRT \
  -DLTC_NO_PROTOTYPES -DLTC_SOURCE -D_ACRTIMP= -DLTC_NO_TEST -DMP_32BIT= -D__WINE_PE_BUILD \
  -fuse-ld=lld --no-default-config -fno-strict-aliasing -Wno-microsoft-enum-forward-reference \
  -ffunction-sections -ffp-exception-behavior=maytrap -gdwarf-4 -g -O2
aarch64-w64-mingw32-clang -c -o libs/tomcrypt/aarch64-windows/src/pk/rsa/rsa_make_key.o /Users/runner/work/WineIOS-Core/WineIOS-Core/third_party/wine/libs/tomcrypt/src/pk/rsa/rsa_make_key.c \
  -Ilibs/tomcrypt -I/Users/runner/work/WineIOS-Core/WineIOS-Core/third_party/wine/libs/tomcrypt \
  -Iinclude -I/Users/runner/work/WineIOS-Core/WineIOS-Core/third_party/wine/include \
  -I/Users/runner/work/WineIOS-Core/WineIOS-Core/third_party/wine/include/msvcrt \
  -I/Users/runner/work/WineIOS-Core/WineIOS-Core/third_party/wine/libs/tomcrypt/src/headers -D_UCRT \
  -DLTC_NO_PROTOTYPES -DLTC_SOURCE -D_ACRTIMP= -DLTC_NO_TEST -DMP_32BIT= -D__WINE_PE_BUILD \
  -fuse-ld=lld --no-default-config -fno-strict-aliasing -Wno-microsoft-enum-forward-reference \
  -ffunction-sections -ffp-exception-behavior=maytrap -gdwarf-4 -g -O2
aarch64-w64-mingw32-clang -c -o libs/tomcrypt/aarch64-windows/src/pk/rsa/rsa_set.o /Users/runner/work/WineIOS-Core/WineIOS-Core/third_party/wine/libs/tomcrypt/src/pk/rsa/rsa_set.c \
  -Ilibs/tomcrypt -I/Users/runner/work/WineIOS-Core/WineIOS-Core/third_party/wine/libs/tomcrypt \
  -Iinclude -I/Users/runner/work/WineIOS-Core/WineIOS-Core/third_party/wine/include \
  -I/Users/runner/work/WineIOS-Core/WineIOS-Core/third_party/wine/include/msvcrt \
  -I/Users/runner/work/WineIOS-Core/WineIOS-Core/third_party/wine/libs/tomcrypt/src/headers -D_UCRT \
  -DLTC_NO_PROTOTYPES -DLTC_SOURCE -D_ACRTIMP= -DLTC_NO_TEST -DMP_32BIT= -D__WINE_PE_BUILD \
  -fuse-ld=lld --no-default-config -fno-strict-aliasing -Wno-microsoft-enum-forward-reference \
  -ffunction-sections -ffp-exception-behavior=maytrap -gdwarf-4 -g -O2
aarch64-w64-mingw32-clang -c -o libs/tomcrypt/aarch64-windows/src/pk/rsa/rsa_sign_hash.o /Users/runner/work/WineIOS-Core/WineIOS-Core/third_party/wine/libs/tomcrypt/src/pk/rsa/rsa_sign_hash.c \
  -Ilibs/tomcrypt -I/Users/runner/work/WineIOS-Core/WineIOS-Core/third_party/wine/libs/tomcrypt \
  -Iinclude -I/Users/runner/work/WineIOS-Core/WineIOS-Core/third_party/wine/include \
  -I/Users/runner/work/WineIOS-Core/WineIOS-Core/third_party/wine/include/msvcrt \
  -I/Users/runner/work/WineIOS-Core/WineIOS-Core/third_party/wine/libs/tomcrypt/src/headers -D_UCRT \
  -DLTC_NO_PROTOTYPES -DLTC_SOURCE -D_ACRTIMP= -DLTC_NO_TEST -DMP_32BIT= -D__WINE_PE_BUILD \
  -fuse-ld=lld --no-default-config -fno-strict-aliasing -Wno-microsoft-enum-forward-reference \
  -ffunction-sections -ffp-exception-behavior=maytrap -gdwarf-4 -g -O2
aarch64-w64-mingw32-clang -c -o libs/tomcrypt/aarch64-windows/src/pk/rsa/rsa_sign_saltlen_get.o /Users/runner/work/WineIOS-Core/WineIOS-Core/third_party/wine/libs/tomcrypt/src/pk/rsa/rsa_sign_saltlen_get.c \
  -Ilibs/tomcrypt -I/Users/runner/work/WineIOS-Core/WineIOS-Core/third_party/wine/libs/tomcrypt \
  -Iinclude -I/Users/runner/work/WineIOS-Core/WineIOS-Core/third_party/wine/include \
  -I/Users/runner/work/WineIOS-Core/WineIOS-Core/third_party/wine/include/msvcrt \
  -I/Users/runner/work/WineIOS-Core/WineIOS-Core/third_party/wine/libs/tomcrypt/src/headers -D_UCRT \
  -DLTC_NO_PROTOTYPES -DLTC_SOURCE -D_ACRTIMP= -DLTC_NO_TEST -DMP_32BIT= -D__WINE_PE_BUILD \
  -fuse-ld=lld --no-default-config -fno-strict-aliasing -Wno-microsoft-enum-forward-reference \
  -ffunction-sections -ffp-exception-behavior=maytrap -gdwarf-4 -g -O2
aarch64-w64-mingw32-clang -c -o libs/tomcrypt/aarch64-windows/src/pk/rsa/rsa_verify_hash.o /Users/runner/work/WineIOS-Core/WineIOS-Core/third_party/wine/libs/tomcrypt/src/pk/rsa/rsa_verify_hash.c \
  -Ilibs/tomcrypt -I/Users/runner/work/WineIOS-Core/WineIOS-Core/third_party/wine/libs/tomcrypt \
  -Iinclude -I/Users/runner/work/WineIOS-Core/WineIOS-Core/third_party/wine/include \
  -I/Users/runner/work/WineIOS-Core/WineIOS-Core/third_party/wine/include/msvcrt \
  -I/Users/runner/work/WineIOS-Core/WineIOS-Core/third_party/wine/libs/tomcrypt/src/headers -D_UCRT \
  -DLTC_NO_PROTOTYPES -DLTC_SOURCE -D_ACRTIMP= -DLTC_NO_TEST -DMP_32BIT= -D__WINE_PE_BUILD \
  -fuse-ld=lld --no-default-config -fno-strict-aliasing -Wno-microsoft-enum-forward-reference \
  -ffunction-sections -ffp-exception-behavior=maytrap -gdwarf-4 -g -O2
aarch64-w64-mingw32-clang -c -o libs/tomcrypt/aarch64-windows/src/prngs/rc4.o /Users/runner/work/WineIOS-Core/WineIOS-Core/third_party/wine/libs/tomcrypt/src/prngs/rc4.c \
  -Ilibs/tomcrypt -I/Users/runner/work/WineIOS-Core/WineIOS-Core/third_party/wine/libs/tomcrypt \
  -Iinclude -I/Users/runner/work/WineIOS-Core/WineIOS-Core/third_party/wine/include \
  -I/Users/runner/work/WineIOS-Core/WineIOS-Core/third_party/wine/include/msvcrt \
  -I/Users/runner/work/WineIOS-Core/WineIOS-Core/third_party/wine/libs/tomcrypt/src/headers -D_UCRT \
  -DLTC_NO_PROTOTYPES -DLTC_SOURCE -D_ACRTIMP= -DLTC_NO_TEST -DMP_32BIT= -D__WINE_PE_BUILD \
  -fuse-ld=lld --no-default-config -fno-strict-aliasing -Wno-microsoft-enum-forward-reference \
  -ffunction-sections -ffp-exception-behavior=maytrap -gdwarf-4 -g -O2
aarch64-w64-mingw32-clang -c -o libs/tomcrypt/aarch64-windows/src/prngs/rng_get_bytes.o /Users/runner/work/WineIOS-Core/WineIOS-Core/third_party/wine/libs/tomcrypt/src/prngs/rng_get_bytes.c \
  -Ilibs/tomcrypt -I/Users/runner/work/WineIOS-Core/WineIOS-Core/third_party/wine/libs/tomcrypt \
  -Iinclude -I/Users/runner/work/WineIOS-Core/WineIOS-Core/third_party/wine/include \
  -I/Users/runner/work/WineIOS-Core/WineIOS-Core/third_party/wine/include/msvcrt \
  -I/Users/runner/work/WineIOS-Core/WineIOS-Core/third_party/wine/libs/tomcrypt/src/headers -D_UCRT \
  -DLTC_NO_PROTOTYPES -DLTC_SOURCE -D_ACRTIMP= -DLTC_NO_TEST -DMP_32BIT= -D__WINE_PE_BUILD \
  -fuse-ld=lld --no-default-config -fno-strict-aliasing -Wno-microsoft-enum-forward-reference \
  -ffunction-sections -ffp-exception-behavior=maytrap -gdwarf-4 -g -O2
aarch64-w64-mingw32-clang -c -o libs/tomcrypt/aarch64-windows/src/prngs/rng_make_prng.o /Users/runner/work/WineIOS-Core/WineIOS-Core/third_party/wine/libs/tomcrypt/src/prngs/rng_make_prng.c \
  -Ilibs/tomcrypt -I/Users/runner/work/WineIOS-Core/WineIOS-Core/third_party/wine/libs/tomcrypt \
  -Iinclude -I/Users/runner/work/WineIOS-Core/WineIOS-Core/third_party/wine/include \
  -I/Users/runner/work/WineIOS-Core/WineIOS-Core/third_party/wine/include/msvcrt \
  -I/Users/runner/work/WineIOS-Core/WineIOS-Core/third_party/wine/libs/tomcrypt/src/headers -D_UCRT \
  -DLTC_NO_PROTOTYPES -DLTC_SOURCE -D_ACRTIMP= -DLTC_NO_TEST -DMP_32BIT= -D__WINE_PE_BUILD \
  -fuse-ld=lld --no-default-config -fno-strict-aliasing -Wno-microsoft-enum-forward-reference \
  -ffunction-sections -ffp-exception-behavior=maytrap -gdwarf-4 -g -O2
aarch64-w64-mingw32-clang -c -o libs/tomcrypt/aarch64-windows/src/prngs/sprng.o /Users/runner/work/WineIOS-Core/WineIOS-Core/third_party/wine/libs/tomcrypt/src/prngs/sprng.c \
  -Ilibs/tomcrypt -I/Users/runner/work/WineIOS-Core/WineIOS-Core/third_party/wine/libs/tomcrypt \
  -Iinclude -I/Users/runner/work/WineIOS-Core/WineIOS-Core/third_party/wine/include \
  -I/Users/runner/work/WineIOS-Core/WineIOS-Core/third_party/wine/include/msvcrt \
  -I/Users/runner/work/WineIOS-Core/WineIOS-Core/third_party/wine/libs/tomcrypt/src/headers -D_UCRT \
  -DLTC_NO_PROTOTYPES -DLTC_SOURCE -D_ACRTIMP= -DLTC_NO_TEST -DMP_32BIT= -D__WINE_PE_BUILD \
  -fuse-ld=lld --no-default-config -fno-strict-aliasing -Wno-microsoft-enum-forward-reference \
  -ffunction-sections -ffp-exception-behavior=maytrap -gdwarf-4 -g -O2
aarch64-w64-mingw32-clang -c -o libs/tomcrypt/aarch64-windows/src/stream/rc4/rc4_stream.o /Users/runner/work/WineIOS-Core/WineIOS-Core/third_party/wine/libs/tomcrypt/src/stream/rc4/rc4_stream.c \
  -Ilibs/tomcrypt -I/Users/runner/work/WineIOS-Core/WineIOS-Core/third_party/wine/libs/tomcrypt \
  -Iinclude -I/Users/runner/work/WineIOS-Core/WineIOS-Core/third_party/wine/include \
  -I/Users/runner/work/WineIOS-Core/WineIOS-Core/third_party/wine/include/msvcrt \
  -I/Users/runner/work/WineIOS-Core/WineIOS-Core/third_party/wine/libs/tomcrypt/src/headers -D_UCRT \
  -DLTC_NO_PROTOTYPES -DLTC_SOURCE -D_ACRTIMP= -DLTC_NO_TEST -DMP_32BIT= -D__WINE_PE_BUILD \
  -fuse-ld=lld --no-default-config -fno-strict-aliasing -Wno-microsoft-enum-forward-reference \
  -ffunction-sections -ffp-exception-behavior=maytrap -gdwarf-4 -g -O2
aarch64-w64-mingw32-clang -c -o libs/musl/aarch64-windows/src/complex/__cexp.o /Users/runner/work/WineIOS-Core/WineIOS-Core/third_party/wine/libs/musl/src/complex/__cexp.c \
  -Ilibs/musl -I/Users/runner/work/WineIOS-Core/WineIOS-Core/third_party/wine/libs/musl -Iinclude \
  -I/Users/runner/work/WineIOS-Core/WineIOS-Core/third_party/wine/include \
  -I/Users/runner/work/WineIOS-Core/WineIOS-Core/third_party/wine/include/msvcrt \
  -I/Users/runner/work/WineIOS-Core/WineIOS-Core/third_party/wine/libs/musl/src/internal \
  -I/Users/runner/work/WineIOS-Core/WineIOS-Core/third_party/wine/libs/musl/arch/generic -D_UCRT \
  -D_ACRTIMP= -D_NO_CRT_MATH_INLINE -fno-builtin -D__WINE_PE_BUILD -fuse-ld=lld --no-default-config \
  -fno-strict-aliasing -Wno-microsoft-enum-forward-reference -ffunction-sections \
  -ffp-exception-behavior=maytrap -gdwarf-4 -g -O2
aarch64-w64-mingw32-clang -c -o libs/musl/aarch64-windows/src/complex/carg.o /Users/runner/work/WineIOS-Core/WineIOS-Core/third_party/wine/libs/musl/src/complex/carg.c \
  -Ilibs/musl -I/Users/runner/work/WineIOS-Core/WineIOS-Core/third_party/wine/libs/musl -Iinclude \
  -I/Users/runner/work/WineIOS-Core/WineIOS-Core/third_party/wine/include \
  -I/Users/runner/work/WineIOS-Core/WineIOS-Core/third_party/wine/include/msvcrt \
  -I/Users/runner/work/WineIOS-Core/WineIOS-Core/third_party/wine/libs/musl/src/internal \
  -I/Users/runner/work/WineIOS-Core/WineIOS-Core/third_party/wine/libs/musl/arch/generic -D_UCRT \
  -D_ACRTIMP= -D_NO_CRT_MATH_INLINE -fno-builtin -D__WINE_PE_BUILD -fuse-ld=lld --no-default-config \
  -fno-strict-aliasing -Wno-microsoft-enum-forward-reference -ffunction-sections \
  -ffp-exception-behavior=maytrap -gdwarf-4 -g -O2
aarch64-w64-mingw32-clang -c -o libs/musl/aarch64-windows/src/complex/cargf.o /Users/runner/work/WineIOS-Core/WineIOS-Core/third_party/wine/libs/musl/src/complex/cargf.c \
  -Ilibs/musl -I/Users/runner/work/WineIOS-Core/WineIOS-Core/third_party/wine/libs/musl -Iinclude \
  -I/Users/runner/work/WineIOS-Core/WineIOS-Core/third_party/wine/include \
  -I/Users/runner/work/WineIOS-Core/WineIOS-Core/third_party/wine/include/msvcrt \
  -I/Users/runner/work/WineIOS-Core/WineIOS-Core/third_party/wine/libs/musl/src/internal \
  -I/Users/runner/work/WineIOS-Core/WineIOS-Core/third_party/wine/libs/musl/arch/generic -D_UCRT \
  -D_ACRTIMP= -D_NO_CRT_MATH_INLINE -fno-builtin -D__WINE_PE_BUILD -fuse-ld=lld --no-default-config \
  -fno-strict-aliasing -Wno-microsoft-enum-forward-reference -ffunction-sections \
  -ffp-exception-behavior=maytrap -gdwarf-4 -g -O2
aarch64-w64-mingw32-clang -c -o libs/musl/aarch64-windows/src/complex/cexp.o /Users/runner/work/WineIOS-Core/WineIOS-Core/third_party/wine/libs/musl/src/complex/cexp.c \
  -Ilibs/musl -I/Users/runner/work/WineIOS-Core/WineIOS-Core/third_party/wine/libs/musl -Iinclude \
  -I/Users/runner/work/WineIOS-Core/WineIOS-Core/third_party/wine/include \
  -I/Users/runner/work/WineIOS-Core/WineIOS-Core/third_party/wine/include/msvcrt \
  -I/Users/runner/work/WineIOS-Core/WineIOS-Core/third_party/wine/libs/musl/src/internal \
  -I/Users/runner/work/WineIOS-Core/WineIOS-Core/third_party/wine/libs/musl/arch/generic -D_UCRT \
  -D_ACRTIMP= -D_NO_CRT_MATH_INLINE -fno-builtin -D__WINE_PE_BUILD -fuse-ld=lld --no-default-config \
  -fno-strict-aliasing -Wno-microsoft-enum-forward-reference -ffunction-sections \
  -ffp-exception-behavior=maytrap -gdwarf-4 -g -O2
aarch64-w64-mingw32-clang -c -o libs/musl/aarch64-windows/src/math/__cos.o /Users/runner/work/WineIOS-Core/WineIOS-Core/third_party/wine/libs/musl/src/math/__cos.c \
  -Ilibs/musl -I/Users/runner/work/WineIOS-Core/WineIOS-Core/third_party/wine/libs/musl -Iinclude \
  -I/Users/runner/work/WineIOS-Core/WineIOS-Core/third_party/wine/include \
  -I/Users/runner/work/WineIOS-Core/WineIOS-Core/third_party/wine/include/msvcrt \
  -I/Users/runner/work/WineIOS-Core/WineIOS-Core/third_party/wine/libs/musl/src/internal \
  -I/Users/runner/work/WineIOS-Core/WineIOS-Core/third_party/wine/libs/musl/arch/generic -D_UCRT \
  -D_ACRTIMP= -D_NO_CRT_MATH_INLINE -fno-builtin -D__WINE_PE_BUILD -fuse-ld=lld --no-default-config \
  -fno-strict-aliasing -Wno-microsoft-enum-forward-reference -ffunction-sections \
  -ffp-exception-behavior=maytrap -gdwarf-4 -g -O2
aarch64-w64-mingw32-clang -c -o libs/musl/aarch64-windows/src/math/__cosdf.o /Users/runner/work/WineIOS-Core/WineIOS-Core/third_party/wine/libs/musl/src/math/__cosdf.c \
  -Ilibs/musl -I/Users/runner/work/WineIOS-Core/WineIOS-Core/third_party/wine/libs/musl -Iinclude \
  -I/Users/runner/work/WineIOS-Core/WineIOS-Core/third_party/wine/include \
  -I/Users/runner/work/WineIOS-Core/WineIOS-Core/third_party/wine/include/msvcrt \
  -I/Users/runner/work/WineIOS-Core/WineIOS-Core/third_party/wine/libs/musl/src/internal \
  -I/Users/runner/work/WineIOS-Core/WineIOS-Core/third_party/wine/libs/musl/arch/generic -D_UCRT \
  -D_ACRTIMP= -D_NO_CRT_MATH_INLINE -fno-builtin -D__WINE_PE_BUILD -fuse-ld=lld --no-default-config \
  -fno-strict-aliasing -Wno-microsoft-enum-forward-reference -ffunction-sections \
  -ffp-exception-behavior=maytrap -gdwarf-4 -g -O2
aarch64-w64-mingw32-clang -c -o libs/musl/aarch64-windows/src/math/__expo2.o /Users/runner/work/WineIOS-Core/WineIOS-Core/third_party/wine/libs/musl/src/math/__expo2.c \
  -Ilibs/musl -I/Users/runner/work/WineIOS-Core/WineIOS-Core/third_party/wine/libs/musl -Iinclude \
  -I/Users/runner/work/WineIOS-Core/WineIOS-Core/third_party/wine/include \
  -I/Users/runner/work/WineIOS-Core/WineIOS-Core/third_party/wine/include/msvcrt \
  -I/Users/runner/work/WineIOS-Core/WineIOS-Core/third_party/wine/libs/musl/src/internal \
  -I/Users/runner/work/WineIOS-Core/WineIOS-Core/third_party/wine/libs/musl/arch/generic -D_UCRT \
  -D_ACRTIMP= -D_NO_CRT_MATH_INLINE -fno-builtin -D__WINE_PE_BUILD -fuse-ld=lld --no-default-config \
  -fno-strict-aliasing -Wno-microsoft-enum-forward-reference -ffunction-sections \
  -ffp-exception-behavior=maytrap -gdwarf-4 -g -O2
aarch64-w64-mingw32-clang -c -o libs/musl/aarch64-windows/src/math/__expo2f.o /Users/runner/work/WineIOS-Core/WineIOS-Core/third_party/wine/libs/musl/src/math/__expo2f.c \
  -Ilibs/musl -I/Users/runner/work/WineIOS-Core/WineIOS-Core/third_party/wine/libs/musl -Iinclude \
  -I/Users/runner/work/WineIOS-Core/WineIOS-Core/third_party/wine/include \
  -I/Users/runner/work/WineIOS-Core/WineIOS-Core/third_party/wine/include/msvcrt \
  -I/Users/runner/work/WineIOS-Core/WineIOS-Core/third_party/wine/libs/musl/src/internal \
  -I/Users/runner/work/WineIOS-Core/WineIOS-Core/third_party/wine/libs/musl/arch/generic -D_UCRT \
  -D_ACRTIMP= -D_NO_CRT_MATH_INLINE -fno-builtin -D__WINE_PE_BUILD -fuse-ld=lld --no-default-config \
  -fno-strict-aliasing -Wno-microsoft-enum-forward-reference -ffunction-sections \
  -ffp-exception-behavior=maytrap -gdwarf-4 -g -O2
aarch64-w64-mingw32-clang -c -o libs/musl/aarch64-windows/src/math/__fpclassify.o /Users/runner/work/WineIOS-Core/WineIOS-Core/third_party/wine/libs/musl/src/math/__fpclassify.c \
  -Ilibs/musl -I/Users/runner/work/WineIOS-Core/WineIOS-Core/third_party/wine/libs/musl -Iinclude \
  -I/Users/runner/work/WineIOS-Core/WineIOS-Core/third_party/wine/include \
  -I/Users/runner/work/WineIOS-Core/WineIOS-Core/third_party/wine/include/msvcrt \
  -I/Users/runner/work/WineIOS-Core/WineIOS-Core/third_party/wine/libs/musl/src/internal \
  -I/Users/runner/work/WineIOS-Core/WineIOS-Core/third_party/wine/libs/musl/arch/generic -D_UCRT \
  -D_ACRTIMP= -D_NO_CRT_MATH_INLINE -fno-builtin -D__WINE_PE_BUILD -fuse-ld=lld --no-default-config \
  -fno-strict-aliasing -Wno-microsoft-enum-forward-reference -ffunction-sections \
  -ffp-exception-behavior=maytrap -gdwarf-4 -g -O2
aarch64-w64-mingw32-clang -c -o libs/musl/aarch64-windows/src/math/__fpclassifyf.o /Users/runner/work/WineIOS-Core/WineIOS-Core/third_party/wine/libs/musl/src/math/__fpclassifyf.c \
  -Ilibs/musl -I/Users/runner/work/WineIOS-Core/WineIOS-Core/third_party/wine/libs/musl -Iinclude \
  -I/Users/runner/work/WineIOS-Core/WineIOS-Core/third_party/wine/include \
  -I/Users/runner/work/WineIOS-Core/WineIOS-Core/third_party/wine/include/msvcrt \
  -I/Users/runner/work/WineIOS-Core/WineIOS-Core/third_party/wine/libs/musl/src/internal \
  -I/Users/runner/work/WineIOS-Core/WineIOS-Core/third_party/wine/libs/musl/arch/generic -D_UCRT \
  -D_ACRTIMP= -D_NO_CRT_MATH_INLINE -fno-builtin -D__WINE_PE_BUILD -fuse-ld=lld --no-default-config \
  -fno-strict-aliasing -Wno-microsoft-enum-forward-reference -ffunction-sections \
  -ffp-exception-behavior=maytrap -gdwarf-4 -g -O2
aarch64-w64-mingw32-clang -c -o libs/musl/aarch64-windows/src/math/__math_divzero.o /Users/runner/work/WineIOS-Core/WineIOS-Core/third_party/wine/libs/musl/src/math/__math_divzero.c \
  -Ilibs/musl -I/Users/runner/work/WineIOS-Core/WineIOS-Core/third_party/wine/libs/musl -Iinclude \
  -I/Users/runner/work/WineIOS-Core/WineIOS-Core/third_party/wine/include \
  -I/Users/runner/work/WineIOS-Core/WineIOS-Core/third_party/wine/include/msvcrt \
  -I/Users/runner/work/WineIOS-Core/WineIOS-Core/third_party/wine/libs/musl/src/internal \
  -I/Users/runner/work/WineIOS-Core/WineIOS-Core/third_party/wine/libs/musl/arch/generic -D_UCRT \
  -D_ACRTIMP= -D_NO_CRT_MATH_INLINE -fno-builtin -D__WINE_PE_BUILD -fuse-ld=lld --no-default-config \
  -fno-strict-aliasing -Wno-microsoft-enum-forward-reference -ffunction-sections \
  -ffp-exception-behavior=maytrap -gdwarf-4 -g -O2
aarch64-w64-mingw32-clang -c -o libs/musl/aarch64-windows/src/math/__math_divzerof.o /Users/runner/work/WineIOS-Core/WineIOS-Core/third_party/wine/libs/musl/src/math/__math_divzerof.c \
  -Ilibs/musl -I/Users/runner/work/WineIOS-Core/WineIOS-Core/third_party/wine/libs/musl -Iinclude \
  -I/Users/runner/work/WineIOS-Core/WineIOS-Core/third_party/wine/include \
  -I/Users/runner/work/WineIOS-Core/WineIOS-Core/third_party/wine/include/msvcrt \
  -I/Users/runner/work/WineIOS-Core/WineIOS-Core/third_party/wine/libs/musl/src/internal \
  -I/Users/runner/work/WineIOS-Core/WineIOS-Core/third_party/wine/libs/musl/arch/generic -D_UCRT \
  -D_ACRTIMP= -D_NO_CRT_MATH_INLINE -fno-builtin -D__WINE_PE_BUILD -fuse-ld=lld --no-default-config \
  -fno-strict-aliasing -Wno-microsoft-enum-forward-reference -ffunction-sections \
  -ffp-exception-behavior=maytrap -gdwarf-4 -g -O2
aarch64-w64-mingw32-clang -c -o libs/musl/aarch64-windows/src/math/__math_invalid.o /Users/runner/work/WineIOS-Core/WineIOS-Core/third_party/wine/libs/musl/src/math/__math_invalid.c \
  -Ilibs/musl -I/Users/runner/work/WineIOS-Core/WineIOS-Core/third_party/wine/libs/musl -Iinclude \
  -I/Users/runner/work/WineIOS-Core/WineIOS-Core/third_party/wine/include \
  -I/Users/runner/work/WineIOS-Core/WineIOS-Core/third_party/wine/include/msvcrt \
  -I/Users/runner/work/WineIOS-Core/WineIOS-Core/third_party/wine/libs/musl/src/internal \
  -I/Users/runner/work/WineIOS-Core/WineIOS-Core/third_party/wine/libs/musl/arch/generic -D_UCRT \
  -D_ACRTIMP= -D_NO_CRT_MATH_INLINE -fno-builtin -D__WINE_PE_BUILD -fuse-ld=lld --no-default-config \
  -fno-strict-aliasing -Wno-microsoft-enum-forward-reference -ffunction-sections \
  -ffp-exception-behavior=maytrap -gdwarf-4 -g -O2
aarch64-w64-mingw32-clang -c -o libs/musl/aarch64-windows/src/math/__math_invalidf.o /Users/runner/work/WineIOS-Core/WineIOS-Core/third_party/wine/libs/musl/src/math/__math_invalidf.c \
  -Ilibs/musl -I/Users/runner/work/WineIOS-Core/WineIOS-Core/third_party/wine/libs/musl -Iinclude \
  -I/Users/runner/work/WineIOS-Core/WineIOS-Core/third_party/wine/include \
  -I/Users/runner/work/WineIOS-Core/WineIOS-Core/third_party/wine/include/msvcrt \
  -I/Users/runner/work/WineIOS-Core/WineIOS-Core/third_party/wine/libs/musl/src/internal \
  -I/Users/runner/work/WineIOS-Core/WineIOS-Core/third_party/wine/libs/musl/arch/generic -D_UCRT \
  -D_ACRTIMP= -D_NO_CRT_MATH_INLINE -fno-builtin -D__WINE_PE_BUILD -fuse-ld=lld --no-default-config \
  -fno-strict-aliasing -Wno-microsoft-enum-forward-reference -ffunction-sections \
  -ffp-exception-behavior=maytrap -gdwarf-4 -g -O2
aarch64-w64-mingw32-clang -c -o libs/musl/aarch64-windows/src/math/__rem_pio2.o /Users/runner/work/WineIOS-Core/WineIOS-Core/third_party/wine/libs/musl/src/math/__rem_pio2.c \
  -Ilibs/musl -I/Users/runner/work/WineIOS-Core/WineIOS-Core/third_party/wine/libs/musl -Iinclude \
  -I/Users/runner/work/WineIOS-Core/WineIOS-Core/third_party/wine/include \
  -I/Users/runner/work/WineIOS-Core/WineIOS-Core/third_party/wine/include/msvcrt \
  -I/Users/runner/work/WineIOS-Core/WineIOS-Core/third_party/wine/libs/musl/src/internal \
  -I/Users/runner/work/WineIOS-Core/WineIOS-Core/third_party/wine/libs/musl/arch/generic -D_UCRT \
  -D_ACRTIMP= -D_NO_CRT_MATH_INLINE -fno-builtin -D__WINE_PE_BUILD -fuse-ld=lld --no-default-config \
  -fno-strict-aliasing -Wno-microsoft-enum-forward-reference -ffunction-sections \
  -ffp-exception-behavior=maytrap -gdwarf-4 -g -O2
aarch64-w64-mingw32-clang -c -o libs/musl/aarch64-windows/src/math/__rem_pio2_large.o /Users/runner/work/WineIOS-Core/WineIOS-Core/third_party/wine/libs/musl/src/math/__rem_pio2_large.c \
  -Ilibs/musl -I/Users/runner/work/WineIOS-Core/WineIOS-Core/third_party/wine/libs/musl -Iinclude \
  -I/Users/runner/work/WineIOS-Core/WineIOS-Core/third_party/wine/include \
  -I/Users/runner/work/WineIOS-Core/WineIOS-Core/third_party/wine/include/msvcrt \
  -I/Users/runner/work/WineIOS-Core/WineIOS-Core/third_party/wine/libs/musl/src/internal \
  -I/Users/runner/work/WineIOS-Core/WineIOS-Core/third_party/wine/libs/musl/arch/generic -D_UCRT \
  -D_ACRTIMP= -D_NO_CRT_MATH_INLINE -fno-builtin -D__WINE_PE_BUILD -fuse-ld=lld --no-default-config \
  -fno-strict-aliasing -Wno-microsoft-enum-forward-reference -ffunction-sections \
  -ffp-exception-behavior=maytrap -gdwarf-4 -g -O2
aarch64-w64-mingw32-clang -c -o libs/musl/aarch64-windows/src/math/__rem_pio2f.o /Users/runner/work/WineIOS-Core/WineIOS-Core/third_party/wine/libs/musl/src/math/__rem_pio2f.c \
  -Ilibs/musl -I/Users/runner/work/WineIOS-Core/WineIOS-Core/third_party/wine/libs/musl -Iinclude \
  -I/Users/runner/work/WineIOS-Core/WineIOS-Core/third_party/wine/include \
  -I/Users/runner/work/WineIOS-Core/WineIOS-Core/third_party/wine/include/msvcrt \
  -I/Users/runner/work/WineIOS-Core/WineIOS-Core/third_party/wine/libs/musl/src/internal \
  -I/Users/runner/work/WineIOS-Core/WineIOS-Core/third_party/wine/libs/musl/arch/generic -D_UCRT \
  -D_ACRTIMP= -D_NO_CRT_MATH_INLINE -fno-builtin -D__WINE_PE_BUILD -fuse-ld=lld --no-default-config \
  -fno-strict-aliasing -Wno-microsoft-enum-forward-reference -ffunction-sections \
  -ffp-exception-behavior=maytrap -gdwarf-4 -g -O2
aarch64-w64-mingw32-clang -c -o libs/musl/aarch64-windows/src/math/__sin.o /Users/runner/work/WineIOS-Core/WineIOS-Core/third_party/wine/libs/musl/src/math/__sin.c \
  -Ilibs/musl -I/Users/runner/work/WineIOS-Core/WineIOS-Core/third_party/wine/libs/musl -Iinclude \
  -I/Users/runner/work/WineIOS-Core/WineIOS-Core/third_party/wine/include \
  -I/Users/runner/work/WineIOS-Core/WineIOS-Core/third_party/wine/include/msvcrt \
  -I/Users/runner/work/WineIOS-Core/WineIOS-Core/third_party/wine/libs/musl/src/internal \
  -I/Users/runner/work/WineIOS-Core/WineIOS-Core/third_party/wine/libs/musl/arch/generic -D_UCRT \
  -D_ACRTIMP= -D_NO_CRT_MATH_INLINE -fno-builtin -D__WINE_PE_BUILD -fuse-ld=lld --no-default-config \
  -fno-strict-aliasing -Wno-microsoft-enum-forward-reference -ffunction-sections \
  -ffp-exception-behavior=maytrap -gdwarf-4 -g -O2
aarch64-w64-mingw32-clang -c -o libs/musl/aarch64-windows/src/math/__sindf.o /Users/runner/work/WineIOS-Core/WineIOS-Core/third_party/wine/libs/musl/src/math/__sindf.c \
  -Ilibs/musl -I/Users/runner/work/WineIOS-Core/WineIOS-Core/third_party/wine/libs/musl -Iinclude \
  -I/Users/runner/work/WineIOS-Core/WineIOS-Core/third_party/wine/include \
  -I/Users/runner/work/WineIOS-Core/WineIOS-Core/third_party/wine/include/msvcrt \
  -I/Users/runner/work/WineIOS-Core/WineIOS-Core/third_party/wine/libs/musl/src/internal \
  -I/Users/runner/work/WineIOS-Core/WineIOS-Core/third_party/wine/libs/musl/arch/generic -D_UCRT \
  -D_ACRTIMP= -D_NO_CRT_MATH_INLINE -fno-builtin -D__WINE_PE_BUILD -fuse-ld=lld --no-default-config \
  -fno-strict-aliasing -Wno-microsoft-enum-forward-reference -ffunction-sections \
  -ffp-exception-behavior=maytrap -gdwarf-4 -g -O2
aarch64-w64-mingw32-clang -c -o libs/musl/aarch64-windows/src/math/__tan.o /Users/runner/work/WineIOS-Core/WineIOS-Core/third_party/wine/libs/musl/src/math/__tan.c \
  -Ilibs/musl -I/Users/runner/work/WineIOS-Core/WineIOS-Core/third_party/wine/libs/musl -Iinclude \
  -I/Users/runner/work/WineIOS-Core/WineIOS-Core/third_party/wine/include \
  -I/Users/runner/work/WineIOS-Core/WineIOS-Core/third_party/wine/include/msvcrt \
  -I/Users/runner/work/WineIOS-Core/WineIOS-Core/third_party/wine/libs/musl/src/internal \
  -I/Users/runner/work/WineIOS-Core/WineIOS-Core/third_party/wine/libs/musl/arch/generic -D_UCRT \
  -D_ACRTIMP= -D_NO_CRT_MATH_INLINE -fno-builtin -D__WINE_PE_BUILD -fuse-ld=lld --no-default-config \
  -fno-strict-aliasing -Wno-microsoft-enum-forward-reference -ffunction-sections \
  -ffp-exception-behavior=maytrap -gdwarf-4 -g -O2
aarch64-w64-mingw32-clang -c -o libs/musl/aarch64-windows/src/math/__tandf.o /Users/runner/work/WineIOS-Core/WineIOS-Core/third_party/wine/libs/musl/src/math/__tandf.c \
  -Ilibs/musl -I/Users/runner/work/WineIOS-Core/WineIOS-Core/third_party/wine/libs/musl -Iinclude \
  -I/Users/runner/work/WineIOS-Core/WineIOS-Core/third_party/wine/include \
  -I/Users/runner/work/WineIOS-Core/WineIOS-Core/third_party/wine/include/msvcrt \
  -I/Users/runner/work/WineIOS-Core/WineIOS-Core/third_party/wine/libs/musl/src/internal \
  -I/Users/runner/work/WineIOS-Core/WineIOS-Core/third_party/wine/libs/musl/arch/generic -D_UCRT \
  -D_ACRTIMP= -D_NO_CRT_MATH_INLINE -fno-builtin -D__WINE_PE_BUILD -fuse-ld=lld --no-default-config \
  -fno-strict-aliasing -Wno-microsoft-enum-forward-reference -ffunction-sections \
  -ffp-exception-behavior=maytrap -gdwarf-4 -g -O2
aarch64-w64-mingw32-clang -c -o libs/musl/aarch64-windows/src/math/acos.o /Users/runner/work/WineIOS-Core/WineIOS-Core/third_party/wine/libs/musl/src/math/acos.c \
  -Ilibs/musl -I/Users/runner/work/WineIOS-Core/WineIOS-Core/third_party/wine/libs/musl -Iinclude \
  -I/Users/runner/work/WineIOS-Core/WineIOS-Core/third_party/wine/include \
  -I/Users/runner/work/WineIOS-Core/WineIOS-Core/third_party/wine/include/msvcrt \
  -I/Users/runner/work/WineIOS-Core/WineIOS-Core/third_party/wine/libs/musl/src/internal \
  -I/Users/runner/work/WineIOS-Core/WineIOS-Core/third_party/wine/libs/musl/arch/generic -D_UCRT \
  -D_ACRTIMP= -D_NO_CRT_MATH_INLINE -fno-builtin -D__WINE_PE_BUILD -fuse-ld=lld --no-default-config \
  -fno-strict-aliasing -Wno-microsoft-enum-forward-reference -ffunction-sections \
  -ffp-exception-behavior=maytrap -gdwarf-4 -g -O2
aarch64-w64-mingw32-clang -c -o libs/musl/aarch64-windows/src/math/acosf.o /Users/runner/work/WineIOS-Core/WineIOS-Core/third_party/wine/libs/musl/src/math/acosf.c \
  -Ilibs/musl -I/Users/runner/work/WineIOS-Core/WineIOS-Core/third_party/wine/libs/musl -Iinclude \
  -I/Users/runner/work/WineIOS-Core/WineIOS-Core/third_party/wine/include \
  -I/Users/runner/work/WineIOS-Core/WineIOS-Core/third_party/wine/include/msvcrt \
  -I/Users/runner/work/WineIOS-Core/WineIOS-Core/third_party/wine/libs/musl/src/internal \
  -I/Users/runner/work/WineIOS-Core/WineIOS-Core/third_party/wine/libs/musl/arch/generic -D_UCRT \
  -D_ACRTIMP= -D_NO_CRT_MATH_INLINE -fno-builtin -D__WINE_PE_BUILD -fuse-ld=lld --no-default-config \
  -fno-strict-aliasing -Wno-microsoft-enum-forward-reference -ffunction-sections \
  -ffp-exception-behavior=maytrap -gdwarf-4 -g -O2
aarch64-w64-mingw32-clang -c -o libs/musl/aarch64-windows/src/math/acosh.o /Users/runner/work/WineIOS-Core/WineIOS-Core/third_party/wine/libs/musl/src/math/acosh.c \
  -Ilibs/musl -I/Users/runner/work/WineIOS-Core/WineIOS-Core/third_party/wine/libs/musl -Iinclude \
  -I/Users/runner/work/WineIOS-Core/WineIOS-Core/third_party/wine/include \
  -I/Users/runner/work/WineIOS-Core/WineIOS-Core/third_party/wine/include/msvcrt \
  -I/Users/runner/work/WineIOS-Core/WineIOS-Core/third_party/wine/libs/musl/src/internal \
  -I/Users/runner/work/WineIOS-Core/WineIOS-Core/third_party/wine/libs/musl/arch/generic -D_UCRT \
  -D_ACRTIMP= -D_NO_CRT_MATH_INLINE -fno-builtin -D__WINE_PE_BUILD -fuse-ld=lld --no-default-config \
  -fno-strict-aliasing -Wno-microsoft-enum-forward-reference -ffunction-sections \
  -ffp-exception-behavior=maytrap -gdwarf-4 -g -O2
aarch64-w64-mingw32-clang -c -o libs/musl/aarch64-windows/src/math/acoshf.o /Users/runner/work/WineIOS-Core/WineIOS-Core/third_party/wine/libs/musl/src/math/acoshf.c \
  -Ilibs/musl -I/Users/runner/work/WineIOS-Core/WineIOS-Core/third_party/wine/libs/musl -Iinclude \
  -I/Users/runner/work/WineIOS-Core/WineIOS-Core/third_party/wine/include \
  -I/Users/runner/work/WineIOS-Core/WineIOS-Core/third_party/wine/include/msvcrt \
  -I/Users/runner/work/WineIOS-Core/WineIOS-Core/third_party/wine/libs/musl/src/internal \
  -I/Users/runner/work/WineIOS-Core/WineIOS-Core/third_party/wine/libs/musl/arch/generic -D_UCRT \
  -D_ACRTIMP= -D_NO_CRT_MATH_INLINE -fno-builtin -D__WINE_PE_BUILD -fuse-ld=lld --no-default-config \
  -fno-strict-aliasing -Wno-microsoft-enum-forward-reference -ffunction-sections \
  -ffp-exception-behavior=maytrap -gdwarf-4 -g -O2
aarch64-w64-mingw32-clang -c -o libs/musl/aarch64-windows/src/math/asin.o /Users/runner/work/WineIOS-Core/WineIOS-Core/third_party/wine/libs/musl/src/math/asin.c \
  -Ilibs/musl -I/Users/runner/work/WineIOS-Core/WineIOS-Core/third_party/wine/libs/musl -Iinclude \
  -I/Users/runner/work/WineIOS-Core/WineIOS-Core/third_party/wine/include \
  -I/Users/runner/work/WineIOS-Core/WineIOS-Core/third_party/wine/include/msvcrt \
  -I/Users/runner/work/WineIOS-Core/WineIOS-Core/third_party/wine/libs/musl/src/internal \
  -I/Users/runner/work/WineIOS-Core/WineIOS-Core/third_party/wine/libs/musl/arch/generic -D_UCRT \
  -D_ACRTIMP= -D_NO_CRT_MATH_INLINE -fno-builtin -D__WINE_PE_BUILD -fuse-ld=lld --no-default-config \
  -fno-strict-aliasing -Wno-microsoft-enum-forward-reference -ffunction-sections \
  -ffp-exception-behavior=maytrap -gdwarf-4 -g -O2
aarch64-w64-mingw32-clang -c -o libs/musl/aarch64-windows/src/math/asinf.o /Users/runner/work/WineIOS-Core/WineIOS-Core/third_party/wine/libs/musl/src/math/asinf.c \
  -Ilibs/musl -I/Users/runner/work/WineIOS-Core/WineIOS-Core/third_party/wine/libs/musl -Iinclude \
  -I/Users/runner/work/WineIOS-Core/WineIOS-Core/third_party/wine/include \
  -I/Users/runner/work/WineIOS-Core/WineIOS-Core/third_party/wine/include/msvcrt \
  -I/Users/runner/work/WineIOS-Core/WineIOS-Core/third_party/wine/libs/musl/src/internal \
  -I/Users/runner/work/WineIOS-Core/WineIOS-Core/third_party/wine/libs/musl/arch/generic -D_UCRT \
  -D_ACRTIMP= -D_NO_CRT_MATH_INLINE -fno-builtin -D__WINE_PE_BUILD -fuse-ld=lld --no-default-config \
  -fno-strict-aliasing -Wno-microsoft-enum-forward-reference -ffunction-sections \
  -ffp-exception-behavior=maytrap -gdwarf-4 -g -O2
aarch64-w64-mingw32-clang -c -o libs/musl/aarch64-windows/src/math/asinh.o /Users/runner/work/WineIOS-Core/WineIOS-Core/third_party/wine/libs/musl/src/math/asinh.c \
  -Ilibs/musl -I/Users/runner/work/WineIOS-Core/WineIOS-Core/third_party/wine/libs/musl -Iinclude \
  -I/Users/runner/work/WineIOS-Core/WineIOS-Core/third_party/wine/include \
  -I/Users/runner/work/WineIOS-Core/WineIOS-Core/third_party/wine/include/msvcrt \
  -I/Users/runner/work/WineIOS-Core/WineIOS-Core/third_party/wine/libs/musl/src/internal \
  -I/Users/runner/work/WineIOS-Core/WineIOS-Core/third_party/wine/libs/musl/arch/generic -D_UCRT \
  -D_ACRTIMP= -D_NO_CRT_MATH_INLINE -fno-builtin -D__WINE_PE_BUILD -fuse-ld=lld --no-default-config \
  -fno-strict-aliasing -Wno-microsoft-enum-forward-reference -ffunction-sections \
  -ffp-exception-behavior=maytrap -gdwarf-4 -g -O2
aarch64-w64-mingw32-clang -c -o libs/musl/aarch64-windows/src/math/asinhf.o /Users/runner/work/WineIOS-Core/WineIOS-Core/third_party/wine/libs/musl/src/math/asinhf.c \
  -Ilibs/musl -I/Users/runner/work/WineIOS-Core/WineIOS-Core/third_party/wine/libs/musl -Iinclude \
  -I/Users/runner/work/WineIOS-Core/WineIOS-Core/third_party/wine/include \
  -I/Users/runner/work/WineIOS-Core/WineIOS-Core/third_party/wine/include/msvcrt \
  -I/Users/runner/work/WineIOS-Core/WineIOS-Core/third_party/wine/libs/musl/src/internal \
  -I/Users/runner/work/WineIOS-Core/WineIOS-Core/third_party/wine/libs/musl/arch/generic -D_UCRT \
  -D_ACRTIMP= -D_NO_CRT_MATH_INLINE -fno-builtin -D__WINE_PE_BUILD -fuse-ld=lld --no-default-config \
  -fno-strict-aliasing -Wno-microsoft-enum-forward-reference -ffunction-sections \
  -ffp-exception-behavior=maytrap -gdwarf-4 -g -O2
aarch64-w64-mingw32-clang -c -o libs/musl/aarch64-windows/src/math/atan.o /Users/runner/work/WineIOS-Core/WineIOS-Core/third_party/wine/libs/musl/src/math/atan.c \
  -Ilibs/musl -I/Users/runner/work/WineIOS-Core/WineIOS-Core/third_party/wine/libs/musl -Iinclude \
  -I/Users/runner/work/WineIOS-Core/WineIOS-Core/third_party/wine/include \
  -I/Users/runner/work/WineIOS-Core/WineIOS-Core/third_party/wine/include/msvcrt \
  -I/Users/runner/work/WineIOS-Core/WineIOS-Core/third_party/wine/libs/musl/src/internal \
  -I/Users/runner/work/WineIOS-Core/WineIOS-Core/third_party/wine/libs/musl/arch/generic -D_UCRT \
  -D_ACRTIMP= -D_NO_CRT_MATH_INLINE -fno-builtin -D__WINE_PE_BUILD -fuse-ld=lld --no-default-config \
  -fno-strict-aliasing -Wno-microsoft-enum-forward-reference -ffunction-sections \
  -ffp-exception-behavior=maytrap -gdwarf-4 -g -O2
aarch64-w64-mingw32-clang -c -o libs/musl/aarch64-windows/src/math/atan2.o /Users/runner/work/WineIOS-Core/WineIOS-Core/third_party/wine/libs/musl/src/math/atan2.c \
  -Ilibs/musl -I/Users/runner/work/WineIOS-Core/WineIOS-Core/third_party/wine/libs/musl -Iinclude \
  -I/Users/runner/work/WineIOS-Core/WineIOS-Core/third_party/wine/include \
  -I/Users/runner/work/WineIOS-Core/WineIOS-Core/third_party/wine/include/msvcrt \
  -I/Users/runner/work/WineIOS-Core/WineIOS-Core/third_party/wine/libs/musl/src/internal \
  -I/Users/runner/work/WineIOS-Core/WineIOS-Core/third_party/wine/libs/musl/arch/generic -D_UCRT \
  -D_ACRTIMP= -D_NO_CRT_MATH_INLINE -fno-builtin -D__WINE_PE_BUILD -fuse-ld=lld --no-default-config \
  -fno-strict-aliasing -Wno-microsoft-enum-forward-reference -ffunction-sections \
  -ffp-exception-behavior=maytrap -gdwarf-4 -g -O2
aarch64-w64-mingw32-clang -c -o libs/musl/aarch64-windows/src/math/atan2f.o /Users/runner/work/WineIOS-Core/WineIOS-Core/third_party/wine/libs/musl/src/math/atan2f.c \
  -Ilibs/musl -I/Users/runner/work/WineIOS-Core/WineIOS-Core/third_party/wine/libs/musl -Iinclude \
  -I/Users/runner/work/WineIOS-Core/WineIOS-Core/third_party/wine/include \
  -I/Users/runner/work/WineIOS-Core/WineIOS-Core/third_party/wine/include/msvcrt \
  -I/Users/runner/work/WineIOS-Core/WineIOS-Core/third_party/wine/libs/musl/src/internal \
  -I/Users/runner/work/WineIOS-Core/WineIOS-Core/third_party/wine/libs/musl/arch/generic -D_UCRT \
  -D_ACRTIMP= -D_NO_CRT_MATH_INLINE -fno-builtin -D__WINE_PE_BUILD -fuse-ld=lld --no-default-config \
  -fno-strict-aliasing -Wno-microsoft-enum-forward-reference -ffunction-sections \
  -ffp-exception-behavior=maytrap -gdwarf-4 -g -O2
aarch64-w64-mingw32-clang -c -o libs/musl/aarch64-windows/src/math/atanf.o /Users/runner/work/WineIOS-Core/WineIOS-Core/third_party/wine/libs/musl/src/math/atanf.c \
  -Ilibs/musl -I/Users/runner/work/WineIOS-Core/WineIOS-Core/third_party/wine/libs/musl -Iinclude \
  -I/Users/runner/work/WineIOS-Core/WineIOS-Core/third_party/wine/include \
  -I/Users/runner/work/WineIOS-Core/WineIOS-Core/third_party/wine/include/msvcrt \
  -I/Users/runner/work/WineIOS-Core/WineIOS-Core/third_party/wine/libs/musl/src/internal \
  -I/Users/runner/work/WineIOS-Core/WineIOS-Core/third_party/wine/libs/musl/arch/generic -D_UCRT \
  -D_ACRTIMP= -D_NO_CRT_MATH_INLINE -fno-builtin -D__WINE_PE_BUILD -fuse-ld=lld --no-default-config \
  -fno-strict-aliasing -Wno-microsoft-enum-forward-reference -ffunction-sections \
  -ffp-exception-behavior=maytrap -gdwarf-4 -g -O2
aarch64-w64-mingw32-clang -c -o libs/musl/aarch64-windows/src/math/atanh.o /Users/runner/work/WineIOS-Core/WineIOS-Core/third_party/wine/libs/musl/src/math/atanh.c \
  -Ilibs/musl -I/Users/runner/work/WineIOS-Core/WineIOS-Core/third_party/wine/libs/musl -Iinclude \
  -I/Users/runner/work/WineIOS-Core/WineIOS-Core/third_party/wine/include \
  -I/Users/runner/work/WineIOS-Core/WineIOS-Core/third_party/wine/include/msvcrt \
  -I/Users/runner/work/WineIOS-Core/WineIOS-Core/third_party/wine/libs/musl/src/internal \
  -I/Users/runner/work/WineIOS-Core/WineIOS-Core/third_party/wine/libs/musl/arch/generic -D_UCRT \
  -D_ACRTIMP= -D_NO_CRT_MATH_INLINE -fno-builtin -D__WINE_PE_BUILD -fuse-ld=lld --no-default-config \
  -fno-strict-aliasing -Wno-microsoft-enum-forward-reference -ffunction-sections \
  -ffp-exception-behavior=maytrap -gdwarf-4 -g -O2
aarch64-w64-mingw32-clang -c -o libs/musl/aarch64-windows/src/math/atanhf.o /Users/runner/work/WineIOS-Core/WineIOS-Core/third_party/wine/libs/musl/src/math/atanhf.c \
  -Ilibs/musl -I/Users/runner/work/WineIOS-Core/WineIOS-Core/third_party/wine/libs/musl -Iinclude \
  -I/Users/runner/work/WineIOS-Core/WineIOS-Core/third_party/wine/include \
  -I/Users/runner/work/WineIOS-Core/WineIOS-Core/third_party/wine/include/msvcrt \
  -I/Users/runner/work/WineIOS-Core/WineIOS-Core/third_party/wine/libs/musl/src/internal \
  -I/Users/runner/work/WineIOS-Core/WineIOS-Core/third_party/wine/libs/musl/arch/generic -D_UCRT \
  -D_ACRTIMP= -D_NO_CRT_MATH_INLINE -fno-builtin -D__WINE_PE_BUILD -fuse-ld=lld --no-default-config \
  -fno-strict-aliasing -Wno-microsoft-enum-forward-reference -ffunction-sections \
  -ffp-exception-behavior=maytrap -gdwarf-4 -g -O2
aarch64-w64-mingw32-clang -c -o libs/musl/aarch64-windows/src/math/cbrt.o /Users/runner/work/WineIOS-Core/WineIOS-Core/third_party/wine/libs/musl/src/math/cbrt.c \
  -Ilibs/musl -I/Users/runner/work/WineIOS-Core/WineIOS-Core/third_party/wine/libs/musl -Iinclude \
  -I/Users/runner/work/WineIOS-Core/WineIOS-Core/third_party/wine/include \
  -I/Users/runner/work/WineIOS-Core/WineIOS-Core/third_party/wine/include/msvcrt \
  -I/Users/runner/work/WineIOS-Core/WineIOS-Core/third_party/wine/libs/musl/src/internal \
  -I/Users/runner/work/WineIOS-Core/WineIOS-Core/third_party/wine/libs/musl/arch/generic -D_UCRT \
  -D_ACRTIMP= -D_NO_CRT_MATH_INLINE -fno-builtin -D__WINE_PE_BUILD -fuse-ld=lld --no-default-config \
  -fno-strict-aliasing -Wno-microsoft-enum-forward-reference -ffunction-sections \
  -ffp-exception-behavior=maytrap -gdwarf-4 -g -O2
aarch64-w64-mingw32-clang -c -o libs/musl/aarch64-windows/src/math/cbrtf.o /Users/runner/work/WineIOS-Core/WineIOS-Core/third_party/wine/libs/musl/src/math/cbrtf.c \
  -Ilibs/musl -I/Users/runner/work/WineIOS-Core/WineIOS-Core/third_party/wine/libs/musl -Iinclude \
  -I/Users/runner/work/WineIOS-Core/WineIOS-Core/third_party/wine/include \
  -I/Users/runner/work/WineIOS-Core/WineIOS-Core/third_party/wine/include/msvcrt \
  -I/Users/runner/work/WineIOS-Core/WineIOS-Core/third_party/wine/libs/musl/src/internal \
  -I/Users/runner/work/WineIOS-Core/WineIOS-Core/third_party/wine/libs/musl/arch/generic -D_UCRT \
  -D_ACRTIMP= -D_NO_CRT_MATH_INLINE -fno-builtin -D__WINE_PE_BUILD -fuse-ld=lld --no-default-config \
  -fno-strict-aliasing -Wno-microsoft-enum-forward-reference -ffunction-sections \
  -ffp-exception-behavior=maytrap -gdwarf-4 -g -O2
aarch64-w64-mingw32-clang -c -o libs/musl/aarch64-windows/src/math/ceil.o /Users/runner/work/WineIOS-Core/WineIOS-Core/third_party/wine/libs/musl/src/math/ceil.c \
  -Ilibs/musl -I/Users/runner/work/WineIOS-Core/WineIOS-Core/third_party/wine/libs/musl -Iinclude \
  -I/Users/runner/work/WineIOS-Core/WineIOS-Core/third_party/wine/include \
  -I/Users/runner/work/WineIOS-Core/WineIOS-Core/third_party/wine/include/msvcrt \
  -I/Users/runner/work/WineIOS-Core/WineIOS-Core/third_party/wine/libs/musl/src/internal \
  -I/Users/runner/work/WineIOS-Core/WineIOS-Core/third_party/wine/libs/musl/arch/generic -D_UCRT \
  -D_ACRTIMP= -D_NO_CRT_MATH_INLINE -fno-builtin -D__WINE_PE_BUILD -fuse-ld=lld --no-default-config \
  -fno-strict-aliasing -Wno-microsoft-enum-forward-reference -ffunction-sections \
  -ffp-exception-behavior=maytrap -gdwarf-4 -g -O2
aarch64-w64-mingw32-clang -c -o libs/musl/aarch64-windows/src/math/ceilf.o /Users/runner/work/WineIOS-Core/WineIOS-Core/third_party/wine/libs/musl/src/math/ceilf.c \
  -Ilibs/musl -I/Users/runner/work/WineIOS-Core/WineIOS-Core/third_party/wine/libs/musl -Iinclude \
  -I/Users/runner/work/WineIOS-Core/WineIOS-Core/third_party/wine/include \
  -I/Users/runner/work/WineIOS-Core/WineIOS-Core/third_party/wine/include/msvcrt \
  -I/Users/runner/work/WineIOS-Core/WineIOS-Core/third_party/wine/libs/musl/src/internal \
  -I/Users/runner/work/WineIOS-Core/WineIOS-Core/third_party/wine/libs/musl/arch/generic -D_UCRT \
  -D_ACRTIMP= -D_NO_CRT_MATH_INLINE -fno-builtin -D__WINE_PE_BUILD -fuse-ld=lld --no-default-config \
  -fno-strict-aliasing -Wno-microsoft-enum-forward-reference -ffunction-sections \
  -ffp-exception-behavior=maytrap -gdwarf-4 -g -O2
aarch64-w64-mingw32-clang -c -o libs/musl/aarch64-windows/src/math/copysign.o /Users/runner/work/WineIOS-Core/WineIOS-Core/third_party/wine/libs/musl/src/math/copysign.c \
  -Ilibs/musl -I/Users/runner/work/WineIOS-Core/WineIOS-Core/third_party/wine/libs/musl -Iinclude \
  -I/Users/runner/work/WineIOS-Core/WineIOS-Core/third_party/wine/include \
  -I/Users/runner/work/WineIOS-Core/WineIOS-Core/third_party/wine/include/msvcrt \
  -I/Users/runner/work/WineIOS-Core/WineIOS-Core/third_party/wine/libs/musl/src/internal \
  -I/Users/runner/work/WineIOS-Core/WineIOS-Core/third_party/wine/libs/musl/arch/generic -D_UCRT \
  -D_ACRTIMP= -D_NO_CRT_MATH_INLINE -fno-builtin -D__WINE_PE_BUILD -fuse-ld=lld --no-default-config \
  -fno-strict-aliasing -Wno-microsoft-enum-forward-reference -ffunction-sections \
  -ffp-exception-behavior=maytrap -gdwarf-4 -g -O2
aarch64-w64-mingw32-clang -c -o libs/musl/aarch64-windows/src/math/copysignf.o /Users/runner/work/WineIOS-Core/WineIOS-Core/third_party/wine/libs/musl/src/math/copysignf.c \
  -Ilibs/musl -I/Users/runner/work/WineIOS-Core/WineIOS-Core/third_party/wine/libs/musl -Iinclude \
  -I/Users/runner/work/WineIOS-Core/WineIOS-Core/third_party/wine/include \
  -I/Users/runner/work/WineIOS-Core/WineIOS-Core/third_party/wine/include/msvcrt \
  -I/Users/runner/work/WineIOS-Core/WineIOS-Core/third_party/wine/libs/musl/src/internal \
  -I/Users/runner/work/WineIOS-Core/WineIOS-Core/third_party/wine/libs/musl/arch/generic -D_UCRT \
  -D_ACRTIMP= -D_NO_CRT_MATH_INLINE -fno-builtin -D__WINE_PE_BUILD -fuse-ld=lld --no-default-config \
  -fno-strict-aliasing -Wno-microsoft-enum-forward-reference -ffunction-sections \
  -ffp-exception-behavior=maytrap -gdwarf-4 -g -O2
aarch64-w64-mingw32-clang -c -o libs/musl/aarch64-windows/src/math/cos.o /Users/runner/work/WineIOS-Core/WineIOS-Core/third_party/wine/libs/musl/src/math/cos.c \
  -Ilibs/musl -I/Users/runner/work/WineIOS-Core/WineIOS-Core/third_party/wine/libs/musl -Iinclude \
  -I/Users/runner/work/WineIOS-Core/WineIOS-Core/third_party/wine/include \
  -I/Users/runner/work/WineIOS-Core/WineIOS-Core/third_party/wine/include/msvcrt \
  -I/Users/runner/work/WineIOS-Core/WineIOS-Core/third_party/wine/libs/musl/src/internal \
  -I/Users/runner/work/WineIOS-Core/WineIOS-Core/third_party/wine/libs/musl/arch/generic -D_UCRT \
  -D_ACRTIMP= -D_NO_CRT_MATH_INLINE -fno-builtin -D__WINE_PE_BUILD -fuse-ld=lld --no-default-config \
  -fno-strict-aliasing -Wno-microsoft-enum-forward-reference -ffunction-sections \
  -ffp-exception-behavior=maytrap -gdwarf-4 -g -O2
aarch64-w64-mingw32-clang -c -o libs/musl/aarch64-windows/src/math/cosf.o /Users/runner/work/WineIOS-Core/WineIOS-Core/third_party/wine/libs/musl/src/math/cosf.c \
  -Ilibs/musl -I/Users/runner/work/WineIOS-Core/WineIOS-Core/third_party/wine/libs/musl -Iinclude \
  -I/Users/runner/work/WineIOS-Core/WineIOS-Core/third_party/wine/include \
  -I/Users/runner/work/WineIOS-Core/WineIOS-Core/third_party/wine/include/msvcrt \
  -I/Users/runner/work/WineIOS-Core/WineIOS-Core/third_party/wine/libs/musl/src/internal \
  -I/Users/runner/work/WineIOS-Core/WineIOS-Core/third_party/wine/libs/musl/arch/generic -D_UCRT \
  -D_ACRTIMP= -D_NO_CRT_MATH_INLINE -fno-builtin -D__WINE_PE_BUILD -fuse-ld=lld --no-default-config \
  -fno-strict-aliasing -Wno-microsoft-enum-forward-reference -ffunction-sections \
  -ffp-exception-behavior=maytrap -gdwarf-4 -g -O2
aarch64-w64-mingw32-clang -c -o libs/musl/aarch64-windows/src/math/cosh.o /Users/runner/work/WineIOS-Core/WineIOS-Core/third_party/wine/libs/musl/src/math/cosh.c \
  -Ilibs/musl -I/Users/runner/work/WineIOS-Core/WineIOS-Core/third_party/wine/libs/musl -Iinclude \
  -I/Users/runner/work/WineIOS-Core/WineIOS-Core/third_party/wine/include \
  -I/Users/runner/work/WineIOS-Core/WineIOS-Core/third_party/wine/include/msvcrt \
  -I/Users/runner/work/WineIOS-Core/WineIOS-Core/third_party/wine/libs/musl/src/internal \
  -I/Users/runner/work/WineIOS-Core/WineIOS-Core/third_party/wine/libs/musl/arch/generic -D_UCRT \
  -D_ACRTIMP= -D_NO_CRT_MATH_INLINE -fno-builtin -D__WINE_PE_BUILD -fuse-ld=lld --no-default-config \
  -fno-strict-aliasing -Wno-microsoft-enum-forward-reference -ffunction-sections \
  -ffp-exception-behavior=maytrap -gdwarf-4 -g -O2
aarch64-w64-mingw32-clang -c -o libs/musl/aarch64-windows/src/math/coshf.o /Users/runner/work/WineIOS-Core/WineIOS-Core/third_party/wine/libs/musl/src/math/coshf.c \
  -Ilibs/musl -I/Users/runner/work/WineIOS-Core/WineIOS-Core/third_party/wine/libs/musl -Iinclude \
  -I/Users/runner/work/WineIOS-Core/WineIOS-Core/third_party/wine/include \
  -I/Users/runner/work/WineIOS-Core/WineIOS-Core/third_party/wine/include/msvcrt \
  -I/Users/runner/work/WineIOS-Core/WineIOS-Core/third_party/wine/libs/musl/src/internal \
  -I/Users/runner/work/WineIOS-Core/WineIOS-Core/third_party/wine/libs/musl/arch/generic -D_UCRT \
  -D_ACRTIMP= -D_NO_CRT_MATH_INLINE -fno-builtin -D__WINE_PE_BUILD -fuse-ld=lld --no-default-config \
  -fno-strict-aliasing -Wno-microsoft-enum-forward-reference -ffunction-sections \
  -ffp-exception-behavior=maytrap -gdwarf-4 -g -O2
aarch64-w64-mingw32-clang -c -o libs/musl/aarch64-windows/src/math/erf.o /Users/runner/work/WineIOS-Core/WineIOS-Core/third_party/wine/libs/musl/src/math/erf.c \
  -Ilibs/musl -I/Users/runner/work/WineIOS-Core/WineIOS-Core/third_party/wine/libs/musl -Iinclude \
  -I/Users/runner/work/WineIOS-Core/WineIOS-Core/third_party/wine/include \
  -I/Users/runner/work/WineIOS-Core/WineIOS-Core/third_party/wine/include/msvcrt \
  -I/Users/runner/work/WineIOS-Core/WineIOS-Core/third_party/wine/libs/musl/src/internal \
  -I/Users/runner/work/WineIOS-Core/WineIOS-Core/third_party/wine/libs/musl/arch/generic -D_UCRT \
  -D_ACRTIMP= -D_NO_CRT_MATH_INLINE -fno-builtin -D__WINE_PE_BUILD -fuse-ld=lld --no-default-config \
  -fno-strict-aliasing -Wno-microsoft-enum-forward-reference -ffunction-sections \
  -ffp-exception-behavior=maytrap -gdwarf-4 -g -O2
aarch64-w64-mingw32-clang -c -o libs/musl/aarch64-windows/src/math/erff.o /Users/runner/work/WineIOS-Core/WineIOS-Core/third_party/wine/libs/musl/src/math/erff.c \
  -Ilibs/musl -I/Users/runner/work/WineIOS-Core/WineIOS-Core/third_party/wine/libs/musl -Iinclude \
  -I/Users/runner/work/WineIOS-Core/WineIOS-Core/third_party/wine/include \
  -I/Users/runner/work/WineIOS-Core/WineIOS-Core/third_party/wine/include/msvcrt \
  -I/Users/runner/work/WineIOS-Core/WineIOS-Core/third_party/wine/libs/musl/src/internal \
  -I/Users/runner/work/WineIOS-Core/WineIOS-Core/third_party/wine/libs/musl/arch/generic -D_UCRT \
  -D_ACRTIMP= -D_NO_CRT_MATH_INLINE -fno-builtin -D__WINE_PE_BUILD -fuse-ld=lld --no-default-config \
  -fno-strict-aliasing -Wno-microsoft-enum-forward-reference -ffunction-sections \
  -ffp-exception-behavior=maytrap -gdwarf-4 -g -O2
aarch64-w64-mingw32-clang -c -o libs/musl/aarch64-windows/src/math/exp.o /Users/runner/work/WineIOS-Core/WineIOS-Core/third_party/wine/libs/musl/src/math/exp.c \
  -Ilibs/musl -I/Users/runner/work/WineIOS-Core/WineIOS-Core/third_party/wine/libs/musl -Iinclude \
  -I/Users/runner/work/WineIOS-Core/WineIOS-Core/third_party/wine/include \
  -I/Users/runner/work/WineIOS-Core/WineIOS-Core/third_party/wine/include/msvcrt \
  -I/Users/runner/work/WineIOS-Core/WineIOS-Core/third_party/wine/libs/musl/src/internal \
  -I/Users/runner/work/WineIOS-Core/WineIOS-Core/third_party/wine/libs/musl/arch/generic -D_UCRT \
  -D_ACRTIMP= -D_NO_CRT_MATH_INLINE -fno-builtin -D__WINE_PE_BUILD -fuse-ld=lld --no-default-config \
  -fno-strict-aliasing -Wno-microsoft-enum-forward-reference -ffunction-sections \
  -ffp-exception-behavior=maytrap -gdwarf-4 -g -O2
aarch64-w64-mingw32-clang -c -o libs/musl/aarch64-windows/src/math/exp2.o /Users/runner/work/WineIOS-Core/WineIOS-Core/third_party/wine/libs/musl/src/math/exp2.c \
  -Ilibs/musl -I/Users/runner/work/WineIOS-Core/WineIOS-Core/third_party/wine/libs/musl -Iinclude \
  -I/Users/runner/work/WineIOS-Core/WineIOS-Core/third_party/wine/include \
  -I/Users/runner/work/WineIOS-Core/WineIOS-Core/third_party/wine/include/msvcrt \
  -I/Users/runner/work/WineIOS-Core/WineIOS-Core/third_party/wine/libs/musl/src/internal \
  -I/Users/runner/work/WineIOS-Core/WineIOS-Core/third_party/wine/libs/musl/arch/generic -D_UCRT \
  -D_ACRTIMP= -D_NO_CRT_MATH_INLINE -fno-builtin -D__WINE_PE_BUILD -fuse-ld=lld --no-default-config \
  -fno-strict-aliasing -Wno-microsoft-enum-forward-reference -ffunction-sections \
  -ffp-exception-behavior=maytrap -gdwarf-4 -g -O2
aarch64-w64-mingw32-clang -c -o libs/musl/aarch64-windows/src/math/exp2f.o /Users/runner/work/WineIOS-Core/WineIOS-Core/third_party/wine/libs/musl/src/math/exp2f.c \
  -Ilibs/musl -I/Users/runner/work/WineIOS-Core/WineIOS-Core/third_party/wine/libs/musl -Iinclude \
  -I/Users/runner/work/WineIOS-Core/WineIOS-Core/third_party/wine/include \
  -I/Users/runner/work/WineIOS-Core/WineIOS-Core/third_party/wine/include/msvcrt \
  -I/Users/runner/work/WineIOS-Core/WineIOS-Core/third_party/wine/libs/musl/src/internal \
  -I/Users/runner/work/WineIOS-Core/WineIOS-Core/third_party/wine/libs/musl/arch/generic -D_UCRT \
  -D_ACRTIMP= -D_NO_CRT_MATH_INLINE -fno-builtin -D__WINE_PE_BUILD -fuse-ld=lld --no-default-config \
  -fno-strict-aliasing -Wno-microsoft-enum-forward-reference -ffunction-sections \
  -ffp-exception-behavior=maytrap -gdwarf-4 -g -O2
aarch64-w64-mingw32-clang -c -o libs/musl/aarch64-windows/src/math/exp2f_data.o /Users/runner/work/WineIOS-Core/WineIOS-Core/third_party/wine/libs/musl/src/math/exp2f_data.c \
  -Ilibs/musl -I/Users/runner/work/WineIOS-Core/WineIOS-Core/third_party/wine/libs/musl -Iinclude \
  -I/Users/runner/work/WineIOS-Core/WineIOS-Core/third_party/wine/include \
  -I/Users/runner/work/WineIOS-Core/WineIOS-Core/third_party/wine/include/msvcrt \
  -I/Users/runner/work/WineIOS-Core/WineIOS-Core/third_party/wine/libs/musl/src/internal \
  -I/Users/runner/work/WineIOS-Core/WineIOS-Core/third_party/wine/libs/musl/arch/generic -D_UCRT \
  -D_ACRTIMP= -D_NO_CRT_MATH_INLINE -fno-builtin -D__WINE_PE_BUILD -fuse-ld=lld --no-default-config \
  -fno-strict-aliasing -Wno-microsoft-enum-forward-reference -ffunction-sections \
  -ffp-exception-behavior=maytrap -gdwarf-4 -g -O2
aarch64-w64-mingw32-clang -c -o libs/musl/aarch64-windows/src/math/exp_data.o /Users/runner/work/WineIOS-Core/WineIOS-Core/third_party/wine/libs/musl/src/math/exp_data.c \
  -Ilibs/musl -I/Users/runner/work/WineIOS-Core/WineIOS-Core/third_party/wine/libs/musl -Iinclude \
  -I/Users/runner/work/WineIOS-Core/WineIOS-Core/third_party/wine/include \
  -I/Users/runner/work/WineIOS-Core/WineIOS-Core/third_party/wine/include/msvcrt \
  -I/Users/runner/work/WineIOS-Core/WineIOS-Core/third_party/wine/libs/musl/src/internal \
  -I/Users/runner/work/WineIOS-Core/WineIOS-Core/third_party/wine/libs/musl/arch/generic -D_UCRT \
  -D_ACRTIMP= -D_NO_CRT_MATH_INLINE -fno-builtin -D__WINE_PE_BUILD -fuse-ld=lld --no-default-config \
  -fno-strict-aliasing -Wno-microsoft-enum-forward-reference -ffunction-sections \
  -ffp-exception-behavior=maytrap -gdwarf-4 -g -O2
aarch64-w64-mingw32-clang -c -o libs/musl/aarch64-windows/src/math/expf.o /Users/runner/work/WineIOS-Core/WineIOS-Core/third_party/wine/libs/musl/src/math/expf.c \
  -Ilibs/musl -I/Users/runner/work/WineIOS-Core/WineIOS-Core/third_party/wine/libs/musl -Iinclude \
  -I/Users/runner/work/WineIOS-Core/WineIOS-Core/third_party/wine/include \
  -I/Users/runner/work/WineIOS-Core/WineIOS-Core/third_party/wine/include/msvcrt \
  -I/Users/runner/work/WineIOS-Core/WineIOS-Core/third_party/wine/libs/musl/src/internal \
  -I/Users/runner/work/WineIOS-Core/WineIOS-Core/third_party/wine/libs/musl/arch/generic -D_UCRT \
  -D_ACRTIMP= -D_NO_CRT_MATH_INLINE -fno-builtin -D__WINE_PE_BUILD -fuse-ld=lld --no-default-config \
  -fno-strict-aliasing -Wno-microsoft-enum-forward-reference -ffunction-sections \
  -ffp-exception-behavior=maytrap -gdwarf-4 -g -O2
aarch64-w64-mingw32-clang -c -o libs/musl/aarch64-windows/src/math/expm1.o /Users/runner/work/WineIOS-Core/WineIOS-Core/third_party/wine/libs/musl/src/math/expm1.c \
  -Ilibs/musl -I/Users/runner/work/WineIOS-Core/WineIOS-Core/third_party/wine/libs/musl -Iinclude \
  -I/Users/runner/work/WineIOS-Core/WineIOS-Core/third_party/wine/include \
  -I/Users/runner/work/WineIOS-Core/WineIOS-Core/third_party/wine/include/msvcrt \
  -I/Users/runner/work/WineIOS-Core/WineIOS-Core/third_party/wine/libs/musl/src/internal \
  -I/Users/runner/work/WineIOS-Core/WineIOS-Core/third_party/wine/libs/musl/arch/generic -D_UCRT \
  -D_ACRTIMP= -D_NO_CRT_MATH_INLINE -fno-builtin -D__WINE_PE_BUILD -fuse-ld=lld --no-default-config \
  -fno-strict-aliasing -Wno-microsoft-enum-forward-reference -ffunction-sections \
  -ffp-exception-behavior=maytrap -gdwarf-4 -g -O2
aarch64-w64-mingw32-clang -c -o libs/musl/aarch64-windows/src/math/expm1f.o /Users/runner/work/WineIOS-Core/WineIOS-Core/third_party/wine/libs/musl/src/math/expm1f.c \
  -Ilibs/musl -I/Users/runner/work/WineIOS-Core/WineIOS-Core/third_party/wine/libs/musl -Iinclude \
  -I/Users/runner/work/WineIOS-Core/WineIOS-Core/third_party/wine/include \
  -I/Users/runner/work/WineIOS-Core/WineIOS-Core/third_party/wine/include/msvcrt \
  -I/Users/runner/work/WineIOS-Core/WineIOS-Core/third_party/wine/libs/musl/src/internal \
  -I/Users/runner/work/WineIOS-Core/WineIOS-Core/third_party/wine/libs/musl/arch/generic -D_UCRT \
  -D_ACRTIMP= -D_NO_CRT_MATH_INLINE -fno-builtin -D__WINE_PE_BUILD -fuse-ld=lld --no-default-config \
  -fno-strict-aliasing -Wno-microsoft-enum-forward-reference -ffunction-sections \
  -ffp-exception-behavior=maytrap -gdwarf-4 -g -O2
aarch64-w64-mingw32-clang -c -o libs/musl/aarch64-windows/src/math/fabs.o /Users/runner/work/WineIOS-Core/WineIOS-Core/third_party/wine/libs/musl/src/math/fabs.c \
  -Ilibs/musl -I/Users/runner/work/WineIOS-Core/WineIOS-Core/third_party/wine/libs/musl -Iinclude \
  -I/Users/runner/work/WineIOS-Core/WineIOS-Core/third_party/wine/include \
  -I/Users/runner/work/WineIOS-Core/WineIOS-Core/third_party/wine/include/msvcrt \
  -I/Users/runner/work/WineIOS-Core/WineIOS-Core/third_party/wine/libs/musl/src/internal \
  -I/Users/runner/work/WineIOS-Core/WineIOS-Core/third_party/wine/libs/musl/arch/generic -D_UCRT \
  -D_ACRTIMP= -D_NO_CRT_MATH_INLINE -fno-builtin -D__WINE_PE_BUILD -fuse-ld=lld --no-default-config \
  -fno-strict-aliasing -Wno-microsoft-enum-forward-reference -ffunction-sections \
  -ffp-exception-behavior=maytrap -gdwarf-4 -g -O2
aarch64-w64-mingw32-clang -c -o libs/musl/aarch64-windows/src/math/fabsf.o /Users/runner/work/WineIOS-Core/WineIOS-Core/third_party/wine/libs/musl/src/math/fabsf.c \
  -Ilibs/musl -I/Users/runner/work/WineIOS-Core/WineIOS-Core/third_party/wine/libs/musl -Iinclude \
  -I/Users/runner/work/WineIOS-Core/WineIOS-Core/third_party/wine/include \
  -I/Users/runner/work/WineIOS-Core/WineIOS-Core/third_party/wine/include/msvcrt \
  -I/Users/runner/work/WineIOS-Core/WineIOS-Core/third_party/wine/libs/musl/src/internal \
  -I/Users/runner/work/WineIOS-Core/WineIOS-Core/third_party/wine/libs/musl/arch/generic -D_UCRT \
  -D_ACRTIMP= -D_NO_CRT_MATH_INLINE -fno-builtin -D__WINE_PE_BUILD -fuse-ld=lld --no-default-config \
  -fno-strict-aliasing -Wno-microsoft-enum-forward-reference -ffunction-sections \
  -ffp-exception-behavior=maytrap -gdwarf-4 -g -O2
aarch64-w64-mingw32-clang -c -o libs/musl/aarch64-windows/src/math/fdim.o /Users/runner/work/WineIOS-Core/WineIOS-Core/third_party/wine/libs/musl/src/math/fdim.c \
  -Ilibs/musl -I/Users/runner/work/WineIOS-Core/WineIOS-Core/third_party/wine/libs/musl -Iinclude \
  -I/Users/runner/work/WineIOS-Core/WineIOS-Core/third_party/wine/include \
  -I/Users/runner/work/WineIOS-Core/WineIOS-Core/third_party/wine/include/msvcrt \
  -I/Users/runner/work/WineIOS-Core/WineIOS-Core/third_party/wine/libs/musl/src/internal \
  -I/Users/runner/work/WineIOS-Core/WineIOS-Core/third_party/wine/libs/musl/arch/generic -D_UCRT \
  -D_ACRTIMP= -D_NO_CRT_MATH_INLINE -fno-builtin -D__WINE_PE_BUILD -fuse-ld=lld --no-default-config \
  -fno-strict-aliasing -Wno-microsoft-enum-forward-reference -ffunction-sections \
  -ffp-exception-behavior=maytrap -gdwarf-4 -g -O2
aarch64-w64-mingw32-clang -c -o libs/musl/aarch64-windows/src/math/fdimf.o /Users/runner/work/WineIOS-Core/WineIOS-Core/third_party/wine/libs/musl/src/math/fdimf.c \
  -Ilibs/musl -I/Users/runner/work/WineIOS-Core/WineIOS-Core/third_party/wine/libs/musl -Iinclude \
  -I/Users/runner/work/WineIOS-Core/WineIOS-Core/third_party/wine/include \
  -I/Users/runner/work/WineIOS-Core/WineIOS-Core/third_party/wine/include/msvcrt \
  -I/Users/runner/work/WineIOS-Core/WineIOS-Core/third_party/wine/libs/musl/src/internal \
  -I/Users/runner/work/WineIOS-Core/WineIOS-Core/third_party/wine/libs/musl/arch/generic -D_UCRT \
  -D_ACRTIMP= -D_NO_CRT_MATH_INLINE -fno-builtin -D__WINE_PE_BUILD -fuse-ld=lld --no-default-config \
  -fno-strict-aliasing -Wno-microsoft-enum-forward-reference -ffunction-sections \
  -ffp-exception-behavior=maytrap -gdwarf-4 -g -O2
aarch64-w64-mingw32-clang -c -o libs/musl/aarch64-windows/src/math/floor.o /Users/runner/work/WineIOS-Core/WineIOS-Core/third_party/wine/libs/musl/src/math/floor.c \
  -Ilibs/musl -I/Users/runner/work/WineIOS-Core/WineIOS-Core/third_party/wine/libs/musl -Iinclude \
  -I/Users/runner/work/WineIOS-Core/WineIOS-Core/third_party/wine/include \
  -I/Users/runner/work/WineIOS-Core/WineIOS-Core/third_party/wine/include/msvcrt \
  -I/Users/runner/work/WineIOS-Core/WineIOS-Core/third_party/wine/libs/musl/src/internal \
  -I/Users/runner/work/WineIOS-Core/WineIOS-Core/third_party/wine/libs/musl/arch/generic -D_UCRT \
  -D_ACRTIMP= -D_NO_CRT_MATH_INLINE -fno-builtin -D__WINE_PE_BUILD -fuse-ld=lld --no-default-config \
  -fno-strict-aliasing -Wno-microsoft-enum-forward-reference -ffunction-sections \
  -ffp-exception-behavior=maytrap -gdwarf-4 -g -O2
aarch64-w64-mingw32-clang -c -o libs/musl/aarch64-windows/src/math/floorf.o /Users/runner/work/WineIOS-Core/WineIOS-Core/third_party/wine/libs/musl/src/math/floorf.c \
  -Ilibs/musl -I/Users/runner/work/WineIOS-Core/WineIOS-Core/third_party/wine/libs/musl -Iinclude \
  -I/Users/runner/work/WineIOS-Core/WineIOS-Core/third_party/wine/include \
  -I/Users/runner/work/WineIOS-Core/WineIOS-Core/third_party/wine/include/msvcrt \
  -I/Users/runner/work/WineIOS-Core/WineIOS-Core/third_party/wine/libs/musl/src/internal \
  -I/Users/runner/work/WineIOS-Core/WineIOS-Core/third_party/wine/libs/musl/arch/generic -D_UCRT \
  -D_ACRTIMP= -D_NO_CRT_MATH_INLINE -fno-builtin -D__WINE_PE_BUILD -fuse-ld=lld --no-default-config \
  -fno-strict-aliasing -Wno-microsoft-enum-forward-reference -ffunction-sections \
  -ffp-exception-behavior=maytrap -gdwarf-4 -g -O2
aarch64-w64-mingw32-clang -c -o libs/musl/aarch64-windows/src/math/fma.o /Users/runner/work/WineIOS-Core/WineIOS-Core/third_party/wine/libs/musl/src/math/fma.c \
  -Ilibs/musl -I/Users/runner/work/WineIOS-Core/WineIOS-Core/third_party/wine/libs/musl -Iinclude \
  -I/Users/runner/work/WineIOS-Core/WineIOS-Core/third_party/wine/include \
  -I/Users/runner/work/WineIOS-Core/WineIOS-Core/third_party/wine/include/msvcrt \
  -I/Users/runner/work/WineIOS-Core/WineIOS-Core/third_party/wine/libs/musl/src/internal \
  -I/Users/runner/work/WineIOS-Core/WineIOS-Core/third_party/wine/libs/musl/arch/generic -D_UCRT \
  -D_ACRTIMP= -D_NO_CRT_MATH_INLINE -fno-builtin -D__WINE_PE_BUILD -fuse-ld=lld --no-default-config \
  -fno-strict-aliasing -Wno-microsoft-enum-forward-reference -ffunction-sections \
  -ffp-exception-behavior=maytrap -gdwarf-4 -g -O2
aarch64-w64-mingw32-clang -c -o libs/musl/aarch64-windows/src/math/fmaf.o /Users/runner/work/WineIOS-Core/WineIOS-Core/third_party/wine/libs/musl/src/math/fmaf.c \
  -Ilibs/musl -I/Users/runner/work/WineIOS-Core/WineIOS-Core/third_party/wine/libs/musl -Iinclude \
  -I/Users/runner/work/WineIOS-Core/WineIOS-Core/third_party/wine/include \
  -I/Users/runner/work/WineIOS-Core/WineIOS-Core/third_party/wine/include/msvcrt \
  -I/Users/runner/work/WineIOS-Core/WineIOS-Core/third_party/wine/libs/musl/src/internal \
  -I/Users/runner/work/WineIOS-Core/WineIOS-Core/third_party/wine/libs/musl/arch/generic -D_UCRT \
  -D_ACRTIMP= -D_NO_CRT_MATH_INLINE -fno-builtin -D__WINE_PE_BUILD -fuse-ld=lld --no-default-config \
  -fno-strict-aliasing -Wno-microsoft-enum-forward-reference -ffunction-sections \
  -ffp-exception-behavior=maytrap -gdwarf-4 -g -O2
aarch64-w64-mingw32-clang -c -o libs/musl/aarch64-windows/src/math/fmax.o /Users/runner/work/WineIOS-Core/WineIOS-Core/third_party/wine/libs/musl/src/math/fmax.c \
  -Ilibs/musl -I/Users/runner/work/WineIOS-Core/WineIOS-Core/third_party/wine/libs/musl -Iinclude \
  -I/Users/runner/work/WineIOS-Core/WineIOS-Core/third_party/wine/include \
  -I/Users/runner/work/WineIOS-Core/WineIOS-Core/third_party/wine/include/msvcrt \
  -I/Users/runner/work/WineIOS-Core/WineIOS-Core/third_party/wine/libs/musl/src/internal \
  -I/Users/runner/work/WineIOS-Core/WineIOS-Core/third_party/wine/libs/musl/arch/generic -D_UCRT \
  -D_ACRTIMP= -D_NO_CRT_MATH_INLINE -fno-builtin -D__WINE_PE_BUILD -fuse-ld=lld --no-default-config \
  -fno-strict-aliasing -Wno-microsoft-enum-forward-reference -ffunction-sections \
  -ffp-exception-behavior=maytrap -gdwarf-4 -g -O2
aarch64-w64-mingw32-clang -c -o libs/musl/aarch64-windows/src/math/fmaxf.o /Users/runner/work/WineIOS-Core/WineIOS-Core/third_party/wine/libs/musl/src/math/fmaxf.c \
  -Ilibs/musl -I/Users/runner/work/WineIOS-Core/WineIOS-Core/third_party/wine/libs/musl -Iinclude \
  -I/Users/runner/work/WineIOS-Core/WineIOS-Core/third_party/wine/include \
  -I/Users/runner/work/WineIOS-Core/WineIOS-Core/third_party/wine/include/msvcrt \
  -I/Users/runner/work/WineIOS-Core/WineIOS-Core/third_party/wine/libs/musl/src/internal \
  -I/Users/runner/work/WineIOS-Core/WineIOS-Core/third_party/wine/libs/musl/arch/generic -D_UCRT \
  -D_ACRTIMP= -D_NO_CRT_MATH_INLINE -fno-builtin -D__WINE_PE_BUILD -fuse-ld=lld --no-default-config \
  -fno-strict-aliasing -Wno-microsoft-enum-forward-reference -ffunction-sections \
  -ffp-exception-behavior=maytrap -gdwarf-4 -g -O2
aarch64-w64-mingw32-clang -c -o libs/musl/aarch64-windows/src/math/fmin.o /Users/runner/work/WineIOS-Core/WineIOS-Core/third_party/wine/libs/musl/src/math/fmin.c \
  -Ilibs/musl -I/Users/runner/work/WineIOS-Core/WineIOS-Core/third_party/wine/libs/musl -Iinclude \
  -I/Users/runner/work/WineIOS-Core/WineIOS-Core/third_party/wine/include \
  -I/Users/runner/work/WineIOS-Core/WineIOS-Core/third_party/wine/include/msvcrt \
  -I/Users/runner/work/WineIOS-Core/WineIOS-Core/third_party/wine/libs/musl/src/internal \
  -I/Users/runner/work/WineIOS-Core/WineIOS-Core/third_party/wine/libs/musl/arch/generic -D_UCRT \
  -D_ACRTIMP= -D_NO_CRT_MATH_INLINE -fno-builtin -D__WINE_PE_BUILD -fuse-ld=lld --no-default-config \
  -fno-strict-aliasing -Wno-microsoft-enum-forward-reference -ffunction-sections \
  -ffp-exception-behavior=maytrap -gdwarf-4 -g -O2
aarch64-w64-mingw32-clang -c -o libs/musl/aarch64-windows/src/math/fminf.o /Users/runner/work/WineIOS-Core/WineIOS-Core/third_party/wine/libs/musl/src/math/fminf.c \
  -Ilibs/musl -I/Users/runner/work/WineIOS-Core/WineIOS-Core/third_party/wine/libs/musl -Iinclude \
  -I/Users/runner/work/WineIOS-Core/WineIOS-Core/third_party/wine/include \
  -I/Users/runner/work/WineIOS-Core/WineIOS-Core/third_party/wine/include/msvcrt \
  -I/Users/runner/work/WineIOS-Core/WineIOS-Core/third_party/wine/libs/musl/src/internal \
  -I/Users/runner/work/WineIOS-Core/WineIOS-Core/third_party/wine/libs/musl/arch/generic -D_UCRT \
  -D_ACRTIMP= -D_NO_CRT_MATH_INLINE -fno-builtin -D__WINE_PE_BUILD -fuse-ld=lld --no-default-config \
  -fno-strict-aliasing -Wno-microsoft-enum-forward-reference -ffunction-sections \
  -ffp-exception-behavior=maytrap -gdwarf-4 -g -O2
aarch64-w64-mingw32-clang -c -o libs/musl/aarch64-windows/src/math/fmod.o /Users/runner/work/WineIOS-Core/WineIOS-Core/third_party/wine/libs/musl/src/math/fmod.c \
  -Ilibs/musl -I/Users/runner/work/WineIOS-Core/WineIOS-Core/third_party/wine/libs/musl -Iinclude \
  -I/Users/runner/work/WineIOS-Core/WineIOS-Core/third_party/wine/include \
  -I/Users/runner/work/WineIOS-Core/WineIOS-Core/third_party/wine/include/msvcrt \
  -I/Users/runner/work/WineIOS-Core/WineIOS-Core/third_party/wine/libs/musl/src/internal \
  -I/Users/runner/work/WineIOS-Core/WineIOS-Core/third_party/wine/libs/musl/arch/generic -D_UCRT \
  -D_ACRTIMP= -D_NO_CRT_MATH_INLINE -fno-builtin -D__WINE_PE_BUILD -fuse-ld=lld --no-default-config \
  -fno-strict-aliasing -Wno-microsoft-enum-forward-reference -ffunction-sections \
  -ffp-exception-behavior=maytrap -gdwarf-4 -g -O2
aarch64-w64-mingw32-clang -c -o libs/musl/aarch64-windows/src/math/fmodf.o /Users/runner/work/WineIOS-Core/WineIOS-Core/third_party/wine/libs/musl/src/math/fmodf.c \
  -Ilibs/musl -I/Users/runner/work/WineIOS-Core/WineIOS-Core/third_party/wine/libs/musl -Iinclude \
  -I/Users/runner/work/WineIOS-Core/WineIOS-Core/third_party/wine/include \
  -I/Users/runner/work/WineIOS-Core/WineIOS-Core/third_party/wine/include/msvcrt \
  -I/Users/runner/work/WineIOS-Core/WineIOS-Core/third_party/wine/libs/musl/src/internal \
  -I/Users/runner/work/WineIOS-Core/WineIOS-Core/third_party/wine/libs/musl/arch/generic -D_UCRT \
  -D_ACRTIMP= -D_NO_CRT_MATH_INLINE -fno-builtin -D__WINE_PE_BUILD -fuse-ld=lld --no-default-config \
  -fno-strict-aliasing -Wno-microsoft-enum-forward-reference -ffunction-sections \
  -ffp-exception-behavior=maytrap -gdwarf-4 -g -O2
aarch64-w64-mingw32-clang -c -o libs/musl/aarch64-windows/src/math/frexp.o /Users/runner/work/WineIOS-Core/WineIOS-Core/third_party/wine/libs/musl/src/math/frexp.c \
  -Ilibs/musl -I/Users/runner/work/WineIOS-Core/WineIOS-Core/third_party/wine/libs/musl -Iinclude \
  -I/Users/runner/work/WineIOS-Core/WineIOS-Core/third_party/wine/include \
  -I/Users/runner/work/WineIOS-Core/WineIOS-Core/third_party/wine/include/msvcrt \
  -I/Users/runner/work/WineIOS-Core/WineIOS-Core/third_party/wine/libs/musl/src/internal \
  -I/Users/runner/work/WineIOS-Core/WineIOS-Core/third_party/wine/libs/musl/arch/generic -D_UCRT \
  -D_ACRTIMP= -D_NO_CRT_MATH_INLINE -fno-builtin -D__WINE_PE_BUILD -fuse-ld=lld --no-default-config \
  -fno-strict-aliasing -Wno-microsoft-enum-forward-reference -ffunction-sections \
  -ffp-exception-behavior=maytrap -gdwarf-4 -g -O2
aarch64-w64-mingw32-clang -c -o libs/musl/aarch64-windows/src/math/frexpf.o /Users/runner/work/WineIOS-Core/WineIOS-Core/third_party/wine/libs/musl/src/math/frexpf.c \
  -Ilibs/musl -I/Users/runner/work/WineIOS-Core/WineIOS-Core/third_party/wine/libs/musl -Iinclude \
  -I/Users/runner/work/WineIOS-Core/WineIOS-Core/third_party/wine/include \
  -I/Users/runner/work/WineIOS-Core/WineIOS-Core/third_party/wine/include/msvcrt \
  -I/Users/runner/work/WineIOS-Core/WineIOS-Core/third_party/wine/libs/musl/src/internal \
  -I/Users/runner/work/WineIOS-Core/WineIOS-Core/third_party/wine/libs/musl/arch/generic -D_UCRT \
  -D_ACRTIMP= -D_NO_CRT_MATH_INLINE -fno-builtin -D__WINE_PE_BUILD -fuse-ld=lld --no-default-config \
  -fno-strict-aliasing -Wno-microsoft-enum-forward-reference -ffunction-sections \
  -ffp-exception-behavior=maytrap -gdwarf-4 -g -O2
aarch64-w64-mingw32-clang -c -o libs/musl/aarch64-windows/src/math/hypot.o /Users/runner/work/WineIOS-Core/WineIOS-Core/third_party/wine/libs/musl/src/math/hypot.c \
  -Ilibs/musl -I/Users/runner/work/WineIOS-Core/WineIOS-Core/third_party/wine/libs/musl -Iinclude \
  -I/Users/runner/work/WineIOS-Core/WineIOS-Core/third_party/wine/include \
  -I/Users/runner/work/WineIOS-Core/WineIOS-Core/third_party/wine/include/msvcrt \
  -I/Users/runner/work/WineIOS-Core/WineIOS-Core/third_party/wine/libs/musl/src/internal \
  -I/Users/runner/work/WineIOS-Core/WineIOS-Core/third_party/wine/libs/musl/arch/generic -D_UCRT \
  -D_ACRTIMP= -D_NO_CRT_MATH_INLINE -fno-builtin -D__WINE_PE_BUILD -fuse-ld=lld --no-default-config \
  -fno-strict-aliasing -Wno-microsoft-enum-forward-reference -ffunction-sections \
  -ffp-exception-behavior=maytrap -gdwarf-4 -g -O2
aarch64-w64-mingw32-clang -c -o libs/musl/aarch64-windows/src/math/hypotf.o /Users/runner/work/WineIOS-Core/WineIOS-Core/third_party/wine/libs/musl/src/math/hypotf.c \
  -Ilibs/musl -I/Users/runner/work/WineIOS-Core/WineIOS-Core/third_party/wine/libs/musl -Iinclude \
  -I/Users/runner/work/WineIOS-Core/WineIOS-Core/third_party/wine/include \
  -I/Users/runner/work/WineIOS-Core/WineIOS-Core/third_party/wine/include/msvcrt \
  -I/Users/runner/work/WineIOS-Core/WineIOS-Core/third_party/wine/libs/musl/src/internal \
  -I/Users/runner/work/WineIOS-Core/WineIOS-Core/third_party/wine/libs/musl/arch/generic -D_UCRT \
  -D_ACRTIMP= -D_NO_CRT_MATH_INLINE -fno-builtin -D__WINE_PE_BUILD -fuse-ld=lld --no-default-config \
  -fno-strict-aliasing -Wno-microsoft-enum-forward-reference -ffunction-sections \
  -ffp-exception-behavior=maytrap -gdwarf-4 -g -O2
aarch64-w64-mingw32-clang -c -o libs/musl/aarch64-windows/src/math/ilogb.o /Users/runner/work/WineIOS-Core/WineIOS-Core/third_party/wine/libs/musl/src/math/ilogb.c \
  -Ilibs/musl -I/Users/runner/work/WineIOS-Core/WineIOS-Core/third_party/wine/libs/musl -Iinclude \
  -I/Users/runner/work/WineIOS-Core/WineIOS-Core/third_party/wine/include \
  -I/Users/runner/work/WineIOS-Core/WineIOS-Core/third_party/wine/include/msvcrt \
  -I/Users/runner/work/WineIOS-Core/WineIOS-Core/third_party/wine/libs/musl/src/internal \
  -I/Users/runner/work/WineIOS-Core/WineIOS-Core/third_party/wine/libs/musl/arch/generic -D_UCRT \
  -D_ACRTIMP= -D_NO_CRT_MATH_INLINE -fno-builtin -D__WINE_PE_BUILD -fuse-ld=lld --no-default-config \
  -fno-strict-aliasing -Wno-microsoft-enum-forward-reference -ffunction-sections \
  -ffp-exception-behavior=maytrap -gdwarf-4 -g -O2
aarch64-w64-mingw32-clang -c -o libs/musl/aarch64-windows/src/math/ilogbf.o /Users/runner/work/WineIOS-Core/WineIOS-Core/third_party/wine/libs/musl/src/math/ilogbf.c \
  -Ilibs/musl -I/Users/runner/work/WineIOS-Core/WineIOS-Core/third_party/wine/libs/musl -Iinclude \
  -I/Users/runner/work/WineIOS-Core/WineIOS-Core/third_party/wine/include \
  -I/Users/runner/work/WineIOS-Core/WineIOS-Core/third_party/wine/include/msvcrt \
  -I/Users/runner/work/WineIOS-Core/WineIOS-Core/third_party/wine/libs/musl/src/internal \
  -I/Users/runner/work/WineIOS-Core/WineIOS-Core/third_party/wine/libs/musl/arch/generic -D_UCRT \
  -D_ACRTIMP= -D_NO_CRT_MATH_INLINE -fno-builtin -D__WINE_PE_BUILD -fuse-ld=lld --no-default-config \
  -fno-strict-aliasing -Wno-microsoft-enum-forward-reference -ffunction-sections \
  -ffp-exception-behavior=maytrap -gdwarf-4 -g -O2
aarch64-w64-mingw32-clang -c -o libs/musl/aarch64-windows/src/math/j0.o /Users/runner/work/WineIOS-Core/WineIOS-Core/third_party/wine/libs/musl/src/math/j0.c \
  -Ilibs/musl -I/Users/runner/work/WineIOS-Core/WineIOS-Core/third_party/wine/libs/musl -Iinclude \
  -I/Users/runner/work/WineIOS-Core/WineIOS-Core/third_party/wine/include \
  -I/Users/runner/work/WineIOS-Core/WineIOS-Core/third_party/wine/include/msvcrt \
  -I/Users/runner/work/WineIOS-Core/WineIOS-Core/third_party/wine/libs/musl/src/internal \
  -I/Users/runner/work/WineIOS-Core/WineIOS-Core/third_party/wine/libs/musl/arch/generic -D_UCRT \
  -D_ACRTIMP= -D_NO_CRT_MATH_INLINE -fno-builtin -D__WINE_PE_BUILD -fuse-ld=lld --no-default-config \
  -fno-strict-aliasing -Wno-microsoft-enum-forward-reference -ffunction-sections \
  -ffp-exception-behavior=maytrap -gdwarf-4 -g -O2
aarch64-w64-mingw32-clang -c -o libs/musl/aarch64-windows/src/math/j1.o /Users/runner/work/WineIOS-Core/WineIOS-Core/third_party/wine/libs/musl/src/math/j1.c \
  -Ilibs/musl -I/Users/runner/work/WineIOS-Core/WineIOS-Core/third_party/wine/libs/musl -Iinclude \
  -I/Users/runner/work/WineIOS-Core/WineIOS-Core/third_party/wine/include \
  -I/Users/runner/work/WineIOS-Core/WineIOS-Core/third_party/wine/include/msvcrt \
  -I/Users/runner/work/WineIOS-Core/WineIOS-Core/third_party/wine/libs/musl/src/internal \
  -I/Users/runner/work/WineIOS-Core/WineIOS-Core/third_party/wine/libs/musl/arch/generic -D_UCRT \
  -D_ACRTIMP= -D_NO_CRT_MATH_INLINE -fno-builtin -D__WINE_PE_BUILD -fuse-ld=lld --no-default-config \
  -fno-strict-aliasing -Wno-microsoft-enum-forward-reference -ffunction-sections \
  -ffp-exception-behavior=maytrap -gdwarf-4 -g -O2
aarch64-w64-mingw32-clang -c -o libs/musl/aarch64-windows/src/math/jn.o /Users/runner/work/WineIOS-Core/WineIOS-Core/third_party/wine/libs/musl/src/math/jn.c \
  -Ilibs/musl -I/Users/runner/work/WineIOS-Core/WineIOS-Core/third_party/wine/libs/musl -Iinclude \
  -I/Users/runner/work/WineIOS-Core/WineIOS-Core/third_party/wine/include \
  -I/Users/runner/work/WineIOS-Core/WineIOS-Core/third_party/wine/include/msvcrt \
  -I/Users/runner/work/WineIOS-Core/WineIOS-Core/third_party/wine/libs/musl/src/internal \
  -I/Users/runner/work/WineIOS-Core/WineIOS-Core/third_party/wine/libs/musl/arch/generic -D_UCRT \
  -D_ACRTIMP= -D_NO_CRT_MATH_INLINE -fno-builtin -D__WINE_PE_BUILD -fuse-ld=lld --no-default-config \
  -fno-strict-aliasing -Wno-microsoft-enum-forward-reference -ffunction-sections \
  -ffp-exception-behavior=maytrap -gdwarf-4 -g -O2
aarch64-w64-mingw32-clang -c -o libs/musl/aarch64-windows/src/math/ldexp.o /Users/runner/work/WineIOS-Core/WineIOS-Core/third_party/wine/libs/musl/src/math/ldexp.c \
  -Ilibs/musl -I/Users/runner/work/WineIOS-Core/WineIOS-Core/third_party/wine/libs/musl -Iinclude \
  -I/Users/runner/work/WineIOS-Core/WineIOS-Core/third_party/wine/include \
  -I/Users/runner/work/WineIOS-Core/WineIOS-Core/third_party/wine/include/msvcrt \
  -I/Users/runner/work/WineIOS-Core/WineIOS-Core/third_party/wine/libs/musl/src/internal \
  -I/Users/runner/work/WineIOS-Core/WineIOS-Core/third_party/wine/libs/musl/arch/generic -D_UCRT \
  -D_ACRTIMP= -D_NO_CRT_MATH_INLINE -fno-builtin -D__WINE_PE_BUILD -fuse-ld=lld --no-default-config \
  -fno-strict-aliasing -Wno-microsoft-enum-forward-reference -ffunction-sections \
  -ffp-exception-behavior=maytrap -gdwarf-4 -g -O2
aarch64-w64-mingw32-clang -c -o libs/musl/aarch64-windows/src/math/lgamma.o /Users/runner/work/WineIOS-Core/WineIOS-Core/third_party/wine/libs/musl/src/math/lgamma.c \
  -Ilibs/musl -I/Users/runner/work/WineIOS-Core/WineIOS-Core/third_party/wine/libs/musl -Iinclude \
  -I/Users/runner/work/WineIOS-Core/WineIOS-Core/third_party/wine/include \
  -I/Users/runner/work/WineIOS-Core/WineIOS-Core/third_party/wine/include/msvcrt \
  -I/Users/runner/work/WineIOS-Core/WineIOS-Core/third_party/wine/libs/musl/src/internal \
  -I/Users/runner/work/WineIOS-Core/WineIOS-Core/third_party/wine/libs/musl/arch/generic -D_UCRT \
  -D_ACRTIMP= -D_NO_CRT_MATH_INLINE -fno-builtin -D__WINE_PE_BUILD -fuse-ld=lld --no-default-config \
  -fno-strict-aliasing -Wno-microsoft-enum-forward-reference -ffunction-sections \
  -ffp-exception-behavior=maytrap -gdwarf-4 -g -O2
aarch64-w64-mingw32-clang -c -o libs/musl/aarch64-windows/src/math/lgamma_r.o /Users/runner/work/WineIOS-Core/WineIOS-Core/third_party/wine/libs/musl/src/math/lgamma_r.c \
  -Ilibs/musl -I/Users/runner/work/WineIOS-Core/WineIOS-Core/third_party/wine/libs/musl -Iinclude \
  -I/Users/runner/work/WineIOS-Core/WineIOS-Core/third_party/wine/include \
  -I/Users/runner/work/WineIOS-Core/WineIOS-Core/third_party/wine/include/msvcrt \
  -I/Users/runner/work/WineIOS-Core/WineIOS-Core/third_party/wine/libs/musl/src/internal \
  -I/Users/runner/work/WineIOS-Core/WineIOS-Core/third_party/wine/libs/musl/arch/generic -D_UCRT \
  -D_ACRTIMP= -D_NO_CRT_MATH_INLINE -fno-builtin -D__WINE_PE_BUILD -fuse-ld=lld --no-default-config \
  -fno-strict-aliasing -Wno-microsoft-enum-forward-reference -ffunction-sections \
  -ffp-exception-behavior=maytrap -gdwarf-4 -g -O2
aarch64-w64-mingw32-clang -c -o libs/musl/aarch64-windows/src/math/lgammaf.o /Users/runner/work/WineIOS-Core/WineIOS-Core/third_party/wine/libs/musl/src/math/lgammaf.c \
  -Ilibs/musl -I/Users/runner/work/WineIOS-Core/WineIOS-Core/third_party/wine/libs/musl -Iinclude \
  -I/Users/runner/work/WineIOS-Core/WineIOS-Core/third_party/wine/include \
  -I/Users/runner/work/WineIOS-Core/WineIOS-Core/third_party/wine/include/msvcrt \
  -I/Users/runner/work/WineIOS-Core/WineIOS-Core/third_party/wine/libs/musl/src/internal \
  -I/Users/runner/work/WineIOS-Core/WineIOS-Core/third_party/wine/libs/musl/arch/generic -D_UCRT \
  -D_ACRTIMP= -D_NO_CRT_MATH_INLINE -fno-builtin -D__WINE_PE_BUILD -fuse-ld=lld --no-default-config \
  -fno-strict-aliasing -Wno-microsoft-enum-forward-reference -ffunction-sections \
  -ffp-exception-behavior=maytrap -gdwarf-4 -g -O2
aarch64-w64-mingw32-clang -c -o libs/musl/aarch64-windows/src/math/lgammaf_r.o /Users/runner/work/WineIOS-Core/WineIOS-Core/third_party/wine/libs/musl/src/math/lgammaf_r.c \
  -Ilibs/musl -I/Users/runner/work/WineIOS-Core/WineIOS-Core/third_party/wine/libs/musl -Iinclude \
  -I/Users/runner/work/WineIOS-Core/WineIOS-Core/third_party/wine/include \
  -I/Users/runner/work/WineIOS-Core/WineIOS-Core/third_party/wine/include/msvcrt \
  -I/Users/runner/work/WineIOS-Core/WineIOS-Core/third_party/wine/libs/musl/src/internal \
  -I/Users/runner/work/WineIOS-Core/WineIOS-Core/third_party/wine/libs/musl/arch/generic -D_UCRT \
  -D_ACRTIMP= -D_NO_CRT_MATH_INLINE -fno-builtin -D__WINE_PE_BUILD -fuse-ld=lld --no-default-config \
  -fno-strict-aliasing -Wno-microsoft-enum-forward-reference -ffunction-sections \
  -ffp-exception-behavior=maytrap -gdwarf-4 -g -O2
aarch64-w64-mingw32-clang -c -o libs/musl/aarch64-windows/src/math/log.o /Users/runner/work/WineIOS-Core/WineIOS-Core/third_party/wine/libs/musl/src/math/log.c \
  -Ilibs/musl -I/Users/runner/work/WineIOS-Core/WineIOS-Core/third_party/wine/libs/musl -Iinclude \
  -I/Users/runner/work/WineIOS-Core/WineIOS-Core/third_party/wine/include \
  -I/Users/runner/work/WineIOS-Core/WineIOS-Core/third_party/wine/include/msvcrt \
  -I/Users/runner/work/WineIOS-Core/WineIOS-Core/third_party/wine/libs/musl/src/internal \
  -I/Users/runner/work/WineIOS-Core/WineIOS-Core/third_party/wine/libs/musl/arch/generic -D_UCRT \
  -D_ACRTIMP= -D_NO_CRT_MATH_INLINE -fno-builtin -D__WINE_PE_BUILD -fuse-ld=lld --no-default-config \
  -fno-strict-aliasing -Wno-microsoft-enum-forward-reference -ffunction-sections \
  -ffp-exception-behavior=maytrap -gdwarf-4 -g -O2
aarch64-w64-mingw32-clang -c -o libs/musl/aarch64-windows/src/math/log10.o /Users/runner/work/WineIOS-Core/WineIOS-Core/third_party/wine/libs/musl/src/math/log10.c \
  -Ilibs/musl -I/Users/runner/work/WineIOS-Core/WineIOS-Core/third_party/wine/libs/musl -Iinclude \
  -I/Users/runner/work/WineIOS-Core/WineIOS-Core/third_party/wine/include \
  -I/Users/runner/work/WineIOS-Core/WineIOS-Core/third_party/wine/include/msvcrt \
  -I/Users/runner/work/WineIOS-Core/WineIOS-Core/third_party/wine/libs/musl/src/internal \
  -I/Users/runner/work/WineIOS-Core/WineIOS-Core/third_party/wine/libs/musl/arch/generic -D_UCRT \
  -D_ACRTIMP= -D_NO_CRT_MATH_INLINE -fno-builtin -D__WINE_PE_BUILD -fuse-ld=lld --no-default-config \
  -fno-strict-aliasing -Wno-microsoft-enum-forward-reference -ffunction-sections \
  -ffp-exception-behavior=maytrap -gdwarf-4 -g -O2
aarch64-w64-mingw32-clang -c -o libs/musl/aarch64-windows/src/math/log10f.o /Users/runner/work/WineIOS-Core/WineIOS-Core/third_party/wine/libs/musl/src/math/log10f.c \
  -Ilibs/musl -I/Users/runner/work/WineIOS-Core/WineIOS-Core/third_party/wine/libs/musl -Iinclude \
  -I/Users/runner/work/WineIOS-Core/WineIOS-Core/third_party/wine/include \
  -I/Users/runner/work/WineIOS-Core/WineIOS-Core/third_party/wine/include/msvcrt \
  -I/Users/runner/work/WineIOS-Core/WineIOS-Core/third_party/wine/libs/musl/src/internal \
  -I/Users/runner/work/WineIOS-Core/WineIOS-Core/third_party/wine/libs/musl/arch/generic -D_UCRT \
  -D_ACRTIMP= -D_NO_CRT_MATH_INLINE -fno-builtin -D__WINE_PE_BUILD -fuse-ld=lld --no-default-config \
  -fno-strict-aliasing -Wno-microsoft-enum-forward-reference -ffunction-sections \
  -ffp-exception-behavior=maytrap -gdwarf-4 -g -O2
aarch64-w64-mingw32-clang -c -o libs/musl/aarch64-windows/src/math/log1p.o /Users/runner/work/WineIOS-Core/WineIOS-Core/third_party/wine/libs/musl/src/math/log1p.c \
  -Ilibs/musl -I/Users/runner/work/WineIOS-Core/WineIOS-Core/third_party/wine/libs/musl -Iinclude \
  -I/Users/runner/work/WineIOS-Core/WineIOS-Core/third_party/wine/include \
  -I/Users/runner/work/WineIOS-Core/WineIOS-Core/third_party/wine/include/msvcrt \
  -I/Users/runner/work/WineIOS-Core/WineIOS-Core/third_party/wine/libs/musl/src/internal \
  -I/Users/runner/work/WineIOS-Core/WineIOS-Core/third_party/wine/libs/musl/arch/generic -D_UCRT \
  -D_ACRTIMP= -D_NO_CRT_MATH_INLINE -fno-builtin -D__WINE_PE_BUILD -fuse-ld=lld --no-default-config \
  -fno-strict-aliasing -Wno-microsoft-enum-forward-reference -ffunction-sections \
  -ffp-exception-behavior=maytrap -gdwarf-4 -g -O2
aarch64-w64-mingw32-clang -c -o libs/musl/aarch64-windows/src/math/log1pf.o /Users/runner/work/WineIOS-Core/WineIOS-Core/third_party/wine/libs/musl/src/math/log1pf.c \
  -Ilibs/musl -I/Users/runner/work/WineIOS-Core/WineIOS-Core/third_party/wine/libs/musl -Iinclude \
  -I/Users/runner/work/WineIOS-Core/WineIOS-Core/third_party/wine/include \
  -I/Users/runner/work/WineIOS-Core/WineIOS-Core/third_party/wine/include/msvcrt \
  -I/Users/runner/work/WineIOS-Core/WineIOS-Core/third_party/wine/libs/musl/src/internal \
  -I/Users/runner/work/WineIOS-Core/WineIOS-Core/third_party/wine/libs/musl/arch/generic -D_UCRT \
  -D_ACRTIMP= -D_NO_CRT_MATH_INLINE -fno-builtin -D__WINE_PE_BUILD -fuse-ld=lld --no-default-config \
  -fno-strict-aliasing -Wno-microsoft-enum-forward-reference -ffunction-sections \
  -ffp-exception-behavior=maytrap -gdwarf-4 -g -O2
aarch64-w64-mingw32-clang -c -o libs/musl/aarch64-windows/src/math/log2.o /Users/runner/work/WineIOS-Core/WineIOS-Core/third_party/wine/libs/musl/src/math/log2.c \
  -Ilibs/musl -I/Users/runner/work/WineIOS-Core/WineIOS-Core/third_party/wine/libs/musl -Iinclude \
  -I/Users/runner/work/WineIOS-Core/WineIOS-Core/third_party/wine/include \
  -I/Users/runner/work/WineIOS-Core/WineIOS-Core/third_party/wine/include/msvcrt \
  -I/Users/runner/work/WineIOS-Core/WineIOS-Core/third_party/wine/libs/musl/src/internal \
  -I/Users/runner/work/WineIOS-Core/WineIOS-Core/third_party/wine/libs/musl/arch/generic -D_UCRT \
  -D_ACRTIMP= -D_NO_CRT_MATH_INLINE -fno-builtin -D__WINE_PE_BUILD -fuse-ld=lld --no-default-config \
  -fno-strict-aliasing -Wno-microsoft-enum-forward-reference -ffunction-sections \
  -ffp-exception-behavior=maytrap -gdwarf-4 -g -O2
aarch64-w64-mingw32-clang -c -o libs/musl/aarch64-windows/src/math/log2_data.o /Users/runner/work/WineIOS-Core/WineIOS-Core/third_party/wine/libs/musl/src/math/log2_data.c \
  -Ilibs/musl -I/Users/runner/work/WineIOS-Core/WineIOS-Core/third_party/wine/libs/musl -Iinclude \
  -I/Users/runner/work/WineIOS-Core/WineIOS-Core/third_party/wine/include \
  -I/Users/runner/work/WineIOS-Core/WineIOS-Core/third_party/wine/include/msvcrt \
  -I/Users/runner/work/WineIOS-Core/WineIOS-Core/third_party/wine/libs/musl/src/internal \
  -I/Users/runner/work/WineIOS-Core/WineIOS-Core/third_party/wine/libs/musl/arch/generic -D_UCRT \
  -D_ACRTIMP= -D_NO_CRT_MATH_INLINE -fno-builtin -D__WINE_PE_BUILD -fuse-ld=lld --no-default-config \
  -fno-strict-aliasing -Wno-microsoft-enum-forward-reference -ffunction-sections \
  -ffp-exception-behavior=maytrap -gdwarf-4 -g -O2
aarch64-w64-mingw32-clang -c -o libs/musl/aarch64-windows/src/math/log2f.o /Users/runner/work/WineIOS-Core/WineIOS-Core/third_party/wine/libs/musl/src/math/log2f.c \
  -Ilibs/musl -I/Users/runner/work/WineIOS-Core/WineIOS-Core/third_party/wine/libs/musl -Iinclude \
  -I/Users/runner/work/WineIOS-Core/WineIOS-Core/third_party/wine/include \
  -I/Users/runner/work/WineIOS-Core/WineIOS-Core/third_party/wine/include/msvcrt \
  -I/Users/runner/work/WineIOS-Core/WineIOS-Core/third_party/wine/libs/musl/src/internal \
  -I/Users/runner/work/WineIOS-Core/WineIOS-Core/third_party/wine/libs/musl/arch/generic -D_UCRT \
  -D_ACRTIMP= -D_NO_CRT_MATH_INLINE -fno-builtin -D__WINE_PE_BUILD -fuse-ld=lld --no-default-config \
  -fno-strict-aliasing -Wno-microsoft-enum-forward-reference -ffunction-sections \
  -ffp-exception-behavior=maytrap -gdwarf-4 -g -O2
aarch64-w64-mingw32-clang -c -o libs/musl/aarch64-windows/src/math/log2f_data.o /Users/runner/work/WineIOS-Core/WineIOS-Core/third_party/wine/libs/musl/src/math/log2f_data.c \
  -Ilibs/musl -I/Users/runner/work/WineIOS-Core/WineIOS-Core/third_party/wine/libs/musl -Iinclude \
  -I/Users/runner/work/WineIOS-Core/WineIOS-Core/third_party/wine/include \
  -I/Users/runner/work/WineIOS-Core/WineIOS-Core/third_party/wine/include/msvcrt \
  -I/Users/runner/work/WineIOS-Core/WineIOS-Core/third_party/wine/libs/musl/src/internal \
  -I/Users/runner/work/WineIOS-Core/WineIOS-Core/third_party/wine/libs/musl/arch/generic -D_UCRT \
  -D_ACRTIMP= -D_NO_CRT_MATH_INLINE -fno-builtin -D__WINE_PE_BUILD -fuse-ld=lld --no-default-config \
  -fno-strict-aliasing -Wno-microsoft-enum-forward-reference -ffunction-sections \
  -ffp-exception-behavior=maytrap -gdwarf-4 -g -O2
aarch64-w64-mingw32-clang -c -o libs/musl/aarch64-windows/src/math/log_data.o /Users/runner/work/WineIOS-Core/WineIOS-Core/third_party/wine/libs/musl/src/math/log_data.c \
  -Ilibs/musl -I/Users/runner/work/WineIOS-Core/WineIOS-Core/third_party/wine/libs/musl -Iinclude \
  -I/Users/runner/work/WineIOS-Core/WineIOS-Core/third_party/wine/include \
  -I/Users/runner/work/WineIOS-Core/WineIOS-Core/third_party/wine/include/msvcrt \
  -I/Users/runner/work/WineIOS-Core/WineIOS-Core/third_party/wine/libs/musl/src/internal \
  -I/Users/runner/work/WineIOS-Core/WineIOS-Core/third_party/wine/libs/musl/arch/generic -D_UCRT \
  -D_ACRTIMP= -D_NO_CRT_MATH_INLINE -fno-builtin -D__WINE_PE_BUILD -fuse-ld=lld --no-default-config \
  -fno-strict-aliasing -Wno-microsoft-enum-forward-reference -ffunction-sections \
  -ffp-exception-behavior=maytrap -gdwarf-4 -g -O2
aarch64-w64-mingw32-clang -c -o libs/musl/aarch64-windows/src/math/logb.o /Users/runner/work/WineIOS-Core/WineIOS-Core/third_party/wine/libs/musl/src/math/logb.c \
  -Ilibs/musl -I/Users/runner/work/WineIOS-Core/WineIOS-Core/third_party/wine/libs/musl -Iinclude \
  -I/Users/runner/work/WineIOS-Core/WineIOS-Core/third_party/wine/include \
  -I/Users/runner/work/WineIOS-Core/WineIOS-Core/third_party/wine/include/msvcrt \
  -I/Users/runner/work/WineIOS-Core/WineIOS-Core/third_party/wine/libs/musl/src/internal \
  -I/Users/runner/work/WineIOS-Core/WineIOS-Core/third_party/wine/libs/musl/arch/generic -D_UCRT \
  -D_ACRTIMP= -D_NO_CRT_MATH_INLINE -fno-builtin -D__WINE_PE_BUILD -fuse-ld=lld --no-default-config \
  -fno-strict-aliasing -Wno-microsoft-enum-forward-reference -ffunction-sections \
  -ffp-exception-behavior=maytrap -gdwarf-4 -g -O2
aarch64-w64-mingw32-clang -c -o libs/musl/aarch64-windows/src/math/logbf.o /Users/runner/work/WineIOS-Core/WineIOS-Core/third_party/wine/libs/musl/src/math/logbf.c \
  -Ilibs/musl -I/Users/runner/work/WineIOS-Core/WineIOS-Core/third_party/wine/libs/musl -Iinclude \
  -I/Users/runner/work/WineIOS-Core/WineIOS-Core/third_party/wine/include \
  -I/Users/runner/work/WineIOS-Core/WineIOS-Core/third_party/wine/include/msvcrt \
  -I/Users/runner/work/WineIOS-Core/WineIOS-Core/third_party/wine/libs/musl/src/internal \
  -I/Users/runner/work/WineIOS-Core/WineIOS-Core/third_party/wine/libs/musl/arch/generic -D_UCRT \
  -D_ACRTIMP= -D_NO_CRT_MATH_INLINE -fno-builtin -D__WINE_PE_BUILD -fuse-ld=lld --no-default-config \
  -fno-strict-aliasing -Wno-microsoft-enum-forward-reference -ffunction-sections \
  -ffp-exception-behavior=maytrap -gdwarf-4 -g -O2
aarch64-w64-mingw32-clang -c -o libs/musl/aarch64-windows/src/math/logf.o /Users/runner/work/WineIOS-Core/WineIOS-Core/third_party/wine/libs/musl/src/math/logf.c \
  -Ilibs/musl -I/Users/runner/work/WineIOS-Core/WineIOS-Core/third_party/wine/libs/musl -Iinclude \
  -I/Users/runner/work/WineIOS-Core/WineIOS-Core/third_party/wine/include \
  -I/Users/runner/work/WineIOS-Core/WineIOS-Core/third_party/wine/include/msvcrt \
  -I/Users/runner/work/WineIOS-Core/WineIOS-Core/third_party/wine/libs/musl/src/internal \
  -I/Users/runner/work/WineIOS-Core/WineIOS-Core/third_party/wine/libs/musl/arch/generic -D_UCRT \
  -D_ACRTIMP= -D_NO_CRT_MATH_INLINE -fno-builtin -D__WINE_PE_BUILD -fuse-ld=lld --no-default-config \
  -fno-strict-aliasing -Wno-microsoft-enum-forward-reference -ffunction-sections \
  -ffp-exception-behavior=maytrap -gdwarf-4 -g -O2
aarch64-w64-mingw32-clang -c -o libs/musl/aarch64-windows/src/math/logf_data.o /Users/runner/work/WineIOS-Core/WineIOS-Core/third_party/wine/libs/musl/src/math/logf_data.c \
  -Ilibs/musl -I/Users/runner/work/WineIOS-Core/WineIOS-Core/third_party/wine/libs/musl -Iinclude \
  -I/Users/runner/work/WineIOS-Core/WineIOS-Core/third_party/wine/include \
  -I/Users/runner/work/WineIOS-Core/WineIOS-Core/third_party/wine/include/msvcrt \
  -I/Users/runner/work/WineIOS-Core/WineIOS-Core/third_party/wine/libs/musl/src/internal \
  -I/Users/runner/work/WineIOS-Core/WineIOS-Core/third_party/wine/libs/musl/arch/generic -D_UCRT \
  -D_ACRTIMP= -D_NO_CRT_MATH_INLINE -fno-builtin -D__WINE_PE_BUILD -fuse-ld=lld --no-default-config \
  -fno-strict-aliasing -Wno-microsoft-enum-forward-reference -ffunction-sections \
  -ffp-exception-behavior=maytrap -gdwarf-4 -g -O2
aarch64-w64-mingw32-clang -c -o libs/musl/aarch64-windows/src/math/modf.o /Users/runner/work/WineIOS-Core/WineIOS-Core/third_party/wine/libs/musl/src/math/modf.c \
  -Ilibs/musl -I/Users/runner/work/WineIOS-Core/WineIOS-Core/third_party/wine/libs/musl -Iinclude \
  -I/Users/runner/work/WineIOS-Core/WineIOS-Core/third_party/wine/include \
  -I/Users/runner/work/WineIOS-Core/WineIOS-Core/third_party/wine/include/msvcrt \
  -I/Users/runner/work/WineIOS-Core/WineIOS-Core/third_party/wine/libs/musl/src/internal \
  -I/Users/runner/work/WineIOS-Core/WineIOS-Core/third_party/wine/libs/musl/arch/generic -D_UCRT \
  -D_ACRTIMP= -D_NO_CRT_MATH_INLINE -fno-builtin -D__WINE_PE_BUILD -fuse-ld=lld --no-default-config \
  -fno-strict-aliasing -Wno-microsoft-enum-forward-reference -ffunction-sections \
  -ffp-exception-behavior=maytrap -gdwarf-4 -g -O2
aarch64-w64-mingw32-clang -c -o libs/musl/aarch64-windows/src/math/modff.o /Users/runner/work/WineIOS-Core/WineIOS-Core/third_party/wine/libs/musl/src/math/modff.c \
  -Ilibs/musl -I/Users/runner/work/WineIOS-Core/WineIOS-Core/third_party/wine/libs/musl -Iinclude \
  -I/Users/runner/work/WineIOS-Core/WineIOS-Core/third_party/wine/include \
  -I/Users/runner/work/WineIOS-Core/WineIOS-Core/third_party/wine/include/msvcrt \
  -I/Users/runner/work/WineIOS-Core/WineIOS-Core/third_party/wine/libs/musl/src/internal \
  -I/Users/runner/work/WineIOS-Core/WineIOS-Core/third_party/wine/libs/musl/arch/generic -D_UCRT \
  -D_ACRTIMP= -D_NO_CRT_MATH_INLINE -fno-builtin -D__WINE_PE_BUILD -fuse-ld=lld --no-default-config \
  -fno-strict-aliasing -Wno-microsoft-enum-forward-reference -ffunction-sections \
  -ffp-exception-behavior=maytrap -gdwarf-4 -g -O2
aarch64-w64-mingw32-clang -c -o libs/musl/aarch64-windows/src/math/nan.o /Users/runner/work/WineIOS-Core/WineIOS-Core/third_party/wine/libs/musl/src/math/nan.c \
  -Ilibs/musl -I/Users/runner/work/WineIOS-Core/WineIOS-Core/third_party/wine/libs/musl -Iinclude \
  -I/Users/runner/work/WineIOS-Core/WineIOS-Core/third_party/wine/include \
  -I/Users/runner/work/WineIOS-Core/WineIOS-Core/third_party/wine/include/msvcrt \
  -I/Users/runner/work/WineIOS-Core/WineIOS-Core/third_party/wine/libs/musl/src/internal \
  -I/Users/runner/work/WineIOS-Core/WineIOS-Core/third_party/wine/libs/musl/arch/generic -D_UCRT \
  -D_ACRTIMP= -D_NO_CRT_MATH_INLINE -fno-builtin -D__WINE_PE_BUILD -fuse-ld=lld --no-default-config \
  -fno-strict-aliasing -Wno-microsoft-enum-forward-reference -ffunction-sections \
  -ffp-exception-behavior=maytrap -gdwarf-4 -g -O2
aarch64-w64-mingw32-clang -c -o libs/musl/aarch64-windows/src/math/nanf.o /Users/runner/work/WineIOS-Core/WineIOS-Core/third_party/wine/libs/musl/src/math/nanf.c \
  -Ilibs/musl -I/Users/runner/work/WineIOS-Core/WineIOS-Core/third_party/wine/libs/musl -Iinclude \
  -I/Users/runner/work/WineIOS-Core/WineIOS-Core/third_party/wine/include \
  -I/Users/runner/work/WineIOS-Core/WineIOS-Core/third_party/wine/include/msvcrt \
  -I/Users/runner/work/WineIOS-Core/WineIOS-Core/third_party/wine/libs/musl/src/internal \
  -I/Users/runner/work/WineIOS-Core/WineIOS-Core/third_party/wine/libs/musl/arch/generic -D_UCRT \
  -D_ACRTIMP= -D_NO_CRT_MATH_INLINE -fno-builtin -D__WINE_PE_BUILD -fuse-ld=lld --no-default-config \
  -fno-strict-aliasing -Wno-microsoft-enum-forward-reference -ffunction-sections \
  -ffp-exception-behavior=maytrap -gdwarf-4 -g -O2
aarch64-w64-mingw32-clang -c -o libs/musl/aarch64-windows/src/math/nextafter.o /Users/runner/work/WineIOS-Core/WineIOS-Core/third_party/wine/libs/musl/src/math/nextafter.c \
  -Ilibs/musl -I/Users/runner/work/WineIOS-Core/WineIOS-Core/third_party/wine/libs/musl -Iinclude \
  -I/Users/runner/work/WineIOS-Core/WineIOS-Core/third_party/wine/include \
  -I/Users/runner/work/WineIOS-Core/WineIOS-Core/third_party/wine/include/msvcrt \
  -I/Users/runner/work/WineIOS-Core/WineIOS-Core/third_party/wine/libs/musl/src/internal \
  -I/Users/runner/work/WineIOS-Core/WineIOS-Core/third_party/wine/libs/musl/arch/generic -D_UCRT \
  -D_ACRTIMP= -D_NO_CRT_MATH_INLINE -fno-builtin -D__WINE_PE_BUILD -fuse-ld=lld --no-default-config \
  -fno-strict-aliasing -Wno-microsoft-enum-forward-reference -ffunction-sections \
  -ffp-exception-behavior=maytrap -gdwarf-4 -g -O2
aarch64-w64-mingw32-clang -c -o libs/musl/aarch64-windows/src/math/nextafterf.o /Users/runner/work/WineIOS-Core/WineIOS-Core/third_party/wine/libs/musl/src/math/nextafterf.c \
  -Ilibs/musl -I/Users/runner/work/WineIOS-Core/WineIOS-Core/third_party/wine/libs/musl -Iinclude \
  -I/Users/runner/work/WineIOS-Core/WineIOS-Core/third_party/wine/include \
  -I/Users/runner/work/WineIOS-Core/WineIOS-Core/third_party/wine/include/msvcrt \
  -I/Users/runner/work/WineIOS-Core/WineIOS-Core/third_party/wine/libs/musl/src/internal \
  -I/Users/runner/work/WineIOS-Core/WineIOS-Core/third_party/wine/libs/musl/arch/generic -D_UCRT \
  -D_ACRTIMP= -D_NO_CRT_MATH_INLINE -fno-builtin -D__WINE_PE_BUILD -fuse-ld=lld --no-default-config \
  -fno-strict-aliasing -Wno-microsoft-enum-forward-reference -ffunction-sections \
  -ffp-exception-behavior=maytrap -gdwarf-4 -g -O2
aarch64-w64-mingw32-clang -c -o libs/musl/aarch64-windows/src/math/nexttoward.o /Users/runner/work/WineIOS-Core/WineIOS-Core/third_party/wine/libs/musl/src/math/nexttoward.c \
  -Ilibs/musl -I/Users/runner/work/WineIOS-Core/WineIOS-Core/third_party/wine/libs/musl -Iinclude \
  -I/Users/runner/work/WineIOS-Core/WineIOS-Core/third_party/wine/include \
  -I/Users/runner/work/WineIOS-Core/WineIOS-Core/third_party/wine/include/msvcrt \
  -I/Users/runner/work/WineIOS-Core/WineIOS-Core/third_party/wine/libs/musl/src/internal \
  -I/Users/runner/work/WineIOS-Core/WineIOS-Core/third_party/wine/libs/musl/arch/generic -D_UCRT \
  -D_ACRTIMP= -D_NO_CRT_MATH_INLINE -fno-builtin -D__WINE_PE_BUILD -fuse-ld=lld --no-default-config \
  -fno-strict-aliasing -Wno-microsoft-enum-forward-reference -ffunction-sections \
  -ffp-exception-behavior=maytrap -gdwarf-4 -g -O2
aarch64-w64-mingw32-clang -c -o libs/musl/aarch64-windows/src/math/nexttowardf.o /Users/runner/work/WineIOS-Core/WineIOS-Core/third_party/wine/libs/musl/src/math/nexttowardf.c \
  -Ilibs/musl -I/Users/runner/work/WineIOS-Core/WineIOS-Core/third_party/wine/libs/musl -Iinclude \
  -I/Users/runner/work/WineIOS-Core/WineIOS-Core/third_party/wine/include \
  -I/Users/runner/work/WineIOS-Core/WineIOS-Core/third_party/wine/include/msvcrt \
  -I/Users/runner/work/WineIOS-Core/WineIOS-Core/third_party/wine/libs/musl/src/internal \
  -I/Users/runner/work/WineIOS-Core/WineIOS-Core/third_party/wine/libs/musl/arch/generic -D_UCRT \
  -D_ACRTIMP= -D_NO_CRT_MATH_INLINE -fno-builtin -D__WINE_PE_BUILD -fuse-ld=lld --no-default-config \
  -fno-strict-aliasing -Wno-microsoft-enum-forward-reference -ffunction-sections \
  -ffp-exception-behavior=maytrap -gdwarf-4 -g -O2
aarch64-w64-mingw32-clang -c -o libs/musl/aarch64-windows/src/math/pow.o /Users/runner/work/WineIOS-Core/WineIOS-Core/third_party/wine/libs/musl/src/math/pow.c \
  -Ilibs/musl -I/Users/runner/work/WineIOS-Core/WineIOS-Core/third_party/wine/libs/musl -Iinclude \
  -I/Users/runner/work/WineIOS-Core/WineIOS-Core/third_party/wine/include \
  -I/Users/runner/work/WineIOS-Core/WineIOS-Core/third_party/wine/include/msvcrt \
  -I/Users/runner/work/WineIOS-Core/WineIOS-Core/third_party/wine/libs/musl/src/internal \
  -I/Users/runner/work/WineIOS-Core/WineIOS-Core/third_party/wine/libs/musl/arch/generic -D_UCRT \
  -D_ACRTIMP= -D_NO_CRT_MATH_INLINE -fno-builtin -D__WINE_PE_BUILD -fuse-ld=lld --no-default-config \
  -fno-strict-aliasing -Wno-microsoft-enum-forward-reference -ffunction-sections \
  -ffp-exception-behavior=maytrap -gdwarf-4 -g -O2
aarch64-w64-mingw32-clang -c -o libs/musl/aarch64-windows/src/math/pow_data.o /Users/runner/work/WineIOS-Core/WineIOS-Core/third_party/wine/libs/musl/src/math/pow_data.c \
  -Ilibs/musl -I/Users/runner/work/WineIOS-Core/WineIOS-Core/third_party/wine/libs/musl -Iinclude \
  -I/Users/runner/work/WineIOS-Core/WineIOS-Core/third_party/wine/include \
  -I/Users/runner/work/WineIOS-Core/WineIOS-Core/third_party/wine/include/msvcrt \
  -I/Users/runner/work/WineIOS-Core/WineIOS-Core/third_party/wine/libs/musl/src/internal \
  -I/Users/runner/work/WineIOS-Core/WineIOS-Core/third_party/wine/libs/musl/arch/generic -D_UCRT \
  -D_ACRTIMP= -D_NO_CRT_MATH_INLINE -fno-builtin -D__WINE_PE_BUILD -fuse-ld=lld --no-default-config \
  -fno-strict-aliasing -Wno-microsoft-enum-forward-reference -ffunction-sections \
  -ffp-exception-behavior=maytrap -gdwarf-4 -g -O2
aarch64-w64-mingw32-clang -c -o libs/musl/aarch64-windows/src/math/powf.o /Users/runner/work/WineIOS-Core/WineIOS-Core/third_party/wine/libs/musl/src/math/powf.c \
  -Ilibs/musl -I/Users/runner/work/WineIOS-Core/WineIOS-Core/third_party/wine/libs/musl -Iinclude \
  -I/Users/runner/work/WineIOS-Core/WineIOS-Core/third_party/wine/include \
  -I/Users/runner/work/WineIOS-Core/WineIOS-Core/third_party/wine/include/msvcrt \
  -I/Users/runner/work/WineIOS-Core/WineIOS-Core/third_party/wine/libs/musl/src/internal \
  -I/Users/runner/work/WineIOS-Core/WineIOS-Core/third_party/wine/libs/musl/arch/generic -D_UCRT \
  -D_ACRTIMP= -D_NO_CRT_MATH_INLINE -fno-builtin -D__WINE_PE_BUILD -fuse-ld=lld --no-default-config \
  -fno-strict-aliasing -Wno-microsoft-enum-forward-reference -ffunction-sections \
  -ffp-exception-behavior=maytrap -gdwarf-4 -g -O2
aarch64-w64-mingw32-clang -c -o libs/musl/aarch64-windows/src/math/powf_data.o /Users/runner/work/WineIOS-Core/WineIOS-Core/third_party/wine/libs/musl/src/math/powf_data.c \
  -Ilibs/musl -I/Users/runner/work/WineIOS-Core/WineIOS-Core/third_party/wine/libs/musl -Iinclude \
  -I/Users/runner/work/WineIOS-Core/WineIOS-Core/third_party/wine/include \
  -I/Users/runner/work/WineIOS-Core/WineIOS-Core/third_party/wine/include/msvcrt \
  -I/Users/runner/work/WineIOS-Core/WineIOS-Core/third_party/wine/libs/musl/src/internal \
  -I/Users/runner/work/WineIOS-Core/WineIOS-Core/third_party/wine/libs/musl/arch/generic -D_UCRT \
  -D_ACRTIMP= -D_NO_CRT_MATH_INLINE -fno-builtin -D__WINE_PE_BUILD -fuse-ld=lld --no-default-config \
  -fno-strict-aliasing -Wno-microsoft-enum-forward-reference -ffunction-sections \
  -ffp-exception-behavior=maytrap -gdwarf-4 -g -O2
aarch64-w64-mingw32-clang -c -o libs/musl/aarch64-windows/src/math/remainder.o /Users/runner/work/WineIOS-Core/WineIOS-Core/third_party/wine/libs/musl/src/math/remainder.c \
  -Ilibs/musl -I/Users/runner/work/WineIOS-Core/WineIOS-Core/third_party/wine/libs/musl -Iinclude \
  -I/Users/runner/work/WineIOS-Core/WineIOS-Core/third_party/wine/include \
  -I/Users/runner/work/WineIOS-Core/WineIOS-Core/third_party/wine/include/msvcrt \
  -I/Users/runner/work/WineIOS-Core/WineIOS-Core/third_party/wine/libs/musl/src/internal \
  -I/Users/runner/work/WineIOS-Core/WineIOS-Core/third_party/wine/libs/musl/arch/generic -D_UCRT \
  -D_ACRTIMP= -D_NO_CRT_MATH_INLINE -fno-builtin -D__WINE_PE_BUILD -fuse-ld=lld --no-default-config \
  -fno-strict-aliasing -Wno-microsoft-enum-forward-reference -ffunction-sections \
  -ffp-exception-behavior=maytrap -gdwarf-4 -g -O2
aarch64-w64-mingw32-clang -c -o libs/musl/aarch64-windows/src/math/remainderf.o /Users/runner/work/WineIOS-Core/WineIOS-Core/third_party/wine/libs/musl/src/math/remainderf.c \
  -Ilibs/musl -I/Users/runner/work/WineIOS-Core/WineIOS-Core/third_party/wine/libs/musl -Iinclude \
  -I/Users/runner/work/WineIOS-Core/WineIOS-Core/third_party/wine/include \
  -I/Users/runner/work/WineIOS-Core/WineIOS-Core/third_party/wine/include/msvcrt \
  -I/Users/runner/work/WineIOS-Core/WineIOS-Core/third_party/wine/libs/musl/src/internal \
  -I/Users/runner/work/WineIOS-Core/WineIOS-Core/third_party/wine/libs/musl/arch/generic -D_UCRT \
  -D_ACRTIMP= -D_NO_CRT_MATH_INLINE -fno-builtin -D__WINE_PE_BUILD -fuse-ld=lld --no-default-config \
  -fno-strict-aliasing -Wno-microsoft-enum-forward-reference -ffunction-sections \
  -ffp-exception-behavior=maytrap -gdwarf-4 -g -O2
aarch64-w64-mingw32-clang -c -o libs/musl/aarch64-windows/src/math/remquo.o /Users/runner/work/WineIOS-Core/WineIOS-Core/third_party/wine/libs/musl/src/math/remquo.c \
  -Ilibs/musl -I/Users/runner/work/WineIOS-Core/WineIOS-Core/third_party/wine/libs/musl -Iinclude \
  -I/Users/runner/work/WineIOS-Core/WineIOS-Core/third_party/wine/include \
  -I/Users/runner/work/WineIOS-Core/WineIOS-Core/third_party/wine/include/msvcrt \
  -I/Users/runner/work/WineIOS-Core/WineIOS-Core/third_party/wine/libs/musl/src/internal \
  -I/Users/runner/work/WineIOS-Core/WineIOS-Core/third_party/wine/libs/musl/arch/generic -D_UCRT \
  -D_ACRTIMP= -D_NO_CRT_MATH_INLINE -fno-builtin -D__WINE_PE_BUILD -fuse-ld=lld --no-default-config \
  -fno-strict-aliasing -Wno-microsoft-enum-forward-reference -ffunction-sections \
  -ffp-exception-behavior=maytrap -gdwarf-4 -g -O2
aarch64-w64-mingw32-clang -c -o libs/musl/aarch64-windows/src/math/remquof.o /Users/runner/work/WineIOS-Core/WineIOS-Core/third_party/wine/libs/musl/src/math/remquof.c \
  -Ilibs/musl -I/Users/runner/work/WineIOS-Core/WineIOS-Core/third_party/wine/libs/musl -Iinclude \
  -I/Users/runner/work/WineIOS-Core/WineIOS-Core/third_party/wine/include \
  -I/Users/runner/work/WineIOS-Core/WineIOS-Core/third_party/wine/include/msvcrt \
  -I/Users/runner/work/WineIOS-Core/WineIOS-Core/third_party/wine/libs/musl/src/internal \
  -I/Users/runner/work/WineIOS-Core/WineIOS-Core/third_party/wine/libs/musl/arch/generic -D_UCRT \
  -D_ACRTIMP= -D_NO_CRT_MATH_INLINE -fno-builtin -D__WINE_PE_BUILD -fuse-ld=lld --no-default-config \
  -fno-strict-aliasing -Wno-microsoft-enum-forward-reference -ffunction-sections \
  -ffp-exception-behavior=maytrap -gdwarf-4 -g -O2
aarch64-w64-mingw32-clang -c -o libs/musl/aarch64-windows/src/math/rint.o /Users/runner/work/WineIOS-Core/WineIOS-Core/third_party/wine/libs/musl/src/math/rint.c \
  -Ilibs/musl -I/Users/runner/work/WineIOS-Core/WineIOS-Core/third_party/wine/libs/musl -Iinclude \
  -I/Users/runner/work/WineIOS-Core/WineIOS-Core/third_party/wine/include \
  -I/Users/runner/work/WineIOS-Core/WineIOS-Core/third_party/wine/include/msvcrt \
  -I/Users/runner/work/WineIOS-Core/WineIOS-Core/third_party/wine/libs/musl/src/internal \
  -I/Users/runner/work/WineIOS-Core/WineIOS-Core/third_party/wine/libs/musl/arch/generic -D_UCRT \
  -D_ACRTIMP= -D_NO_CRT_MATH_INLINE -fno-builtin -D__WINE_PE_BUILD -fuse-ld=lld --no-default-config \
  -fno-strict-aliasing -Wno-microsoft-enum-forward-reference -ffunction-sections \
  -ffp-exception-behavior=maytrap -gdwarf-4 -g -O2
aarch64-w64-mingw32-clang -c -o libs/musl/aarch64-windows/src/math/rintf.o /Users/runner/work/WineIOS-Core/WineIOS-Core/third_party/wine/libs/musl/src/math/rintf.c \
  -Ilibs/musl -I/Users/runner/work/WineIOS-Core/WineIOS-Core/third_party/wine/libs/musl -Iinclude \
  -I/Users/runner/work/WineIOS-Core/WineIOS-Core/third_party/wine/include \
  -I/Users/runner/work/WineIOS-Core/WineIOS-Core/third_party/wine/include/msvcrt \
  -I/Users/runner/work/WineIOS-Core/WineIOS-Core/third_party/wine/libs/musl/src/internal \
  -I/Users/runner/work/WineIOS-Core/WineIOS-Core/third_party/wine/libs/musl/arch/generic -D_UCRT \
  -D_ACRTIMP= -D_NO_CRT_MATH_INLINE -fno-builtin -D__WINE_PE_BUILD -fuse-ld=lld --no-default-config \
  -fno-strict-aliasing -Wno-microsoft-enum-forward-reference -ffunction-sections \
  -ffp-exception-behavior=maytrap -gdwarf-4 -g -O2
aarch64-w64-mingw32-clang -c -o libs/musl/aarch64-windows/src/math/round.o /Users/runner/work/WineIOS-Core/WineIOS-Core/third_party/wine/libs/musl/src/math/round.c \
  -Ilibs/musl -I/Users/runner/work/WineIOS-Core/WineIOS-Core/third_party/wine/libs/musl -Iinclude \
  -I/Users/runner/work/WineIOS-Core/WineIOS-Core/third_party/wine/include \
  -I/Users/runner/work/WineIOS-Core/WineIOS-Core/third_party/wine/include/msvcrt \
  -I/Users/runner/work/WineIOS-Core/WineIOS-Core/third_party/wine/libs/musl/src/internal \
  -I/Users/runner/work/WineIOS-Core/WineIOS-Core/third_party/wine/libs/musl/arch/generic -D_UCRT \
  -D_ACRTIMP= -D_NO_CRT_MATH_INLINE -fno-builtin -D__WINE_PE_BUILD -fuse-ld=lld --no-default-config \
  -fno-strict-aliasing -Wno-microsoft-enum-forward-reference -ffunction-sections \
  -ffp-exception-behavior=maytrap -gdwarf-4 -g -O2
aarch64-w64-mingw32-clang -c -o libs/musl/aarch64-windows/src/math/roundf.o /Users/runner/work/WineIOS-Core/WineIOS-Core/third_party/wine/libs/musl/src/math/roundf.c \
  -Ilibs/musl -I/Users/runner/work/WineIOS-Core/WineIOS-Core/third_party/wine/libs/musl -Iinclude \
  -I/Users/runner/work/WineIOS-Core/WineIOS-Core/third_party/wine/include \
  -I/Users/runner/work/WineIOS-Core/WineIOS-Core/third_party/wine/include/msvcrt \
  -I/Users/runner/work/WineIOS-Core/WineIOS-Core/third_party/wine/libs/musl/src/internal \
  -I/Users/runner/work/WineIOS-Core/WineIOS-Core/third_party/wine/libs/musl/arch/generic -D_UCRT \
  -D_ACRTIMP= -D_NO_CRT_MATH_INLINE -fno-builtin -D__WINE_PE_BUILD -fuse-ld=lld --no-default-config \
  -fno-strict-aliasing -Wno-microsoft-enum-forward-reference -ffunction-sections \
  -ffp-exception-behavior=maytrap -gdwarf-4 -g -O2
aarch64-w64-mingw32-clang -c -o libs/musl/aarch64-windows/src/math/scalbn.o /Users/runner/work/WineIOS-Core/WineIOS-Core/third_party/wine/libs/musl/src/math/scalbn.c \
  -Ilibs/musl -I/Users/runner/work/WineIOS-Core/WineIOS-Core/third_party/wine/libs/musl -Iinclude \
  -I/Users/runner/work/WineIOS-Core/WineIOS-Core/third_party/wine/include \
  -I/Users/runner/work/WineIOS-Core/WineIOS-Core/third_party/wine/include/msvcrt \
  -I/Users/runner/work/WineIOS-Core/WineIOS-Core/third_party/wine/libs/musl/src/internal \
  -I/Users/runner/work/WineIOS-Core/WineIOS-Core/third_party/wine/libs/musl/arch/generic -D_UCRT \
  -D_ACRTIMP= -D_NO_CRT_MATH_INLINE -fno-builtin -D__WINE_PE_BUILD -fuse-ld=lld --no-default-config \
  -fno-strict-aliasing -Wno-microsoft-enum-forward-reference -ffunction-sections \
  -ffp-exception-behavior=maytrap -gdwarf-4 -g -O2
aarch64-w64-mingw32-clang -c -o libs/musl/aarch64-windows/src/math/scalbnf.o /Users/runner/work/WineIOS-Core/WineIOS-Core/third_party/wine/libs/musl/src/math/scalbnf.c \
  -Ilibs/musl -I/Users/runner/work/WineIOS-Core/WineIOS-Core/third_party/wine/libs/musl -Iinclude \
  -I/Users/runner/work/WineIOS-Core/WineIOS-Core/third_party/wine/include \
  -I/Users/runner/work/WineIOS-Core/WineIOS-Core/third_party/wine/include/msvcrt \
  -I/Users/runner/work/WineIOS-Core/WineIOS-Core/third_party/wine/libs/musl/src/internal \
  -I/Users/runner/work/WineIOS-Core/WineIOS-Core/third_party/wine/libs/musl/arch/generic -D_UCRT \
  -D_ACRTIMP= -D_NO_CRT_MATH_INLINE -fno-builtin -D__WINE_PE_BUILD -fuse-ld=lld --no-default-config \
  -fno-strict-aliasing -Wno-microsoft-enum-forward-reference -ffunction-sections \
  -ffp-exception-behavior=maytrap -gdwarf-4 -g -O2
aarch64-w64-mingw32-clang -c -o libs/musl/aarch64-windows/src/math/signgam.o /Users/runner/work/WineIOS-Core/WineIOS-Core/third_party/wine/libs/musl/src/math/signgam.c \
  -Ilibs/musl -I/Users/runner/work/WineIOS-Core/WineIOS-Core/third_party/wine/libs/musl -Iinclude \
  -I/Users/runner/work/WineIOS-Core/WineIOS-Core/third_party/wine/include \
  -I/Users/runner/work/WineIOS-Core/WineIOS-Core/third_party/wine/include/msvcrt \
  -I/Users/runner/work/WineIOS-Core/WineIOS-Core/third_party/wine/libs/musl/src/internal \
  -I/Users/runner/work/WineIOS-Core/WineIOS-Core/third_party/wine/libs/musl/arch/generic -D_UCRT \
  -D_ACRTIMP= -D_NO_CRT_MATH_INLINE -fno-builtin -D__WINE_PE_BUILD -fuse-ld=lld --no-default-config \
  -fno-strict-aliasing -Wno-microsoft-enum-forward-reference -ffunction-sections \
  -ffp-exception-behavior=maytrap -gdwarf-4 -g -O2
aarch64-w64-mingw32-clang -c -o libs/musl/aarch64-windows/src/math/sin.o /Users/runner/work/WineIOS-Core/WineIOS-Core/third_party/wine/libs/musl/src/math/sin.c \
  -Ilibs/musl -I/Users/runner/work/WineIOS-Core/WineIOS-Core/third_party/wine/libs/musl -Iinclude \
  -I/Users/runner/work/WineIOS-Core/WineIOS-Core/third_party/wine/include \
  -I/Users/runner/work/WineIOS-Core/WineIOS-Core/third_party/wine/include/msvcrt \
  -I/Users/runner/work/WineIOS-Core/WineIOS-Core/third_party/wine/libs/musl/src/internal \
  -I/Users/runner/work/WineIOS-Core/WineIOS-Core/third_party/wine/libs/musl/arch/generic -D_UCRT \
  -D_ACRTIMP= -D_NO_CRT_MATH_INLINE -fno-builtin -D__WINE_PE_BUILD -fuse-ld=lld --no-default-config \
  -fno-strict-aliasing -Wno-microsoft-enum-forward-reference -ffunction-sections \
  -ffp-exception-behavior=maytrap -gdwarf-4 -g -O2
aarch64-w64-mingw32-clang -c -o libs/musl/aarch64-windows/src/math/sincos.o /Users/runner/work/WineIOS-Core/WineIOS-Core/third_party/wine/libs/musl/src/math/sincos.c \
  -Ilibs/musl -I/Users/runner/work/WineIOS-Core/WineIOS-Core/third_party/wine/libs/musl -Iinclude \
  -I/Users/runner/work/WineIOS-Core/WineIOS-Core/third_party/wine/include \
  -I/Users/runner/work/WineIOS-Core/WineIOS-Core/third_party/wine/include/msvcrt \
  -I/Users/runner/work/WineIOS-Core/WineIOS-Core/third_party/wine/libs/musl/src/internal \
  -I/Users/runner/work/WineIOS-Core/WineIOS-Core/third_party/wine/libs/musl/arch/generic -D_UCRT \
  -D_ACRTIMP= -D_NO_CRT_MATH_INLINE -fno-builtin -D__WINE_PE_BUILD -fuse-ld=lld --no-default-config \
  -fno-strict-aliasing -Wno-microsoft-enum-forward-reference -ffunction-sections \
  -ffp-exception-behavior=maytrap -gdwarf-4 -g -O2
aarch64-w64-mingw32-clang -c -o libs/musl/aarch64-windows/src/math/sincosf.o /Users/runner/work/WineIOS-Core/WineIOS-Core/third_party/wine/libs/musl/src/math/sincosf.c \
  -Ilibs/musl -I/Users/runner/work/WineIOS-Core/WineIOS-Core/third_party/wine/libs/musl -Iinclude \
  -I/Users/runner/work/WineIOS-Core/WineIOS-Core/third_party/wine/include \
  -I/Users/runner/work/WineIOS-Core/WineIOS-Core/third_party/wine/include/msvcrt \
  -I/Users/runner/work/WineIOS-Core/WineIOS-Core/third_party/wine/libs/musl/src/internal \
  -I/Users/runner/work/WineIOS-Core/WineIOS-Core/third_party/wine/libs/musl/arch/generic -D_UCRT \
  -D_ACRTIMP= -D_NO_CRT_MATH_INLINE -fno-builtin -D__WINE_PE_BUILD -fuse-ld=lld --no-default-config \
  -fno-strict-aliasing -Wno-microsoft-enum-forward-reference -ffunction-sections \
  -ffp-exception-behavior=maytrap -gdwarf-4 -g -O2
aarch64-w64-mingw32-clang -c -o libs/musl/aarch64-windows/src/math/sinf.o /Users/runner/work/WineIOS-Core/WineIOS-Core/third_party/wine/libs/musl/src/math/sinf.c \
  -Ilibs/musl -I/Users/runner/work/WineIOS-Core/WineIOS-Core/third_party/wine/libs/musl -Iinclude \
  -I/Users/runner/work/WineIOS-Core/WineIOS-Core/third_party/wine/include \
  -I/Users/runner/work/WineIOS-Core/WineIOS-Core/third_party/wine/include/msvcrt \
  -I/Users/runner/work/WineIOS-Core/WineIOS-Core/third_party/wine/libs/musl/src/internal \
  -I/Users/runner/work/WineIOS-Core/WineIOS-Core/third_party/wine/libs/musl/arch/generic -D_UCRT \
  -D_ACRTIMP= -D_NO_CRT_MATH_INLINE -fno-builtin -D__WINE_PE_BUILD -fuse-ld=lld --no-default-config \
  -fno-strict-aliasing -Wno-microsoft-enum-forward-reference -ffunction-sections \
  -ffp-exception-behavior=maytrap -gdwarf-4 -g -O2
aarch64-w64-mingw32-clang -c -o libs/musl/aarch64-windows/src/math/sinh.o /Users/runner/work/WineIOS-Core/WineIOS-Core/third_party/wine/libs/musl/src/math/sinh.c \
  -Ilibs/musl -I/Users/runner/work/WineIOS-Core/WineIOS-Core/third_party/wine/libs/musl -Iinclude \
  -I/Users/runner/work/WineIOS-Core/WineIOS-Core/third_party/wine/include \
  -I/Users/runner/work/WineIOS-Core/WineIOS-Core/third_party/wine/include/msvcrt \
  -I/Users/runner/work/WineIOS-Core/WineIOS-Core/third_party/wine/libs/musl/src/internal \
  -I/Users/runner/work/WineIOS-Core/WineIOS-Core/third_party/wine/libs/musl/arch/generic -D_UCRT \
  -D_ACRTIMP= -D_NO_CRT_MATH_INLINE -fno-builtin -D__WINE_PE_BUILD -fuse-ld=lld --no-default-config \
  -fno-strict-aliasing -Wno-microsoft-enum-forward-reference -ffunction-sections \
  -ffp-exception-behavior=maytrap -gdwarf-4 -g -O2
aarch64-w64-mingw32-clang -c -o libs/musl/aarch64-windows/src/math/sinhf.o /Users/runner/work/WineIOS-Core/WineIOS-Core/third_party/wine/libs/musl/src/math/sinhf.c \
  -Ilibs/musl -I/Users/runner/work/WineIOS-Core/WineIOS-Core/third_party/wine/libs/musl -Iinclude \
  -I/Users/runner/work/WineIOS-Core/WineIOS-Core/third_party/wine/include \
  -I/Users/runner/work/WineIOS-Core/WineIOS-Core/third_party/wine/include/msvcrt \
  -I/Users/runner/work/WineIOS-Core/WineIOS-Core/third_party/wine/libs/musl/src/internal \
  -I/Users/runner/work/WineIOS-Core/WineIOS-Core/third_party/wine/libs/musl/arch/generic -D_UCRT \
  -D_ACRTIMP= -D_NO_CRT_MATH_INLINE -fno-builtin -D__WINE_PE_BUILD -fuse-ld=lld --no-default-config \
  -fno-strict-aliasing -Wno-microsoft-enum-forward-reference -ffunction-sections \
  -ffp-exception-behavior=maytrap -gdwarf-4 -g -O2
aarch64-w64-mingw32-clang -c -o libs/musl/aarch64-windows/src/math/sqrt.o /Users/runner/work/WineIOS-Core/WineIOS-Core/third_party/wine/libs/musl/src/math/sqrt.c \
  -Ilibs/musl -I/Users/runner/work/WineIOS-Core/WineIOS-Core/third_party/wine/libs/musl -Iinclude \
  -I/Users/runner/work/WineIOS-Core/WineIOS-Core/third_party/wine/include \
  -I/Users/runner/work/WineIOS-Core/WineIOS-Core/third_party/wine/include/msvcrt \
  -I/Users/runner/work/WineIOS-Core/WineIOS-Core/third_party/wine/libs/musl/src/internal \
  -I/Users/runner/work/WineIOS-Core/WineIOS-Core/third_party/wine/libs/musl/arch/generic -D_UCRT \
  -D_ACRTIMP= -D_NO_CRT_MATH_INLINE -fno-builtin -D__WINE_PE_BUILD -fuse-ld=lld --no-default-config \
  -fno-strict-aliasing -Wno-microsoft-enum-forward-reference -ffunction-sections \
  -ffp-exception-behavior=maytrap -gdwarf-4 -g -O2
aarch64-w64-mingw32-clang -c -o libs/musl/aarch64-windows/src/math/sqrt_data.o /Users/runner/work/WineIOS-Core/WineIOS-Core/third_party/wine/libs/musl/src/math/sqrt_data.c \
  -Ilibs/musl -I/Users/runner/work/WineIOS-Core/WineIOS-Core/third_party/wine/libs/musl -Iinclude \
  -I/Users/runner/work/WineIOS-Core/WineIOS-Core/third_party/wine/include \
  -I/Users/runner/work/WineIOS-Core/WineIOS-Core/third_party/wine/include/msvcrt \
  -I/Users/runner/work/WineIOS-Core/WineIOS-Core/third_party/wine/libs/musl/src/internal \
  -I/Users/runner/work/WineIOS-Core/WineIOS-Core/third_party/wine/libs/musl/arch/generic -D_UCRT \
  -D_ACRTIMP= -D_NO_CRT_MATH_INLINE -fno-builtin -D__WINE_PE_BUILD -fuse-ld=lld --no-default-config \
  -fno-strict-aliasing -Wno-microsoft-enum-forward-reference -ffunction-sections \
  -ffp-exception-behavior=maytrap -gdwarf-4 -g -O2
aarch64-w64-mingw32-clang -c -o libs/musl/aarch64-windows/src/math/sqrtf.o /Users/runner/work/WineIOS-Core/WineIOS-Core/third_party/wine/libs/musl/src/math/sqrtf.c \
  -Ilibs/musl -I/Users/runner/work/WineIOS-Core/WineIOS-Core/third_party/wine/libs/musl -Iinclude \
  -I/Users/runner/work/WineIOS-Core/WineIOS-Core/third_party/wine/include \
  -I/Users/runner/work/WineIOS-Core/WineIOS-Core/third_party/wine/include/msvcrt \
  -I/Users/runner/work/WineIOS-Core/WineIOS-Core/third_party/wine/libs/musl/src/internal \
  -I/Users/runner/work/WineIOS-Core/WineIOS-Core/third_party/wine/libs/musl/arch/generic -D_UCRT \
  -D_ACRTIMP= -D_NO_CRT_MATH_INLINE -fno-builtin -D__WINE_PE_BUILD -fuse-ld=lld --no-default-config \
  -fno-strict-aliasing -Wno-microsoft-enum-forward-reference -ffunction-sections \
  -ffp-exception-behavior=maytrap -gdwarf-4 -g -O2
aarch64-w64-mingw32-clang -c -o libs/musl/aarch64-windows/src/math/tan.o /Users/runner/work/WineIOS-Core/WineIOS-Core/third_party/wine/libs/musl/src/math/tan.c \
  -Ilibs/musl -I/Users/runner/work/WineIOS-Core/WineIOS-Core/third_party/wine/libs/musl -Iinclude \
  -I/Users/runner/work/WineIOS-Core/WineIOS-Core/third_party/wine/include \
  -I/Users/runner/work/WineIOS-Core/WineIOS-Core/third_party/wine/include/msvcrt \
  -I/Users/runner/work/WineIOS-Core/WineIOS-Core/third_party/wine/libs/musl/src/internal \
  -I/Users/runner/work/WineIOS-Core/WineIOS-Core/third_party/wine/libs/musl/arch/generic -D_UCRT \
  -D_ACRTIMP= -D_NO_CRT_MATH_INLINE -fno-builtin -D__WINE_PE_BUILD -fuse-ld=lld --no-default-config \
  -fno-strict-aliasing -Wno-microsoft-enum-forward-reference -ffunction-sections \
  -ffp-exception-behavior=maytrap -gdwarf-4 -g -O2
aarch64-w64-mingw32-clang -c -o libs/musl/aarch64-windows/src/math/tanf.o /Users/runner/work/WineIOS-Core/WineIOS-Core/third_party/wine/libs/musl/src/math/tanf.c \
  -Ilibs/musl -I/Users/runner/work/WineIOS-Core/WineIOS-Core/third_party/wine/libs/musl -Iinclude \
  -I/Users/runner/work/WineIOS-Core/WineIOS-Core/third_party/wine/include \
  -I/Users/runner/work/WineIOS-Core/WineIOS-Core/third_party/wine/include/msvcrt \
  -I/Users/runner/work/WineIOS-Core/WineIOS-Core/third_party/wine/libs/musl/src/internal \
  -I/Users/runner/work/WineIOS-Core/WineIOS-Core/third_party/wine/libs/musl/arch/generic -D_UCRT \
  -D_ACRTIMP= -D_NO_CRT_MATH_INLINE -fno-builtin -D__WINE_PE_BUILD -fuse-ld=lld --no-default-config \
  -fno-strict-aliasing -Wno-microsoft-enum-forward-reference -ffunction-sections \
  -ffp-exception-behavior=maytrap -gdwarf-4 -g -O2
aarch64-w64-mingw32-clang -c -o libs/musl/aarch64-windows/src/math/tanh.o /Users/runner/work/WineIOS-Core/WineIOS-Core/third_party/wine/libs/musl/src/math/tanh.c \
  -Ilibs/musl -I/Users/runner/work/WineIOS-Core/WineIOS-Core/third_party/wine/libs/musl -Iinclude \
  -I/Users/runner/work/WineIOS-Core/WineIOS-Core/third_party/wine/include \
  -I/Users/runner/work/WineIOS-Core/WineIOS-Core/third_party/wine/include/msvcrt \
  -I/Users/runner/work/WineIOS-Core/WineIOS-Core/third_party/wine/libs/musl/src/internal \
  -I/Users/runner/work/WineIOS-Core/WineIOS-Core/third_party/wine/libs/musl/arch/generic -D_UCRT \
  -D_ACRTIMP= -D_NO_CRT_MATH_INLINE -fno-builtin -D__WINE_PE_BUILD -fuse-ld=lld --no-default-config \
  -fno-strict-aliasing -Wno-microsoft-enum-forward-reference -ffunction-sections \
  -ffp-exception-behavior=maytrap -gdwarf-4 -g -O2
aarch64-w64-mingw32-clang -c -o libs/musl/aarch64-windows/src/math/tanhf.o /Users/runner/work/WineIOS-Core/WineIOS-Core/third_party/wine/libs/musl/src/math/tanhf.c \
  -Ilibs/musl -I/Users/runner/work/WineIOS-Core/WineIOS-Core/third_party/wine/libs/musl -Iinclude \
  -I/Users/runner/work/WineIOS-Core/WineIOS-Core/third_party/wine/include \
  -I/Users/runner/work/WineIOS-Core/WineIOS-Core/third_party/wine/include/msvcrt \
  -I/Users/runner/work/WineIOS-Core/WineIOS-Core/third_party/wine/libs/musl/src/internal \
  -I/Users/runner/work/WineIOS-Core/WineIOS-Core/third_party/wine/libs/musl/arch/generic -D_UCRT \
  -D_ACRTIMP= -D_NO_CRT_MATH_INLINE -fno-builtin -D__WINE_PE_BUILD -fuse-ld=lld --no-default-config \
  -fno-strict-aliasing -Wno-microsoft-enum-forward-reference -ffunction-sections \
  -ffp-exception-behavior=maytrap -gdwarf-4 -g -O2
aarch64-w64-mingw32-clang -c -o libs/musl/aarch64-windows/src/math/tgamma.o /Users/runner/work/WineIOS-Core/WineIOS-Core/third_party/wine/libs/musl/src/math/tgamma.c \
  -Ilibs/musl -I/Users/runner/work/WineIOS-Core/WineIOS-Core/third_party/wine/libs/musl -Iinclude \
  -I/Users/runner/work/WineIOS-Core/WineIOS-Core/third_party/wine/include \
  -I/Users/runner/work/WineIOS-Core/WineIOS-Core/third_party/wine/include/msvcrt \
  -I/Users/runner/work/WineIOS-Core/WineIOS-Core/third_party/wine/libs/musl/src/internal \
  -I/Users/runner/work/WineIOS-Core/WineIOS-Core/third_party/wine/libs/musl/arch/generic -D_UCRT \
  -D_ACRTIMP= -D_NO_CRT_MATH_INLINE -fno-builtin -D__WINE_PE_BUILD -fuse-ld=lld --no-default-config \
  -fno-strict-aliasing -Wno-microsoft-enum-forward-reference -ffunction-sections \
  -ffp-exception-behavior=maytrap -gdwarf-4 -g -O2
aarch64-w64-mingw32-clang -c -o libs/musl/aarch64-windows/src/math/tgammaf.o /Users/runner/work/WineIOS-Core/WineIOS-Core/third_party/wine/libs/musl/src/math/tgammaf.c \
  -Ilibs/musl -I/Users/runner/work/WineIOS-Core/WineIOS-Core/third_party/wine/libs/musl -Iinclude \
  -I/Users/runner/work/WineIOS-Core/WineIOS-Core/third_party/wine/include \
  -I/Users/runner/work/WineIOS-Core/WineIOS-Core/third_party/wine/include/msvcrt \
  -I/Users/runner/work/WineIOS-Core/WineIOS-Core/third_party/wine/libs/musl/src/internal \
  -I/Users/runner/work/WineIOS-Core/WineIOS-Core/third_party/wine/libs/musl/arch/generic -D_UCRT \
  -D_ACRTIMP= -D_NO_CRT_MATH_INLINE -fno-builtin -D__WINE_PE_BUILD -fuse-ld=lld --no-default-config \
  -fno-strict-aliasing -Wno-microsoft-enum-forward-reference -ffunction-sections \
  -ffp-exception-behavior=maytrap -gdwarf-4 -g -O2
aarch64-w64-mingw32-clang -c -o libs/musl/aarch64-windows/src/math/trunc.o /Users/runner/work/WineIOS-Core/WineIOS-Core/third_party/wine/libs/musl/src/math/trunc.c \
  -Ilibs/musl -I/Users/runner/work/WineIOS-Core/WineIOS-Core/third_party/wine/libs/musl -Iinclude \
  -I/Users/runner/work/WineIOS-Core/WineIOS-Core/third_party/wine/include \
  -I/Users/runner/work/WineIOS-Core/WineIOS-Core/third_party/wine/include/msvcrt \
  -I/Users/runner/work/WineIOS-Core/WineIOS-Core/third_party/wine/libs/musl/src/internal \
  -I/Users/runner/work/WineIOS-Core/WineIOS-Core/third_party/wine/libs/musl/arch/generic -D_UCRT \
  -D_ACRTIMP= -D_NO_CRT_MATH_INLINE -fno-builtin -D__WINE_PE_BUILD -fuse-ld=lld --no-default-config \
  -fno-strict-aliasing -Wno-microsoft-enum-forward-reference -ffunction-sections \
  -ffp-exception-behavior=maytrap -gdwarf-4 -g -O2
aarch64-w64-mingw32-clang -c -o libs/musl/aarch64-windows/src/math/truncf.o /Users/runner/work/WineIOS-Core/WineIOS-Core/third_party/wine/libs/musl/src/math/truncf.c \
  -Ilibs/musl -I/Users/runner/work/WineIOS-Core/WineIOS-Core/third_party/wine/libs/musl -Iinclude \
  -I/Users/runner/work/WineIOS-Core/WineIOS-Core/third_party/wine/include \
  -I/Users/runner/work/WineIOS-Core/WineIOS-Core/third_party/wine/include/msvcrt \
  -I/Users/runner/work/WineIOS-Core/WineIOS-Core/third_party/wine/libs/musl/src/internal \
  -I/Users/runner/work/WineIOS-Core/WineIOS-Core/third_party/wine/libs/musl/arch/generic -D_UCRT \
  -D_ACRTIMP= -D_NO_CRT_MATH_INLINE -fno-builtin -D__WINE_PE_BUILD -fuse-ld=lld --no-default-config \
  -fno-strict-aliasing -Wno-microsoft-enum-forward-reference -ffunction-sections \
  -ffp-exception-behavior=maytrap -gdwarf-4 -g -O2
aarch64-w64-mingw32-clang -c -o dlls/winecrt0/aarch64-windows/arm64ec.o /Users/runner/work/WineIOS-Core/WineIOS-Core/third_party/wine/dlls/winecrt0/arm64ec.c \
  -Idlls/winecrt0 -I/Users/runner/work/WineIOS-Core/WineIOS-Core/third_party/wine/dlls/winecrt0 \
  -Iinclude -I/Users/runner/work/WineIOS-Core/WineIOS-Core/third_party/wine/include \
  -I/Users/runner/work/WineIOS-Core/WineIOS-Core/third_party/wine/include/msvcrt -D_MSVCR_VER=0 \
  -D__WINESRC__ -D__WINE_PE_BUILD -Wall -fuse-ld=lld --no-default-config -fno-strict-aliasing \
  -Wdeclaration-after-statement -Wempty-body -Wignored-qualifiers -Winit-self \
  -Wno-microsoft-enum-forward-reference -Wstrict-prototypes -Wtype-limits -Wunused-but-set-parameter \
  -Wvla -Wwrite-strings -Wpointer-arith -Wabsolute-value -ffunction-sections \
  -ffp-exception-behavior=maytrap -gdwarf-4 -g -O2
aarch64-w64-mingw32-clang -c -o dlls/winecrt0/aarch64-windows/crt_dllmain.o /Users/runner/work/WineIOS-Core/WineIOS-Core/third_party/wine/dlls/winecrt0/crt_dllmain.c \
  -Idlls/winecrt0 -I/Users/runner/work/WineIOS-Core/WineIOS-Core/third_party/wine/dlls/winecrt0 \
  -Iinclude -I/Users/runner/work/WineIOS-Core/WineIOS-Core/third_party/wine/include \
  -I/Users/runner/work/WineIOS-Core/WineIOS-Core/third_party/wine/include/msvcrt -D_MSVCR_VER=0 \
  -D__WINESRC__ -D__WINE_PE_BUILD -Wall -fuse-ld=lld --no-default-config -fno-strict-aliasing \
  -Wdeclaration-after-statement -Wempty-body -Wignored-qualifiers -Winit-self \
  -Wno-microsoft-enum-forward-reference -Wstrict-prototypes -Wtype-limits -Wunused-but-set-parameter \
  -Wvla -Wwrite-strings -Wpointer-arith -Wabsolute-value -ffunction-sections \
  -ffp-exception-behavior=maytrap -gdwarf-4 -g -O2
aarch64-w64-mingw32-clang -c -o dlls/winecrt0/aarch64-windows/crt_fltused.o /Users/runner/work/WineIOS-Core/WineIOS-Core/third_party/wine/dlls/winecrt0/crt_fltused.c \
  -Idlls/winecrt0 -I/Users/runner/work/WineIOS-Core/WineIOS-Core/third_party/wine/dlls/winecrt0 \
  -Iinclude -I/Users/runner/work/WineIOS-Core/WineIOS-Core/third_party/wine/include \
  -I/Users/runner/work/WineIOS-Core/WineIOS-Core/third_party/wine/include/msvcrt -D_MSVCR_VER=0 \
  -D__WINESRC__ -D__WINE_PE_BUILD -Wall -fuse-ld=lld --no-default-config -fno-strict-aliasing \
  -Wdeclaration-after-statement -Wempty-body -Wignored-qualifiers -Winit-self \
  -Wno-microsoft-enum-forward-reference -Wstrict-prototypes -Wtype-limits -Wunused-but-set-parameter \
  -Wvla -Wwrite-strings -Wpointer-arith -Wabsolute-value -ffunction-sections \
  -ffp-exception-behavior=maytrap -gdwarf-4 -g -O2
aarch64-w64-mingw32-clang -c -o dlls/winecrt0/aarch64-windows/debug.o /Users/runner/work/WineIOS-Core/WineIOS-Core/third_party/wine/dlls/winecrt0/debug.c \
  -Idlls/winecrt0 -I/Users/runner/work/WineIOS-Core/WineIOS-Core/third_party/wine/dlls/winecrt0 \
  -Iinclude -I/Users/runner/work/WineIOS-Core/WineIOS-Core/third_party/wine/include \
  -I/Users/runner/work/WineIOS-Core/WineIOS-Core/third_party/wine/include/msvcrt -D_MSVCR_VER=0 \
  -D__WINESRC__ -D__WINE_PE_BUILD -Wall -fuse-ld=lld --no-default-config -fno-strict-aliasing \
  -Wdeclaration-after-statement -Wempty-body -Wignored-qualifiers -Winit-self \
  -Wno-microsoft-enum-forward-reference -Wstrict-prototypes -Wtype-limits -Wunused-but-set-parameter \
  -Wvla -Wwrite-strings -Wpointer-arith -Wabsolute-value -ffunction-sections \
  -ffp-exception-behavior=maytrap -gdwarf-4 -g -O2
aarch64-w64-mingw32-clang -c -o dlls/winecrt0/aarch64-windows/delay_load.o /Users/runner/work/WineIOS-Core/WineIOS-Core/third_party/wine/dlls/winecrt0/delay_load.c \
  -Idlls/winecrt0 -I/Users/runner/work/WineIOS-Core/WineIOS-Core/third_party/wine/dlls/winecrt0 \
  -Iinclude -I/Users/runner/work/WineIOS-Core/WineIOS-Core/third_party/wine/include \
  -I/Users/runner/work/WineIOS-Core/WineIOS-Core/third_party/wine/include/msvcrt -D_MSVCR_VER=0 \
  -D__WINESRC__ -D__WINE_PE_BUILD -Wall -fuse-ld=lld --no-default-config -fno-strict-aliasing \
  -Wdeclaration-after-statement -Wempty-body -Wignored-qualifiers -Winit-self \
  -Wno-microsoft-enum-forward-reference -Wstrict-prototypes -Wtype-limits -Wunused-but-set-parameter \
  -Wvla -Wwrite-strings -Wpointer-arith -Wabsolute-value -ffunction-sections \
  -ffp-exception-behavior=maytrap -gdwarf-4 -g -O2
aarch64-w64-mingw32-clang -c -o dlls/winecrt0/aarch64-windows/dll_canunload.o /Users/runner/work/WineIOS-Core/WineIOS-Core/third_party/wine/dlls/winecrt0/dll_canunload.c \
  -Idlls/winecrt0 -I/Users/runner/work/WineIOS-Core/WineIOS-Core/third_party/wine/dlls/winecrt0 \
  -Iinclude -I/Users/runner/work/WineIOS-Core/WineIOS-Core/third_party/wine/include \
  -I/Users/runner/work/WineIOS-Core/WineIOS-Core/third_party/wine/include/msvcrt -D_MSVCR_VER=0 \
  -D__WINESRC__ -D__WINE_PE_BUILD -Wall -fuse-ld=lld --no-default-config -fno-strict-aliasing \
  -Wdeclaration-after-statement -Wempty-body -Wignored-qualifiers -Winit-self \
  -Wno-microsoft-enum-forward-reference -Wstrict-prototypes -Wtype-limits -Wunused-but-set-parameter \
  -Wvla -Wwrite-strings -Wpointer-arith -Wabsolute-value -ffunction-sections \
  -ffp-exception-behavior=maytrap -gdwarf-4 -g -O2
aarch64-w64-mingw32-clang -c -o dlls/winecrt0/aarch64-windows/dll_main.o /Users/runner/work/WineIOS-Core/WineIOS-Core/third_party/wine/dlls/winecrt0/dll_main.c \
  -Idlls/winecrt0 -I/Users/runner/work/WineIOS-Core/WineIOS-Core/third_party/wine/dlls/winecrt0 \
  -Iinclude -I/Users/runner/work/WineIOS-Core/WineIOS-Core/third_party/wine/include \
  -I/Users/runner/work/WineIOS-Core/WineIOS-Core/third_party/wine/include/msvcrt -D_MSVCR_VER=0 \
  -D__WINESRC__ -D__WINE_PE_BUILD -Wall -fuse-ld=lld --no-default-config -fno-strict-aliasing \
  -Wdeclaration-after-statement -Wempty-body -Wignored-qualifiers -Winit-self \
  -Wno-microsoft-enum-forward-reference -Wstrict-prototypes -Wtype-limits -Wunused-but-set-parameter \
  -Wvla -Wwrite-strings -Wpointer-arith -Wabsolute-value -ffunction-sections \
  -ffp-exception-behavior=maytrap -gdwarf-4 -g -O2
/Users/runner/work/WineIOS-Core/WineIOS-Core/build/wine-tools-macos/tools/widl/widl -o include/ocidl.h -b \
  aarch64-apple-ios --nostdinc -Ldlls/\* -Iinclude \
  -I/Users/runner/work/WineIOS-Core/WineIOS-Core/third_party/wine/include -Iinclude \
  -I/Users/runner/work/WineIOS-Core/WineIOS-Core/third_party/wine/include -D__WINESRC__ \
  /Users/runner/work/WineIOS-Core/WineIOS-Core/third_party/wine/include/ocidl.idl
/Users/runner/work/WineIOS-Core/WineIOS-Core/build/wine-tools-macos/tools/widl/widl -o include/shtypes.h -b \
  aarch64-apple-ios --nostdinc -Ldlls/\* -Iinclude \
  -I/Users/runner/work/WineIOS-Core/WineIOS-Core/third_party/wine/include -Iinclude \
  -I/Users/runner/work/WineIOS-Core/WineIOS-Core/third_party/wine/include -D__WINESRC__ \
  /Users/runner/work/WineIOS-Core/WineIOS-Core/third_party/wine/include/shtypes.idl
aarch64-w64-mingw32-clang -c -o dlls/winecrt0/aarch64-windows/exception.o /Users/runner/work/WineIOS-Core/WineIOS-Core/third_party/wine/dlls/winecrt0/exception.c \
  -Idlls/winecrt0 -I/Users/runner/work/WineIOS-Core/WineIOS-Core/third_party/wine/dlls/winecrt0 \
  -Iinclude -I/Users/runner/work/WineIOS-Core/WineIOS-Core/third_party/wine/include \
  -I/Users/runner/work/WineIOS-Core/WineIOS-Core/third_party/wine/include/msvcrt -D_MSVCR_VER=0 \
  -D__WINESRC__ -D__WINE_PE_BUILD -Wall -fuse-ld=lld --no-default-config -fno-strict-aliasing \
  -Wdeclaration-after-statement -Wempty-body -Wignored-qualifiers -Winit-self \
  -Wno-microsoft-enum-forward-reference -Wstrict-prototypes -Wtype-limits -Wunused-but-set-parameter \
  -Wvla -Wwrite-strings -Wpointer-arith -Wabsolute-value -ffunction-sections \
  -ffp-exception-behavior=maytrap -gdwarf-4 -g -O2
aarch64-w64-mingw32-clang -c -o dlls/winecrt0/aarch64-windows/exe16_entry.o /Users/runner/work/WineIOS-Core/WineIOS-Core/third_party/wine/dlls/winecrt0/exe16_entry.c \
  -Idlls/winecrt0 -I/Users/runner/work/WineIOS-Core/WineIOS-Core/third_party/wine/dlls/winecrt0 \
  -Iinclude -I/Users/runner/work/WineIOS-Core/WineIOS-Core/third_party/wine/include \
  -I/Users/runner/work/WineIOS-Core/WineIOS-Core/third_party/wine/include/msvcrt -D_MSVCR_VER=0 \
  -D__WINESRC__ -D__WINE_PE_BUILD -Wall -fuse-ld=lld --no-default-config -fno-strict-aliasing \
  -Wdeclaration-after-statement -Wempty-body -Wignored-qualifiers -Winit-self \
  -Wno-microsoft-enum-forward-reference -Wstrict-prototypes -Wtype-limits -Wunused-but-set-parameter \
  -Wvla -Wwrite-strings -Wpointer-arith -Wabsolute-value -ffunction-sections \
  -ffp-exception-behavior=maytrap -gdwarf-4 -g -O2
/Users/runner/work/WineIOS-Core/WineIOS-Core/build/wine-tools-macos/tools/widl/widl -o include/atliface.h -b \
  aarch64-apple-ios --nostdinc -Ldlls/\* -Iinclude \
  -I/Users/runner/work/WineIOS-Core/WineIOS-Core/third_party/wine/include -Iinclude \
  -I/Users/runner/work/WineIOS-Core/WineIOS-Core/third_party/wine/include -D__WINESRC__ \
  /Users/runner/work/WineIOS-Core/WineIOS-Core/third_party/wine/include/atliface.idl
aarch64-w64-mingw32-clang -c -o dlls/winecrt0/aarch64-windows/setjmp.o /Users/runner/work/WineIOS-Core/WineIOS-Core/third_party/wine/dlls/winecrt0/setjmp.c \
  -Idlls/winecrt0 -I/Users/runner/work/WineIOS-Core/WineIOS-Core/third_party/wine/dlls/winecrt0 \
  -Iinclude -I/Users/runner/work/WineIOS-Core/WineIOS-Core/third_party/wine/include \
  -I/Users/runner/work/WineIOS-Core/WineIOS-Core/third_party/wine/include/msvcrt -D_MSVCR_VER=0 \
  -D__WINESRC__ -D__WINE_PE_BUILD -Wall -fuse-ld=lld --no-default-config -fno-strict-aliasing \
  -Wdeclaration-after-statement -Wempty-body -Wignored-qualifiers -Winit-self \
  -Wno-microsoft-enum-forward-reference -Wstrict-prototypes -Wtype-limits -Wunused-but-set-parameter \
  -Wvla -Wwrite-strings -Wpointer-arith -Wabsolute-value -ffunction-sections \
  -ffp-exception-behavior=maytrap -gdwarf-4 -g -O2
aarch64-w64-mingw32-clang -c -o dlls/winecrt0/aarch64-windows/stub.o /Users/runner/work/WineIOS-Core/WineIOS-Core/third_party/wine/dlls/winecrt0/stub.c \
  -Idlls/winecrt0 -I/Users/runner/work/WineIOS-Core/WineIOS-Core/third_party/wine/dlls/winecrt0 \
  -Iinclude -I/Users/runner/work/WineIOS-Core/WineIOS-Core/third_party/wine/include \
  -I/Users/runner/work/WineIOS-Core/WineIOS-Core/third_party/wine/include/msvcrt -D_MSVCR_VER=0 \
  -D__WINESRC__ -D__WINE_PE_BUILD -Wall -fuse-ld=lld --no-default-config -fno-strict-aliasing \
  -Wdeclaration-after-statement -Wempty-body -Wignored-qualifiers -Winit-self \
  -Wno-microsoft-enum-forward-reference -Wstrict-prototypes -Wtype-limits -Wunused-but-set-parameter \
  -Wvla -Wwrite-strings -Wpointer-arith -Wabsolute-value -ffunction-sections \
  -ffp-exception-behavior=maytrap -gdwarf-4 -g -O2
aarch64-w64-mingw32-clang -c -o dlls/winecrt0/aarch64-windows/unix_lib.o /Users/runner/work/WineIOS-Core/WineIOS-Core/third_party/wine/dlls/winecrt0/unix_lib.c \
  -Idlls/winecrt0 -I/Users/runner/work/WineIOS-Core/WineIOS-Core/third_party/wine/dlls/winecrt0 \
  -Iinclude -I/Users/runner/work/WineIOS-Core/WineIOS-Core/third_party/wine/include \
  -I/Users/runner/work/WineIOS-Core/WineIOS-Core/third_party/wine/include/msvcrt -D_MSVCR_VER=0 \
  -D__WINESRC__ -D__WINE_PE_BUILD -Wall -fuse-ld=lld --no-default-config -fno-strict-aliasing \
  -Wdeclaration-after-statement -Wempty-body -Wignored-qualifiers -Winit-self \
  -Wno-microsoft-enum-forward-reference -Wstrict-prototypes -Wtype-limits -Wunused-but-set-parameter \
  -Wvla -Wwrite-strings -Wpointer-arith -Wabsolute-value -ffunction-sections \
  -ffp-exception-behavior=maytrap -gdwarf-4 -g -O2
aarch64-w64-mingw32-clang -c -o dlls/kernelbase/aarch64-windows/console.o /Users/runner/work/WineIOS-Core/WineIOS-Core/third_party/wine/dlls/kernelbase/console.c \
  -Idlls/kernelbase -I/Users/runner/work/WineIOS-Core/WineIOS-Core/third_party/wine/dlls/kernelbase \
  -Iinclude -I/Users/runner/work/WineIOS-Core/WineIOS-Core/third_party/wine/include \
  -I/Users/runner/work/WineIOS-Core/WineIOS-Core/third_party/wine/include/msvcrt -D_MSVCR_VER=0 \
  -D__WINESRC__ -DWINBASEAPI= -DWINADVAPI= -DWINUSERAPI= -DWINSHLWAPI= -D__WINE_PE_BUILD -Wall \
  -fuse-ld=lld --no-default-config -fno-strict-aliasing -Wdeclaration-after-statement -Wempty-body \
  -Wignored-qualifiers -Winit-self -Wno-microsoft-enum-forward-reference -Wstrict-prototypes \
  -Wtype-limits -Wunused-but-set-parameter -Wvla -Wwrite-strings -Wpointer-arith -Wabsolute-value \
  -ffunction-sections -ffp-exception-behavior=maytrap -gdwarf-4 -g -O2
aarch64-w64-mingw32-clang -c -o dlls/kernelbase/aarch64-windows/debug.o /Users/runner/work/WineIOS-Core/WineIOS-Core/third_party/wine/dlls/kernelbase/debug.c \
  -Idlls/kernelbase -I/Users/runner/work/WineIOS-Core/WineIOS-Core/third_party/wine/dlls/kernelbase \
  -Iinclude -I/Users/runner/work/WineIOS-Core/WineIOS-Core/third_party/wine/include \
  -I/Users/runner/work/WineIOS-Core/WineIOS-Core/third_party/wine/include/msvcrt -D_MSVCR_VER=0 \
  -D__WINESRC__ -DWINBASEAPI= -DWINADVAPI= -DWINUSERAPI= -DWINSHLWAPI= -D__WINE_PE_BUILD -Wall \
  -fuse-ld=lld --no-default-config -fno-strict-aliasing -Wdeclaration-after-statement -Wempty-body \
  -Wignored-qualifiers -Winit-self -Wno-microsoft-enum-forward-reference -Wstrict-prototypes \
  -Wtype-limits -Wunused-but-set-parameter -Wvla -Wwrite-strings -Wpointer-arith -Wabsolute-value \
  -ffunction-sections -ffp-exception-behavior=maytrap -gdwarf-4 -g -O2
aarch64-w64-mingw32-clang -c -o dlls/kernelbase/aarch64-windows/file.o /Users/runner/work/WineIOS-Core/WineIOS-Core/third_party/wine/dlls/kernelbase/file.c \
  -Idlls/kernelbase -I/Users/runner/work/WineIOS-Core/WineIOS-Core/third_party/wine/dlls/kernelbase \
  -Iinclude -I/Users/runner/work/WineIOS-Core/WineIOS-Core/third_party/wine/include \
  -I/Users/runner/work/WineIOS-Core/WineIOS-Core/third_party/wine/include/msvcrt -D_MSVCR_VER=0 \
  -D__WINESRC__ -DWINBASEAPI= -DWINADVAPI= -DWINUSERAPI= -DWINSHLWAPI= -D__WINE_PE_BUILD -Wall \
  -fuse-ld=lld --no-default-config -fno-strict-aliasing -Wdeclaration-after-statement -Wempty-body \
  -Wignored-qualifiers -Winit-self -Wno-microsoft-enum-forward-reference -Wstrict-prototypes \
  -Wtype-limits -Wunused-but-set-parameter -Wvla -Wwrite-strings -Wpointer-arith -Wabsolute-value \
  -ffunction-sections -ffp-exception-behavior=maytrap -gdwarf-4 -g -O2
aarch64-w64-mingw32-clang -c -o dlls/kernelbase/aarch64-windows/loader.o /Users/runner/work/WineIOS-Core/WineIOS-Core/third_party/wine/dlls/kernelbase/loader.c \
  -Idlls/kernelbase -I/Users/runner/work/WineIOS-Core/WineIOS-Core/third_party/wine/dlls/kernelbase \
  -Iinclude -I/Users/runner/work/WineIOS-Core/WineIOS-Core/third_party/wine/include \
  -I/Users/runner/work/WineIOS-Core/WineIOS-Core/third_party/wine/include/msvcrt -D_MSVCR_VER=0 \
  -D__WINESRC__ -DWINBASEAPI= -DWINADVAPI= -DWINUSERAPI= -DWINSHLWAPI= -D__WINE_PE_BUILD -Wall \
  -fuse-ld=lld --no-default-config -fno-strict-aliasing -Wdeclaration-after-statement -Wempty-body \
  -Wignored-qualifiers -Winit-self -Wno-microsoft-enum-forward-reference -Wstrict-prototypes \
  -Wtype-limits -Wunused-but-set-parameter -Wvla -Wwrite-strings -Wpointer-arith -Wabsolute-value \
  -ffunction-sections -ffp-exception-behavior=maytrap -gdwarf-4 -g -O2
aarch64-w64-mingw32-clang -c -o dlls/kernelbase/aarch64-windows/locale.o /Users/runner/work/WineIOS-Core/WineIOS-Core/third_party/wine/dlls/kernelbase/locale.c \
  -Idlls/kernelbase -I/Users/runner/work/WineIOS-Core/WineIOS-Core/third_party/wine/dlls/kernelbase \
  -Iinclude -I/Users/runner/work/WineIOS-Core/WineIOS-Core/third_party/wine/include \
  -I/Users/runner/work/WineIOS-Core/WineIOS-Core/third_party/wine/include/msvcrt -D_MSVCR_VER=0 \
  -D__WINESRC__ -DWINBASEAPI= -DWINADVAPI= -DWINUSERAPI= -DWINSHLWAPI= -D__WINE_PE_BUILD -Wall \
  -fuse-ld=lld --no-default-config -fno-strict-aliasing -Wdeclaration-after-statement -Wempty-body \
  -Wignored-qualifiers -Winit-self -Wno-microsoft-enum-forward-reference -Wstrict-prototypes \
  -Wtype-limits -Wunused-but-set-parameter -Wvla -Wwrite-strings -Wpointer-arith -Wabsolute-value \
  -ffunction-sections -ffp-exception-behavior=maytrap -gdwarf-4 -g -O2
aarch64-w64-mingw32-clang -c -o dlls/kernelbase/aarch64-windows/main.o /Users/runner/work/WineIOS-Core/WineIOS-Core/third_party/wine/dlls/kernelbase/main.c \
  -Idlls/kernelbase -I/Users/runner/work/WineIOS-Core/WineIOS-Core/third_party/wine/dlls/kernelbase \
  -Iinclude -I/Users/runner/work/WineIOS-Core/WineIOS-Core/third_party/wine/include \
  -I/Users/runner/work/WineIOS-Core/WineIOS-Core/third_party/wine/include/msvcrt -D_MSVCR_VER=0 \
  -D__WINESRC__ -DWINBASEAPI= -DWINADVAPI= -DWINUSERAPI= -DWINSHLWAPI= -D__WINE_PE_BUILD -Wall \
  -fuse-ld=lld --no-default-config -fno-strict-aliasing -Wdeclaration-after-statement -Wempty-body \
  -Wignored-qualifiers -Winit-self -Wno-microsoft-enum-forward-reference -Wstrict-prototypes \
  -Wtype-limits -Wunused-but-set-parameter -Wvla -Wwrite-strings -Wpointer-arith -Wabsolute-value \
  -ffunction-sections -ffp-exception-behavior=maytrap -gdwarf-4 -g -O2
aarch64-w64-mingw32-clang -c -o dlls/kernelbase/aarch64-windows/memory.o /Users/runner/work/WineIOS-Core/WineIOS-Core/third_party/wine/dlls/kernelbase/memory.c \
  -Idlls/kernelbase -I/Users/runner/work/WineIOS-Core/WineIOS-Core/third_party/wine/dlls/kernelbase \
  -Iinclude -I/Users/runner/work/WineIOS-Core/WineIOS-Core/third_party/wine/include \
  -I/Users/runner/work/WineIOS-Core/WineIOS-Core/third_party/wine/include/msvcrt -D_MSVCR_VER=0 \
  -D__WINESRC__ -DWINBASEAPI= -DWINADVAPI= -DWINUSERAPI= -DWINSHLWAPI= -D__WINE_PE_BUILD -Wall \
  -fuse-ld=lld --no-default-config -fno-strict-aliasing -Wdeclaration-after-statement -Wempty-body \
  -Wignored-qualifiers -Winit-self -Wno-microsoft-enum-forward-reference -Wstrict-prototypes \
  -Wtype-limits -Wunused-but-set-parameter -Wvla -Wwrite-strings -Wpointer-arith -Wabsolute-value \
  -ffunction-sections -ffp-exception-behavior=maytrap -gdwarf-4 -g -O2
aarch64-w64-mingw32-clang -c -o dlls/kernelbase/aarch64-windows/path.o /Users/runner/work/WineIOS-Core/WineIOS-Core/third_party/wine/dlls/kernelbase/path.c \
  -Idlls/kernelbase -I/Users/runner/work/WineIOS-Core/WineIOS-Core/third_party/wine/dlls/kernelbase \
  -Iinclude -I/Users/runner/work/WineIOS-Core/WineIOS-Core/third_party/wine/include \
  -I/Users/runner/work/WineIOS-Core/WineIOS-Core/third_party/wine/include/msvcrt -D_MSVCR_VER=0 \
  -D__WINESRC__ -DWINBASEAPI= -DWINADVAPI= -DWINUSERAPI= -DWINSHLWAPI= -D__WINE_PE_BUILD -Wall \
  -fuse-ld=lld --no-default-config -fno-strict-aliasing -Wdeclaration-after-statement -Wempty-body \
  -Wignored-qualifiers -Winit-self -Wno-microsoft-enum-forward-reference -Wstrict-prototypes \
  -Wtype-limits -Wunused-but-set-parameter -Wvla -Wwrite-strings -Wpointer-arith -Wabsolute-value \
  -ffunction-sections -ffp-exception-behavior=maytrap -gdwarf-4 -g -O2
aarch64-w64-mingw32-clang -c -o dlls/kernelbase/aarch64-windows/process.o /Users/runner/work/WineIOS-Core/WineIOS-Core/third_party/wine/dlls/kernelbase/process.c \
  -Idlls/kernelbase -I/Users/runner/work/WineIOS-Core/WineIOS-Core/third_party/wine/dlls/kernelbase \
  -Iinclude -I/Users/runner/work/WineIOS-Core/WineIOS-Core/third_party/wine/include \
  -I/Users/runner/work/WineIOS-Core/WineIOS-Core/third_party/wine/include/msvcrt -D_MSVCR_VER=0 \
  -D__WINESRC__ -DWINBASEAPI= -DWINADVAPI= -DWINUSERAPI= -DWINSHLWAPI= -D__WINE_PE_BUILD -Wall \
  -fuse-ld=lld --no-default-config -fno-strict-aliasing -Wdeclaration-after-statement -Wempty-body \
  -Wignored-qualifiers -Winit-self -Wno-microsoft-enum-forward-reference -Wstrict-prototypes \
  -Wtype-limits -Wunused-but-set-parameter -Wvla -Wwrite-strings -Wpointer-arith -Wabsolute-value \
  -ffunction-sections -ffp-exception-behavior=maytrap -gdwarf-4 -g -O2
aarch64-w64-mingw32-clang -c -o dlls/kernelbase/aarch64-windows/registry.o /Users/runner/work/WineIOS-Core/WineIOS-Core/third_party/wine/dlls/kernelbase/registry.c \
  -Idlls/kernelbase -I/Users/runner/work/WineIOS-Core/WineIOS-Core/third_party/wine/dlls/kernelbase \
  -Iinclude -I/Users/runner/work/WineIOS-Core/WineIOS-Core/third_party/wine/include \
  -I/Users/runner/work/WineIOS-Core/WineIOS-Core/third_party/wine/include/msvcrt -D_MSVCR_VER=0 \
  -D__WINESRC__ -DWINBASEAPI= -DWINADVAPI= -DWINUSERAPI= -DWINSHLWAPI= -D__WINE_PE_BUILD -Wall \
  -fuse-ld=lld --no-default-config -fno-strict-aliasing -Wdeclaration-after-statement -Wempty-body \
  -Wignored-qualifiers -Winit-self -Wno-microsoft-enum-forward-reference -Wstrict-prototypes \
  -Wtype-limits -Wunused-but-set-parameter -Wvla -Wwrite-strings -Wpointer-arith -Wabsolute-value \
  -ffunction-sections -ffp-exception-behavior=maytrap -gdwarf-4 -g -O2
aarch64-w64-mingw32-clang -c -o dlls/kernelbase/aarch64-windows/security.o /Users/runner/work/WineIOS-Core/WineIOS-Core/third_party/wine/dlls/kernelbase/security.c \
  -Idlls/kernelbase -I/Users/runner/work/WineIOS-Core/WineIOS-Core/third_party/wine/dlls/kernelbase \
  -Iinclude -I/Users/runner/work/WineIOS-Core/WineIOS-Core/third_party/wine/include \
  -I/Users/runner/work/WineIOS-Core/WineIOS-Core/third_party/wine/include/msvcrt -D_MSVCR_VER=0 \
  -D__WINESRC__ -DWINBASEAPI= -DWINADVAPI= -DWINUSERAPI= -DWINSHLWAPI= -D__WINE_PE_BUILD -Wall \
  -fuse-ld=lld --no-default-config -fno-strict-aliasing -Wdeclaration-after-statement -Wempty-body \
  -Wignored-qualifiers -Winit-self -Wno-microsoft-enum-forward-reference -Wstrict-prototypes \
  -Wtype-limits -Wunused-but-set-parameter -Wvla -Wwrite-strings -Wpointer-arith -Wabsolute-value \
  -ffunction-sections -ffp-exception-behavior=maytrap -gdwarf-4 -g -O2
aarch64-w64-mingw32-clang -c -o dlls/kernelbase/aarch64-windows/string.o /Users/runner/work/WineIOS-Core/WineIOS-Core/third_party/wine/dlls/kernelbase/string.c \
  -Idlls/kernelbase -I/Users/runner/work/WineIOS-Core/WineIOS-Core/third_party/wine/dlls/kernelbase \
  -Iinclude -I/Users/runner/work/WineIOS-Core/WineIOS-Core/third_party/wine/include \
  -I/Users/runner/work/WineIOS-Core/WineIOS-Core/third_party/wine/include/msvcrt -D_MSVCR_VER=0 \
  -D__WINESRC__ -DWINBASEAPI= -DWINADVAPI= -DWINUSERAPI= -DWINSHLWAPI= -D__WINE_PE_BUILD -Wall \
  -fuse-ld=lld --no-default-config -fno-strict-aliasing -Wdeclaration-after-statement -Wempty-body \
  -Wignored-qualifiers -Winit-self -Wno-microsoft-enum-forward-reference -Wstrict-prototypes \
  -Wtype-limits -Wunused-but-set-parameter -Wvla -Wwrite-strings -Wpointer-arith -Wabsolute-value \
  -ffunction-sections -ffp-exception-behavior=maytrap -gdwarf-4 -g -O2
aarch64-w64-mingw32-clang -c -o dlls/kernelbase/aarch64-windows/sync.o /Users/runner/work/WineIOS-Core/WineIOS-Core/third_party/wine/dlls/kernelbase/sync.c \
  -Idlls/kernelbase -I/Users/runner/work/WineIOS-Core/WineIOS-Core/third_party/wine/dlls/kernelbase \
  -Iinclude -I/Users/runner/work/WineIOS-Core/WineIOS-Core/third_party/wine/include \
  -I/Users/runner/work/WineIOS-Core/WineIOS-Core/third_party/wine/include/msvcrt -D_MSVCR_VER=0 \
  -D__WINESRC__ -DWINBASEAPI= -DWINADVAPI= -DWINUSERAPI= -DWINSHLWAPI= -D__WINE_PE_BUILD -Wall \
  -fuse-ld=lld --no-default-config -fno-strict-aliasing -Wdeclaration-after-statement -Wempty-body \
  -Wignored-qualifiers -Winit-self -Wno-microsoft-enum-forward-reference -Wstrict-prototypes \
  -Wtype-limits -Wunused-but-set-parameter -Wvla -Wwrite-strings -Wpointer-arith -Wabsolute-value \
  -ffunction-sections -ffp-exception-behavior=maytrap -gdwarf-4 -g -O2
aarch64-w64-mingw32-clang -c -o dlls/kernelbase/aarch64-windows/thread.o /Users/runner/work/WineIOS-Core/WineIOS-Core/third_party/wine/dlls/kernelbase/thread.c \
  -Idlls/kernelbase -I/Users/runner/work/WineIOS-Core/WineIOS-Core/third_party/wine/dlls/kernelbase \
  -Iinclude -I/Users/runner/work/WineIOS-Core/WineIOS-Core/third_party/wine/include \
  -I/Users/runner/work/WineIOS-Core/WineIOS-Core/third_party/wine/include/msvcrt -D_MSVCR_VER=0 \
  -D__WINESRC__ -DWINBASEAPI= -DWINADVAPI= -DWINUSERAPI= -DWINSHLWAPI= -D__WINE_PE_BUILD -Wall \
  -fuse-ld=lld --no-default-config -fno-strict-aliasing -Wdeclaration-after-statement -Wempty-body \
  -Wignored-qualifiers -Winit-self -Wno-microsoft-enum-forward-reference -Wstrict-prototypes \
  -Wtype-limits -Wunused-but-set-parameter -Wvla -Wwrite-strings -Wpointer-arith -Wabsolute-value \
  -ffunction-sections -ffp-exception-behavior=maytrap -gdwarf-4 -g -O2
aarch64-w64-mingw32-clang -c -o dlls/kernelbase/aarch64-windows/version.o /Users/runner/work/WineIOS-Core/WineIOS-Core/third_party/wine/dlls/kernelbase/version.c \
  -Idlls/kernelbase -I/Users/runner/work/WineIOS-Core/WineIOS-Core/third_party/wine/dlls/kernelbase \
  -Iinclude -I/Users/runner/work/WineIOS-Core/WineIOS-Core/third_party/wine/include \
  -I/Users/runner/work/WineIOS-Core/WineIOS-Core/third_party/wine/include/msvcrt -D_MSVCR_VER=0 \
  -D__WINESRC__ -DWINBASEAPI= -DWINADVAPI= -DWINUSERAPI= -DWINSHLWAPI= -D__WINE_PE_BUILD -Wall \
  -fuse-ld=lld --no-default-config -fno-strict-aliasing -Wdeclaration-after-statement -Wempty-body \
  -Wignored-qualifiers -Winit-self -Wno-microsoft-enum-forward-reference -Wstrict-prototypes \
  -Wtype-limits -Wunused-but-set-parameter -Wvla -Wwrite-strings -Wpointer-arith -Wabsolute-value \
  -ffunction-sections -ffp-exception-behavior=maytrap -gdwarf-4 -g -O2
aarch64-w64-mingw32-clang -c -o dlls/kernelbase/aarch64-windows/volume.o /Users/runner/work/WineIOS-Core/WineIOS-Core/third_party/wine/dlls/kernelbase/volume.c \
  -Idlls/kernelbase -I/Users/runner/work/WineIOS-Core/WineIOS-Core/third_party/wine/dlls/kernelbase \
  -Iinclude -I/Users/runner/work/WineIOS-Core/WineIOS-Core/third_party/wine/include \
  -I/Users/runner/work/WineIOS-Core/WineIOS-Core/third_party/wine/include/msvcrt -D_MSVCR_VER=0 \
  -D__WINESRC__ -DWINBASEAPI= -DWINADVAPI= -DWINUSERAPI= -DWINSHLWAPI= -D__WINE_PE_BUILD -Wall \
  -fuse-ld=lld --no-default-config -fno-strict-aliasing -Wdeclaration-after-statement -Wempty-body \
  -Wignored-qualifiers -Winit-self -Wno-microsoft-enum-forward-reference -Wstrict-prototypes \
  -Wtype-limits -Wunused-but-set-parameter -Wvla -Wwrite-strings -Wpointer-arith -Wabsolute-value \
  -ffunction-sections -ffp-exception-behavior=maytrap -gdwarf-4 -g -O2
/Users/runner/work/WineIOS-Core/WineIOS-Core/build/wine-tools-macos/tools/wrc/wrc -u -o dlls/kernelbase/kernelbase.res \
  --nostdinc -Idlls/kernelbase \
  -I/Users/runner/work/WineIOS-Core/WineIOS-Core/third_party/wine/dlls/kernelbase -Iinclude \
  -I/Users/runner/work/WineIOS-Core/WineIOS-Core/third_party/wine/include \
  -I/Users/runner/work/WineIOS-Core/WineIOS-Core/third_party/wine/include/msvcrt -D_MSVCR_VER=0 \
  -D__WINESRC__ -DWINBASEAPI= -DWINADVAPI= -DWINUSERAPI= -DWINSHLWAPI= \
  /Users/runner/work/WineIOS-Core/WineIOS-Core/third_party/wine/dlls/kernelbase/kernelbase.rc
/Users/runner/work/WineIOS-Core/WineIOS-Core/build/wine-tools-macos/tools/wmc/wmc -u -o dlls/kernelbase/winerror.res /Users/runner/work/WineIOS-Core/WineIOS-Core/third_party/wine/dlls/kernelbase/winerror.mc
/Users/runner/work/WineIOS-Core/WineIOS-Core/build/wine-tools-macos/tools/widl/widl -o include/d3d10_1.h -b \
  aarch64-apple-ios --nostdinc -Ldlls/\* -Iinclude \
  -I/Users/runner/work/WineIOS-Core/WineIOS-Core/third_party/wine/include -Iinclude \
  -I/Users/runner/work/WineIOS-Core/WineIOS-Core/third_party/wine/include -D__WINESRC__ \
  /Users/runner/work/WineIOS-Core/WineIOS-Core/third_party/wine/include/d3d10_1.idl
/Users/runner/work/WineIOS-Core/WineIOS-Core/build/wine-tools-macos/tools/widl/widl -o include/d3d10.h -b \
  aarch64-apple-ios --nostdinc -Ldlls/\* -Iinclude \
  -I/Users/runner/work/WineIOS-Core/WineIOS-Core/third_party/wine/include -Iinclude \
  -I/Users/runner/work/WineIOS-Core/WineIOS-Core/third_party/wine/include -D__WINESRC__ \
  /Users/runner/work/WineIOS-Core/WineIOS-Core/third_party/wine/include/d3d10.idl
/Users/runner/work/WineIOS-Core/WineIOS-Core/build/wine-tools-macos/tools/widl/widl -o include/dxgi.h -b \
  aarch64-apple-ios --nostdinc -Ldlls/\* -Iinclude \
  -I/Users/runner/work/WineIOS-Core/WineIOS-Core/third_party/wine/include -Iinclude \
  -I/Users/runner/work/WineIOS-Core/WineIOS-Core/third_party/wine/include -D__WINESRC__ \
  /Users/runner/work/WineIOS-Core/WineIOS-Core/third_party/wine/include/dxgi.idl
/Users/runner/work/WineIOS-Core/WineIOS-Core/build/wine-tools-macos/tools/widl/widl -o include/dxgitype.h -b \
  aarch64-apple-ios --nostdinc -Ldlls/\* -Iinclude \
  -I/Users/runner/work/WineIOS-Core/WineIOS-Core/third_party/wine/include -Iinclude \
  -I/Users/runner/work/WineIOS-Core/WineIOS-Core/third_party/wine/include -D__WINESRC__ \
  /Users/runner/work/WineIOS-Core/WineIOS-Core/third_party/wine/include/dxgitype.idl
/Users/runner/work/WineIOS-Core/WineIOS-Core/build/wine-tools-macos/tools/widl/widl -o include/dxgicommon.h -b \
  aarch64-apple-ios --nostdinc -Ldlls/\* -Iinclude \
  -I/Users/runner/work/WineIOS-Core/WineIOS-Core/third_party/wine/include -Iinclude \
  -I/Users/runner/work/WineIOS-Core/WineIOS-Core/third_party/wine/include -D__WINESRC__ \
  /Users/runner/work/WineIOS-Core/WineIOS-Core/third_party/wine/include/dxgicommon.idl
/Users/runner/work/WineIOS-Core/WineIOS-Core/build/wine-tools-macos/tools/widl/widl -o include/dxgiformat.h -b \
  aarch64-apple-ios --nostdinc -Ldlls/\* -Iinclude \
  -I/Users/runner/work/WineIOS-Core/WineIOS-Core/third_party/wine/include -Iinclude \
  -I/Users/runner/work/WineIOS-Core/WineIOS-Core/third_party/wine/include -D__WINESRC__ \
  /Users/runner/work/WineIOS-Core/WineIOS-Core/third_party/wine/include/dxgiformat.idl
/Users/runner/work/WineIOS-Core/WineIOS-Core/build/wine-tools-macos/tools/widl/widl -o include/d3dcommon.h -b \
  aarch64-apple-ios --nostdinc -Ldlls/\* -Iinclude \
  -I/Users/runner/work/WineIOS-Core/WineIOS-Core/third_party/wine/include -Iinclude \
  -I/Users/runner/work/WineIOS-Core/WineIOS-Core/third_party/wine/include -D__WINESRC__ \
  /Users/runner/work/WineIOS-Core/WineIOS-Core/third_party/wine/include/d3dcommon.idl
/Users/runner/work/WineIOS-Core/WineIOS-Core/build/wine-tools-macos/tools/widl/widl -o include/d3d10sdklayers.h -b \
  aarch64-apple-ios --nostdinc -Ldlls/\* -Iinclude \
  -I/Users/runner/work/WineIOS-Core/WineIOS-Core/third_party/wine/include -Iinclude \
  -I/Users/runner/work/WineIOS-Core/WineIOS-Core/third_party/wine/include -D__WINESRC__ \
  /Users/runner/work/WineIOS-Core/WineIOS-Core/third_party/wine/include/d3d10sdklayers.idl
/Users/runner/work/WineIOS-Core/WineIOS-Core/build/wine-tools-macos/tools/widl/widl -o include/d3d10shader.h -b \
  aarch64-apple-ios --nostdinc -Ldlls/\* -Iinclude \
  -I/Users/runner/work/WineIOS-Core/WineIOS-Core/third_party/wine/include -Iinclude \
  -I/Users/runner/work/WineIOS-Core/WineIOS-Core/third_party/wine/include -D__WINESRC__ \
  /Users/runner/work/WineIOS-Core/WineIOS-Core/third_party/wine/include/d3d10shader.idl
/Users/runner/work/WineIOS-Core/WineIOS-Core/build/wine-tools-macos/tools/widl/widl -o include/d3d10effect.h -b \
  aarch64-apple-ios --nostdinc -Ldlls/\* -Iinclude \
  -I/Users/runner/work/WineIOS-Core/WineIOS-Core/third_party/wine/include -Iinclude \
  -I/Users/runner/work/WineIOS-Core/WineIOS-Core/third_party/wine/include -D__WINESRC__ \
  /Users/runner/work/WineIOS-Core/WineIOS-Core/third_party/wine/include/d3d10effect.idl
/Users/runner/work/WineIOS-Core/WineIOS-Core/build/wine-tools-macos/tools/widl/widl -o include/d2d1_3.h -b \
  aarch64-apple-ios --nostdinc -Ldlls/\* -Iinclude \
  -I/Users/runner/work/WineIOS-Core/WineIOS-Core/third_party/wine/include -Iinclude \
  -I/Users/runner/work/WineIOS-Core/WineIOS-Core/third_party/wine/include -D__WINESRC__ \
  /Users/runner/work/WineIOS-Core/WineIOS-Core/third_party/wine/include/d2d1_3.idl
/Users/runner/work/WineIOS-Core/WineIOS-Core/build/wine-tools-macos/tools/widl/widl -o include/d2d1_2.h -b \
  aarch64-apple-ios --nostdinc -Ldlls/\* -Iinclude \
  -I/Users/runner/work/WineIOS-Core/WineIOS-Core/third_party/wine/include -Iinclude \
  -I/Users/runner/work/WineIOS-Core/WineIOS-Core/third_party/wine/include -D__WINESRC__ \
  /Users/runner/work/WineIOS-Core/WineIOS-Core/third_party/wine/include/d2d1_2.idl
/Users/runner/work/WineIOS-Core/WineIOS-Core/build/wine-tools-macos/tools/widl/widl -o include/d2d1_1.h -b \
  aarch64-apple-ios --nostdinc -Ldlls/\* -Iinclude \
  -I/Users/runner/work/WineIOS-Core/WineIOS-Core/third_party/wine/include -Iinclude \
  -I/Users/runner/work/WineIOS-Core/WineIOS-Core/third_party/wine/include -D__WINESRC__ \
  /Users/runner/work/WineIOS-Core/WineIOS-Core/third_party/wine/include/d2d1_1.idl
/Users/runner/work/WineIOS-Core/WineIOS-Core/build/wine-tools-macos/tools/widl/widl -o include/d2d1.h -b \
  aarch64-apple-ios --nostdinc -Ldlls/\* -Iinclude \
  -I/Users/runner/work/WineIOS-Core/WineIOS-Core/third_party/wine/include -Iinclude \
  -I/Users/runner/work/WineIOS-Core/WineIOS-Core/third_party/wine/include -D__WINESRC__ \
  /Users/runner/work/WineIOS-Core/WineIOS-Core/third_party/wine/include/d2d1.idl
/Users/runner/work/WineIOS-Core/WineIOS-Core/build/wine-tools-macos/tools/widl/widl -o include/dcommon.h -b \
  aarch64-apple-ios --nostdinc -Ldlls/\* -Iinclude \
  -I/Users/runner/work/WineIOS-Core/WineIOS-Core/third_party/wine/include -Iinclude \
  -I/Users/runner/work/WineIOS-Core/WineIOS-Core/third_party/wine/include -D__WINESRC__ \
  /Users/runner/work/WineIOS-Core/WineIOS-Core/third_party/wine/include/dcommon.idl
/Users/runner/work/WineIOS-Core/WineIOS-Core/build/wine-tools-macos/tools/widl/widl -o include/d2d1effects.h -b \
  aarch64-apple-ios --nostdinc -Ldlls/\* -Iinclude \
  -I/Users/runner/work/WineIOS-Core/WineIOS-Core/third_party/wine/include -Iinclude \
  -I/Users/runner/work/WineIOS-Core/WineIOS-Core/third_party/wine/include -D__WINESRC__ \
  /Users/runner/work/WineIOS-Core/WineIOS-Core/third_party/wine/include/d2d1effects.idl
/Users/runner/work/WineIOS-Core/WineIOS-Core/build/wine-tools-macos/tools/widl/widl -o include/d2d1effects_1.h -b \
  aarch64-apple-ios --nostdinc -Ldlls/\* -Iinclude \
  -I/Users/runner/work/WineIOS-Core/WineIOS-Core/third_party/wine/include -Iinclude \
  -I/Users/runner/work/WineIOS-Core/WineIOS-Core/third_party/wine/include -D__WINESRC__ \
  /Users/runner/work/WineIOS-Core/WineIOS-Core/third_party/wine/include/d2d1effects_1.idl
/Users/runner/work/WineIOS-Core/WineIOS-Core/build/wine-tools-macos/tools/widl/widl -o include/d2d1effects_2.h -b \
  aarch64-apple-ios --nostdinc -Ldlls/\* -Iinclude \
  -I/Users/runner/work/WineIOS-Core/WineIOS-Core/third_party/wine/include -Iinclude \
  -I/Users/runner/work/WineIOS-Core/WineIOS-Core/third_party/wine/include -D__WINESRC__ \
  /Users/runner/work/WineIOS-Core/WineIOS-Core/third_party/wine/include/d2d1effects_2.idl
/Users/runner/work/WineIOS-Core/WineIOS-Core/build/wine-tools-macos/tools/widl/widl -o include/d2d1effectauthor.h -b \
  aarch64-apple-ios --nostdinc -Ldlls/\* -Iinclude \
  -I/Users/runner/work/WineIOS-Core/WineIOS-Core/third_party/wine/include -Iinclude \
  -I/Users/runner/work/WineIOS-Core/WineIOS-Core/third_party/wine/include -D__WINESRC__ \
  /Users/runner/work/WineIOS-Core/WineIOS-Core/third_party/wine/include/d2d1effectauthor.idl
/Users/runner/work/WineIOS-Core/WineIOS-Core/build/wine-tools-macos/tools/widl/widl -o include/ctxtcall.h -b \
  aarch64-apple-ios --nostdinc -Ldlls/\* -Iinclude \
  -I/Users/runner/work/WineIOS-Core/WineIOS-Core/third_party/wine/include -Iinclude \
  -I/Users/runner/work/WineIOS-Core/WineIOS-Core/third_party/wine/include -D__WINESRC__ \
  /Users/runner/work/WineIOS-Core/WineIOS-Core/third_party/wine/include/ctxtcall.idl
/Users/runner/work/WineIOS-Core/WineIOS-Core/build/wine-tools-macos/tools/widl/widl -o include/docobj.h -b \
  aarch64-apple-ios --nostdinc -Ldlls/\* -Iinclude \
  -I/Users/runner/work/WineIOS-Core/WineIOS-Core/third_party/wine/include -Iinclude \
  -I/Users/runner/work/WineIOS-Core/WineIOS-Core/third_party/wine/include -D__WINESRC__ \
  /Users/runner/work/WineIOS-Core/WineIOS-Core/third_party/wine/include/docobj.idl
/Users/runner/work/WineIOS-Core/WineIOS-Core/build/wine-tools-macos/tools/widl/widl -o include/exdisp.h -b \
  aarch64-apple-ios --nostdinc -Ldlls/\* -Iinclude \
  -I/Users/runner/work/WineIOS-Core/WineIOS-Core/third_party/wine/include -Iinclude \
  -I/Users/runner/work/WineIOS-Core/WineIOS-Core/third_party/wine/include -D__WINESRC__ \
  /Users/runner/work/WineIOS-Core/WineIOS-Core/third_party/wine/include/exdisp.idl
/Users/runner/work/WineIOS-Core/WineIOS-Core/build/wine-tools-macos/tools/widl/widl -o include/shdeprecated.h -b \
  aarch64-apple-ios --nostdinc -Ldlls/\* -Iinclude \
  -I/Users/runner/work/WineIOS-Core/WineIOS-Core/third_party/wine/include -Iinclude \
  -I/Users/runner/work/WineIOS-Core/WineIOS-Core/third_party/wine/include -D__WINESRC__ \
  /Users/runner/work/WineIOS-Core/WineIOS-Core/third_party/wine/include/shdeprecated.idl
/Users/runner/work/WineIOS-Core/WineIOS-Core/build/wine-tools-macos/tools/widl/widl -o include/shobjidl.h -b \
  aarch64-apple-ios --nostdinc -Ldlls/\* -Iinclude \
  -I/Users/runner/work/WineIOS-Core/WineIOS-Core/third_party/wine/include -Iinclude \
  -I/Users/runner/work/WineIOS-Core/WineIOS-Core/third_party/wine/include -D__WINESRC__ \
  /Users/runner/work/WineIOS-Core/WineIOS-Core/third_party/wine/include/shobjidl.idl
/Users/runner/work/WineIOS-Core/WineIOS-Core/build/wine-tools-macos/tools/widl/widl -o include/comcat.h -b \
  aarch64-apple-ios --nostdinc -Ldlls/\* -Iinclude \
  -I/Users/runner/work/WineIOS-Core/WineIOS-Core/third_party/wine/include -Iinclude \
  -I/Users/runner/work/WineIOS-Core/WineIOS-Core/third_party/wine/include -D__WINESRC__ \
  /Users/runner/work/WineIOS-Core/WineIOS-Core/third_party/wine/include/comcat.idl
/Users/runner/work/WineIOS-Core/WineIOS-Core/build/wine-tools-macos/tools/widl/widl -o include/propsys.h -b \
  aarch64-apple-ios --nostdinc -Ldlls/\* -Iinclude \
  -I/Users/runner/work/WineIOS-Core/WineIOS-Core/third_party/wine/include -Iinclude \
  -I/Users/runner/work/WineIOS-Core/WineIOS-Core/third_party/wine/include -D__WINESRC__ \
  /Users/runner/work/WineIOS-Core/WineIOS-Core/third_party/wine/include/propsys.idl
/Users/runner/work/WineIOS-Core/WineIOS-Core/build/wine-tools-macos/tools/widl/widl -o include/structuredquerycondition.h -b \
  aarch64-apple-ios --nostdinc -Ldlls/\* -Iinclude \
  -I/Users/runner/work/WineIOS-Core/WineIOS-Core/third_party/wine/include -Iinclude \
  -I/Users/runner/work/WineIOS-Core/WineIOS-Core/third_party/wine/include -D__WINESRC__ \
  /Users/runner/work/WineIOS-Core/WineIOS-Core/third_party/wine/include/structuredquerycondition.idl
/Users/runner/work/WineIOS-Core/WineIOS-Core/build/wine-tools-macos/tools/widl/widl -o include/objectarray.h -b \
  aarch64-apple-ios --nostdinc -Ldlls/\* -Iinclude \
  -I/Users/runner/work/WineIOS-Core/WineIOS-Core/third_party/wine/include -Iinclude \
  -I/Users/runner/work/WineIOS-Core/WineIOS-Core/third_party/wine/include -D__WINESRC__ \
  /Users/runner/work/WineIOS-Core/WineIOS-Core/third_party/wine/include/objectarray.idl
/Users/runner/work/WineIOS-Core/WineIOS-Core/build/wine-tools-macos/tools/widl/widl -o include/shobjidl_core.h -b \
  aarch64-apple-ios --nostdinc -Ldlls/\* -Iinclude \
  -I/Users/runner/work/WineIOS-Core/WineIOS-Core/third_party/wine/include -Iinclude \
  -I/Users/runner/work/WineIOS-Core/WineIOS-Core/third_party/wine/include -D__WINESRC__ \
  /Users/runner/work/WineIOS-Core/WineIOS-Core/third_party/wine/include/shobjidl_core.idl
/Users/runner/work/WineIOS-Core/WineIOS-Core/build/wine-tools-macos/tools/widl/widl -o include/hlink.h -b \
  aarch64-apple-ios --nostdinc -Ldlls/\* -Iinclude \
  -I/Users/runner/work/WineIOS-Core/WineIOS-Core/third_party/wine/include -Iinclude \
  -I/Users/runner/work/WineIOS-Core/WineIOS-Core/third_party/wine/include -D__WINESRC__ \
  /Users/runner/work/WineIOS-Core/WineIOS-Core/third_party/wine/include/hlink.idl
/Users/runner/work/WineIOS-Core/WineIOS-Core/build/wine-tools-macos/tools/widl/widl -o include/shldisp.h -b \
  aarch64-apple-ios --nostdinc -Ldlls/\* -Iinclude \
  -I/Users/runner/work/WineIOS-Core/WineIOS-Core/third_party/wine/include -Iinclude \
  -I/Users/runner/work/WineIOS-Core/WineIOS-Core/third_party/wine/include -D__WINESRC__ \
  /Users/runner/work/WineIOS-Core/WineIOS-Core/third_party/wine/include/shldisp.idl
/Users/runner/work/WineIOS-Core/WineIOS-Core/build/wine-tools-macos/tools/widl/widl -o include/activaut.h -b \
  aarch64-apple-ios --nostdinc -Ldlls/\* -Iinclude \
  -I/Users/runner/work/WineIOS-Core/WineIOS-Core/third_party/wine/include -Iinclude \
  -I/Users/runner/work/WineIOS-Core/WineIOS-Core/third_party/wine/include -D__WINESRC__ \
  /Users/runner/work/WineIOS-Core/WineIOS-Core/third_party/wine/include/activaut.idl
/Users/runner/work/WineIOS-Core/WineIOS-Core/build/wine-tools-macos/tools/widl/widl -o include/activdbg.h -b \
  aarch64-apple-ios --nostdinc -Ldlls/\* -Iinclude \
  -I/Users/runner/work/WineIOS-Core/WineIOS-Core/third_party/wine/include -Iinclude \
  -I/Users/runner/work/WineIOS-Core/WineIOS-Core/third_party/wine/include -D__WINESRC__ \
  /Users/runner/work/WineIOS-Core/WineIOS-Core/third_party/wine/include/activdbg.idl
/Users/runner/work/WineIOS-Core/WineIOS-Core/build/wine-tools-macos/tools/widl/widl -o include/activscp.h -b \
  aarch64-apple-ios --nostdinc -Ldlls/\* -Iinclude \
  -I/Users/runner/work/WineIOS-Core/WineIOS-Core/third_party/wine/include -Iinclude \
  -I/Users/runner/work/WineIOS-Core/WineIOS-Core/third_party/wine/include -D__WINESRC__ \
  /Users/runner/work/WineIOS-Core/WineIOS-Core/third_party/wine/include/activscp.idl
/Users/runner/work/WineIOS-Core/WineIOS-Core/build/wine-tools-macos/tools/widl/widl -o include/dispex.h -b \
  aarch64-apple-ios --nostdinc -Ldlls/\* -Iinclude \
  -I/Users/runner/work/WineIOS-Core/WineIOS-Core/third_party/wine/include -Iinclude \
  -I/Users/runner/work/WineIOS-Core/WineIOS-Core/third_party/wine/include -D__WINESRC__ \
  /Users/runner/work/WineIOS-Core/WineIOS-Core/third_party/wine/include/dispex.idl
/Users/runner/work/WineIOS-Core/WineIOS-Core/build/wine-tools-macos/tools/widl/widl -o include/mlang.h -b \
  aarch64-apple-ios --nostdinc -Ldlls/\* -Iinclude \
  -I/Users/runner/work/WineIOS-Core/WineIOS-Core/third_party/wine/include -Iinclude \
  -I/Users/runner/work/WineIOS-Core/WineIOS-Core/third_party/wine/include -D__WINESRC__ \
  /Users/runner/work/WineIOS-Core/WineIOS-Core/third_party/wine/include/mlang.idl
/Users/runner/work/WineIOS-Core/WineIOS-Core/build/wine-tools-macos/tools/widl/widl -o include/mshtml.h -b \
  aarch64-apple-ios --nostdinc -Ldlls/\* -Iinclude \
  -I/Users/runner/work/WineIOS-Core/WineIOS-Core/third_party/wine/include -Iinclude \
  -I/Users/runner/work/WineIOS-Core/WineIOS-Core/third_party/wine/include -D__WINESRC__ \
  /Users/runner/work/WineIOS-Core/WineIOS-Core/third_party/wine/include/mshtml.idl
/Users/runner/work/WineIOS-Core/WineIOS-Core/build/wine-tools-macos/tools/widl/widl -o include/dimm.h -b \
  aarch64-apple-ios --nostdinc -Ldlls/\* -Iinclude \
  -I/Users/runner/work/WineIOS-Core/WineIOS-Core/third_party/wine/include -Iinclude \
  -I/Users/runner/work/WineIOS-Core/WineIOS-Core/third_party/wine/include -D__WINESRC__ \
  /Users/runner/work/WineIOS-Core/WineIOS-Core/third_party/wine/include/dimm.idl
/Users/runner/work/WineIOS-Core/WineIOS-Core/build/wine-tools-macos/tools/widl/widl -o include/mshtmhst.h -b \
  aarch64-apple-ios --nostdinc -Ldlls/\* -Iinclude \
  -I/Users/runner/work/WineIOS-Core/WineIOS-Core/third_party/wine/include -Iinclude \
  -I/Users/runner/work/WineIOS-Core/WineIOS-Core/third_party/wine/include -D__WINESRC__ \
  /Users/runner/work/WineIOS-Core/WineIOS-Core/third_party/wine/include/mshtmhst.idl
/Users/runner/work/WineIOS-Core/WineIOS-Core/build/wine-tools-macos/tools/widl/widl -o include/docobjectservice.h -b \
  aarch64-apple-ios --nostdinc -Ldlls/\* -Iinclude \
  -I/Users/runner/work/WineIOS-Core/WineIOS-Core/third_party/wine/include -Iinclude \
  -I/Users/runner/work/WineIOS-Core/WineIOS-Core/third_party/wine/include -D__WINESRC__ \
  /Users/runner/work/WineIOS-Core/WineIOS-Core/third_party/wine/include/docobjectservice.idl
/Users/runner/work/WineIOS-Core/WineIOS-Core/build/wine-tools-macos/tools/widl/widl -o include/richole.h -b \
  aarch64-apple-ios --nostdinc -Ldlls/\* -Iinclude \
  -I/Users/runner/work/WineIOS-Core/WineIOS-Core/third_party/wine/include -Iinclude \
  -I/Users/runner/work/WineIOS-Core/WineIOS-Core/third_party/wine/include -D__WINESRC__ \
  /Users/runner/work/WineIOS-Core/WineIOS-Core/third_party/wine/include/richole.idl
/Users/runner/work/WineIOS-Core/WineIOS-Core/build/wine-tools-macos/tools/widl/widl -o include/downloadmgr.h -b \
  aarch64-apple-ios --nostdinc -Ldlls/\* -Iinclude \
  -I/Users/runner/work/WineIOS-Core/WineIOS-Core/third_party/wine/include -Iinclude \
  -I/Users/runner/work/WineIOS-Core/WineIOS-Core/third_party/wine/include -D__WINESRC__ \
  /Users/runner/work/WineIOS-Core/WineIOS-Core/third_party/wine/include/downloadmgr.idl
/Users/runner/work/WineIOS-Core/WineIOS-Core/build/wine-tools-macos/tools/widl/widl -o include/optary.h -b \
  aarch64-apple-ios --nostdinc -Ldlls/\* -Iinclude \
  -I/Users/runner/work/WineIOS-Core/WineIOS-Core/third_party/wine/include -Iinclude \
  -I/Users/runner/work/WineIOS-Core/WineIOS-Core/third_party/wine/include -D__WINESRC__ \
  /Users/runner/work/WineIOS-Core/WineIOS-Core/third_party/wine/include/optary.idl
/Users/runner/work/WineIOS-Core/WineIOS-Core/build/wine-tools-macos/tools/widl/widl -o include/indexsrv.h -b \
  aarch64-apple-ios --nostdinc -Ldlls/\* -Iinclude \
  -I/Users/runner/work/WineIOS-Core/WineIOS-Core/third_party/wine/include -Iinclude \
  -I/Users/runner/work/WineIOS-Core/WineIOS-Core/third_party/wine/include -D__WINESRC__ \
  /Users/runner/work/WineIOS-Core/WineIOS-Core/third_party/wine/include/indexsrv.idl
/Users/runner/work/WineIOS-Core/WineIOS-Core/build/wine-tools-macos/tools/widl/widl -o include/htiface.h -b \
  aarch64-apple-ios --nostdinc -Ldlls/\* -Iinclude \
  -I/Users/runner/work/WineIOS-Core/WineIOS-Core/third_party/wine/include -Iinclude \
  -I/Users/runner/work/WineIOS-Core/WineIOS-Core/third_party/wine/include -D__WINESRC__ \
  /Users/runner/work/WineIOS-Core/WineIOS-Core/third_party/wine/include/htiface.idl
/Users/runner/work/WineIOS-Core/WineIOS-Core/build/wine-tools-macos/tools/widl/widl -o include/htiframe.h -b \
  aarch64-apple-ios --nostdinc -Ldlls/\* -Iinclude \
  -I/Users/runner/work/WineIOS-Core/WineIOS-Core/third_party/wine/include -Iinclude \
  -I/Users/runner/work/WineIOS-Core/WineIOS-Core/third_party/wine/include -D__WINESRC__ \
  /Users/runner/work/WineIOS-Core/WineIOS-Core/third_party/wine/include/htiframe.idl
/Users/runner/work/WineIOS-Core/WineIOS-Core/build/wine-tools-macos/tools/widl/widl -o include/urlhist.h -b \
  aarch64-apple-ios --nostdinc -Ldlls/\* -Iinclude \
  -I/Users/runner/work/WineIOS-Core/WineIOS-Core/third_party/wine/include -Iinclude \
  -I/Users/runner/work/WineIOS-Core/WineIOS-Core/third_party/wine/include -D__WINESRC__ \
  /Users/runner/work/WineIOS-Core/WineIOS-Core/third_party/wine/include/urlhist.idl
/Users/runner/work/WineIOS-Core/WineIOS-Core/build/wine-tools-macos/tools/widl/widl -o include/objsafe.h -b \
  aarch64-apple-ios --nostdinc -Ldlls/\* -Iinclude \
  -I/Users/runner/work/WineIOS-Core/WineIOS-Core/third_party/wine/include -Iinclude \
  -I/Users/runner/work/WineIOS-Core/WineIOS-Core/third_party/wine/include -D__WINESRC__ \
  /Users/runner/work/WineIOS-Core/WineIOS-Core/third_party/wine/include/objsafe.idl
/Users/runner/work/WineIOS-Core/WineIOS-Core/build/wine-tools-macos/tools/widl/widl -o include/perhist.h -b \
  aarch64-apple-ios --nostdinc -Ldlls/\* -Iinclude \
  -I/Users/runner/work/WineIOS-Core/WineIOS-Core/third_party/wine/include -Iinclude \
  -I/Users/runner/work/WineIOS-Core/WineIOS-Core/third_party/wine/include -D__WINESRC__ \
  /Users/runner/work/WineIOS-Core/WineIOS-Core/third_party/wine/include/perhist.idl
/Users/runner/work/WineIOS-Core/WineIOS-Core/build/wine-tools-macos/tools/widl/widl -o include/netcon.h -b \
  aarch64-apple-ios --nostdinc -Ldlls/\* -Iinclude \
  -I/Users/runner/work/WineIOS-Core/WineIOS-Core/third_party/wine/include -Iinclude \
  -I/Users/runner/work/WineIOS-Core/WineIOS-Core/third_party/wine/include -D__WINESRC__ \
  /Users/runner/work/WineIOS-Core/WineIOS-Core/third_party/wine/include/netcon.idl
/Users/runner/work/WineIOS-Core/WineIOS-Core/build/wine-tools-macos/tools/widl/widl -o include/netfw.h -b \
  aarch64-apple-ios --nostdinc -Ldlls/\* -Iinclude \
  -I/Users/runner/work/WineIOS-Core/WineIOS-Core/third_party/wine/include -Iinclude \
  -I/Users/runner/work/WineIOS-Core/WineIOS-Core/third_party/wine/include -D__WINESRC__ \
  /Users/runner/work/WineIOS-Core/WineIOS-Core/third_party/wine/include/netfw.idl
/Users/runner/work/WineIOS-Core/WineIOS-Core/build/wine-tools-macos/tools/widl/widl -o include/icftypes.h -b \
  aarch64-apple-ios --nostdinc -Ldlls/\* -Iinclude \
  -I/Users/runner/work/WineIOS-Core/WineIOS-Core/third_party/wine/include -Iinclude \
  -I/Users/runner/work/WineIOS-Core/WineIOS-Core/third_party/wine/include -D__WINESRC__ \
  /Users/runner/work/WineIOS-Core/WineIOS-Core/third_party/wine/include/icftypes.idl
/Users/runner/work/WineIOS-Core/WineIOS-Core/build/wine-tools-macos/tools/widl/widl -o include/natupnp.h -b \
  aarch64-apple-ios --nostdinc -Ldlls/\* -Iinclude \
  -I/Users/runner/work/WineIOS-Core/WineIOS-Core/third_party/wine/include -Iinclude \
  -I/Users/runner/work/WineIOS-Core/WineIOS-Core/third_party/wine/include -D__WINESRC__ \
  /Users/runner/work/WineIOS-Core/WineIOS-Core/third_party/wine/include/natupnp.idl
/Users/runner/work/WineIOS-Core/WineIOS-Core/build/wine-tools-macos/tools/widl/widl -o include/msctf.h -b \
  aarch64-apple-ios --nostdinc -Ldlls/\* -Iinclude \
  -I/Users/runner/work/WineIOS-Core/WineIOS-Core/third_party/wine/include -Iinclude \
  -I/Users/runner/work/WineIOS-Core/WineIOS-Core/third_party/wine/include -D__WINESRC__ \
  /Users/runner/work/WineIOS-Core/WineIOS-Core/third_party/wine/include/msctf.idl
/Users/runner/work/WineIOS-Core/WineIOS-Core/build/wine-tools-macos/tools/widl/widl -o include/textstor.h -b \
  aarch64-apple-ios --nostdinc -Ldlls/\* -Iinclude \
  -I/Users/runner/work/WineIOS-Core/WineIOS-Core/third_party/wine/include -Iinclude \
  -I/Users/runner/work/WineIOS-Core/WineIOS-Core/third_party/wine/include -D__WINESRC__ \
  /Users/runner/work/WineIOS-Core/WineIOS-Core/third_party/wine/include/textstor.idl
/Users/runner/work/WineIOS-Core/WineIOS-Core/build/wine-tools-macos/tools/widl/widl -o include/ctfutb.h -b \
  aarch64-apple-ios --nostdinc -Ldlls/\* -Iinclude \
  -I/Users/runner/work/WineIOS-Core/WineIOS-Core/third_party/wine/include -Iinclude \
  -I/Users/runner/work/WineIOS-Core/WineIOS-Core/third_party/wine/include -D__WINESRC__ \
  /Users/runner/work/WineIOS-Core/WineIOS-Core/third_party/wine/include/ctfutb.idl
/Users/runner/work/WineIOS-Core/WineIOS-Core/build/wine-tools-macos/tools/widl/widl -o include/sensevts.h -b \
  aarch64-apple-ios --nostdinc -Ldlls/\* -Iinclude \
  -I/Users/runner/work/WineIOS-Core/WineIOS-Core/third_party/wine/include -Iinclude \
  -I/Users/runner/work/WineIOS-Core/WineIOS-Core/third_party/wine/include -D__WINESRC__ \
  /Users/runner/work/WineIOS-Core/WineIOS-Core/third_party/wine/include/sensevts.idl
/Users/runner/work/WineIOS-Core/WineIOS-Core/build/wine-tools-macos/tools/widl/widl -o include/ocmm.h -b \
  aarch64-apple-ios --nostdinc -Ldlls/\* -Iinclude \
  -I/Users/runner/work/WineIOS-Core/WineIOS-Core/third_party/wine/include -Iinclude \
  -I/Users/runner/work/WineIOS-Core/WineIOS-Core/third_party/wine/include -D__WINESRC__ \
  /Users/runner/work/WineIOS-Core/WineIOS-Core/third_party/wine/include/ocmm.idl
/Users/runner/work/WineIOS-Core/WineIOS-Core/build/wine-tools-macos/tools/widl/widl -o include/commoncontrols.h -b \
  aarch64-apple-ios --nostdinc -Ldlls/\* -Iinclude \
  -I/Users/runner/work/WineIOS-Core/WineIOS-Core/third_party/wine/include -Iinclude \
  -I/Users/runner/work/WineIOS-Core/WineIOS-Core/third_party/wine/include -D__WINESRC__ \
  /Users/runner/work/WineIOS-Core/WineIOS-Core/third_party/wine/include/commoncontrols.idl
/Users/runner/work/WineIOS-Core/WineIOS-Core/build/wine-tools-macos/tools/widl/widl -o include/tlogstg.h -b \
  aarch64-apple-ios --nostdinc -Ldlls/\* -Iinclude \
  -I/Users/runner/work/WineIOS-Core/WineIOS-Core/third_party/wine/include -Iinclude \
  -I/Users/runner/work/WineIOS-Core/WineIOS-Core/third_party/wine/include -D__WINESRC__ \
  /Users/runner/work/WineIOS-Core/WineIOS-Core/third_party/wine/include/tlogstg.idl
/Users/runner/work/WineIOS-Core/WineIOS-Core/build/wine-tools-macos/tools/widl/widl -o include/msdasc.h -b \
  aarch64-apple-ios --nostdinc -Ldlls/\* -Iinclude \
  -I/Users/runner/work/WineIOS-Core/WineIOS-Core/third_party/wine/include -Iinclude \
  -I/Users/runner/work/WineIOS-Core/WineIOS-Core/third_party/wine/include -D__WINESRC__ \
  /Users/runner/work/WineIOS-Core/WineIOS-Core/third_party/wine/include/msdasc.idl
/Users/runner/work/WineIOS-Core/WineIOS-Core/build/wine-tools-macos/tools/widl/widl -o include/oledb.h -b \
  aarch64-apple-ios --nostdinc -Ldlls/\* -Iinclude \
  -I/Users/runner/work/WineIOS-Core/WineIOS-Core/third_party/wine/include -Iinclude \
  -I/Users/runner/work/WineIOS-Core/WineIOS-Core/third_party/wine/include -D__WINESRC__ \
  /Users/runner/work/WineIOS-Core/WineIOS-Core/third_party/wine/include/oledb.idl
/Users/runner/work/WineIOS-Core/WineIOS-Core/build/wine-tools-macos/tools/widl/widl -o include/netcfgx.h -b \
  aarch64-apple-ios --nostdinc -Ldlls/\* -Iinclude \
  -I/Users/runner/work/WineIOS-Core/WineIOS-Core/third_party/wine/include -Iinclude \
  -I/Users/runner/work/WineIOS-Core/WineIOS-Core/third_party/wine/include -D__WINESRC__ \
  /Users/runner/work/WineIOS-Core/WineIOS-Core/third_party/wine/include/netcfgx.idl
/Users/runner/work/WineIOS-Core/WineIOS-Core/build/wine-tools-macos/tools/widl/widl -o include/shimgdata.h -b \
  aarch64-apple-ios --nostdinc -Ldlls/\* -Iinclude \
  -I/Users/runner/work/WineIOS-Core/WineIOS-Core/third_party/wine/include -Iinclude \
  -I/Users/runner/work/WineIOS-Core/WineIOS-Core/third_party/wine/include -D__WINESRC__ \
  /Users/runner/work/WineIOS-Core/WineIOS-Core/third_party/wine/include/shimgdata.idl
/Users/runner/work/WineIOS-Core/WineIOS-Core/build/wine-tools-macos/tools/widl/widl -o include/comsvcs.h -b \
  aarch64-apple-ios --nostdinc -Ldlls/\* -Iinclude \
  -I/Users/runner/work/WineIOS-Core/WineIOS-Core/third_party/wine/include -Iinclude \
  -I/Users/runner/work/WineIOS-Core/WineIOS-Core/third_party/wine/include -D__WINESRC__ \
  /Users/runner/work/WineIOS-Core/WineIOS-Core/third_party/wine/include/comsvcs.idl
/Users/runner/work/WineIOS-Core/WineIOS-Core/build/wine-tools-macos/tools/widl/widl -o include/directmanipulation.h -b \
  aarch64-apple-ios --nostdinc -Ldlls/\* -Iinclude \
  -I/Users/runner/work/WineIOS-Core/WineIOS-Core/third_party/wine/include -Iinclude \
  -I/Users/runner/work/WineIOS-Core/WineIOS-Core/third_party/wine/include -D__WINESRC__ \
  /Users/runner/work/WineIOS-Core/WineIOS-Core/third_party/wine/include/directmanipulation.idl
/Users/runner/work/WineIOS-Core/WineIOS-Core/build/wine-tools-macos/tools/winebuild/winebuild -w --implib -o dlls/ntdll/aarch64-windows/libntdll.a \
  -b aarch64-w64-mingw32 --export \
  /Users/runner/work/WineIOS-Core/WineIOS-Core/third_party/wine/dlls/ntdll/ntdll.spec
aarch64-w64-mingw32-clang -c -o dlls/kernel32/aarch64-windows/atom.o /Users/runner/work/WineIOS-Core/WineIOS-Core/third_party/wine/dlls/kernel32/atom.c \
  -Idlls/kernel32 -I/Users/runner/work/WineIOS-Core/WineIOS-Core/third_party/wine/dlls/kernel32 \
  -Iinclude -I/Users/runner/work/WineIOS-Core/WineIOS-Core/third_party/wine/include \
  -I/Users/runner/work/WineIOS-Core/WineIOS-Core/third_party/wine/include/msvcrt -D_MSVCR_VER=0 \
  -D__WINESRC__ -D_KERNEL32_ -D_NORMALIZE_ -D__WINE_PE_BUILD -Wall -fuse-ld=lld --no-default-config \
  -fno-strict-aliasing -Wdeclaration-after-statement -Wempty-body -Wignored-qualifiers -Winit-self \
  -Wno-microsoft-enum-forward-reference -Wstrict-prototypes -Wtype-limits -Wunused-but-set-parameter \
  -Wvla -Wwrite-strings -Wpointer-arith -Wabsolute-value -ffunction-sections \
  -ffp-exception-behavior=maytrap -gdwarf-4 -g -O2
aarch64-w64-mingw32-clang -c -o dlls/kernel32/aarch64-windows/comm.o /Users/runner/work/WineIOS-Core/WineIOS-Core/third_party/wine/dlls/kernel32/comm.c \
  -Idlls/kernel32 -I/Users/runner/work/WineIOS-Core/WineIOS-Core/third_party/wine/dlls/kernel32 \
  -Iinclude -I/Users/runner/work/WineIOS-Core/WineIOS-Core/third_party/wine/include \
  -I/Users/runner/work/WineIOS-Core/WineIOS-Core/third_party/wine/include/msvcrt -D_MSVCR_VER=0 \
  -D__WINESRC__ -D_KERNEL32_ -D_NORMALIZE_ -D__WINE_PE_BUILD -Wall -fuse-ld=lld --no-default-config \
  -fno-strict-aliasing -Wdeclaration-after-statement -Wempty-body -Wignored-qualifiers -Winit-self \
  -Wno-microsoft-enum-forward-reference -Wstrict-prototypes -Wtype-limits -Wunused-but-set-parameter \
  -Wvla -Wwrite-strings -Wpointer-arith -Wabsolute-value -ffunction-sections \
  -ffp-exception-behavior=maytrap -gdwarf-4 -g -O2
aarch64-w64-mingw32-clang -c -o dlls/kernel32/aarch64-windows/computername.o /Users/runner/work/WineIOS-Core/WineIOS-Core/third_party/wine/dlls/kernel32/computername.c \
  -Idlls/kernel32 -I/Users/runner/work/WineIOS-Core/WineIOS-Core/third_party/wine/dlls/kernel32 \
  -Iinclude -I/Users/runner/work/WineIOS-Core/WineIOS-Core/third_party/wine/include \
  -I/Users/runner/work/WineIOS-Core/WineIOS-Core/third_party/wine/include/msvcrt -D_MSVCR_VER=0 \
  -D__WINESRC__ -D_KERNEL32_ -D_NORMALIZE_ -D__WINE_PE_BUILD -Wall -fuse-ld=lld --no-default-config \
  -fno-strict-aliasing -Wdeclaration-after-statement -Wempty-body -Wignored-qualifiers -Winit-self \
  -Wno-microsoft-enum-forward-reference -Wstrict-prototypes -Wtype-limits -Wunused-but-set-parameter \
  -Wvla -Wwrite-strings -Wpointer-arith -Wabsolute-value -ffunction-sections \
  -ffp-exception-behavior=maytrap -gdwarf-4 -g -O2
aarch64-w64-mingw32-clang -c -o dlls/kernel32/aarch64-windows/console.o /Users/runner/work/WineIOS-Core/WineIOS-Core/third_party/wine/dlls/kernel32/console.c \
  -Idlls/kernel32 -I/Users/runner/work/WineIOS-Core/WineIOS-Core/third_party/wine/dlls/kernel32 \
  -Iinclude -I/Users/runner/work/WineIOS-Core/WineIOS-Core/third_party/wine/include \
  -I/Users/runner/work/WineIOS-Core/WineIOS-Core/third_party/wine/include/msvcrt -D_MSVCR_VER=0 \
  -D__WINESRC__ -D_KERNEL32_ -D_NORMALIZE_ -D__WINE_PE_BUILD -Wall -fuse-ld=lld --no-default-config \
  -fno-strict-aliasing -Wdeclaration-after-statement -Wempty-body -Wignored-qualifiers -Winit-self \
  -Wno-microsoft-enum-forward-reference -Wstrict-prototypes -Wtype-limits -Wunused-but-set-parameter \
  -Wvla -Wwrite-strings -Wpointer-arith -Wabsolute-value -ffunction-sections \
  -ffp-exception-behavior=maytrap -gdwarf-4 -g -O2
aarch64-w64-mingw32-clang -c -o dlls/kernel32/aarch64-windows/debugger.o /Users/runner/work/WineIOS-Core/WineIOS-Core/third_party/wine/dlls/kernel32/debugger.c \
  -Idlls/kernel32 -I/Users/runner/work/WineIOS-Core/WineIOS-Core/third_party/wine/dlls/kernel32 \
  -Iinclude -I/Users/runner/work/WineIOS-Core/WineIOS-Core/third_party/wine/include \
  -I/Users/runner/work/WineIOS-Core/WineIOS-Core/third_party/wine/include/msvcrt -D_MSVCR_VER=0 \
  -D__WINESRC__ -D_KERNEL32_ -D_NORMALIZE_ -D__WINE_PE_BUILD -Wall -fuse-ld=lld --no-default-config \
  -fno-strict-aliasing -Wdeclaration-after-statement -Wempty-body -Wignored-qualifiers -Winit-self \
  -Wno-microsoft-enum-forward-reference -Wstrict-prototypes -Wtype-limits -Wunused-but-set-parameter \
  -Wvla -Wwrite-strings -Wpointer-arith -Wabsolute-value -ffunction-sections \
  -ffp-exception-behavior=maytrap -gdwarf-4 -g -O2
aarch64-w64-mingw32-clang -c -o dlls/kernel32/aarch64-windows/file.o /Users/runner/work/WineIOS-Core/WineIOS-Core/third_party/wine/dlls/kernel32/file.c \
  -Idlls/kernel32 -I/Users/runner/work/WineIOS-Core/WineIOS-Core/third_party/wine/dlls/kernel32 \
  -Iinclude -I/Users/runner/work/WineIOS-Core/WineIOS-Core/third_party/wine/include \
  -I/Users/runner/work/WineIOS-Core/WineIOS-Core/third_party/wine/include/msvcrt -D_MSVCR_VER=0 \
  -D__WINESRC__ -D_KERNEL32_ -D_NORMALIZE_ -D__WINE_PE_BUILD -Wall -fuse-ld=lld --no-default-config \
  -fno-strict-aliasing -Wdeclaration-after-statement -Wempty-body -Wignored-qualifiers -Winit-self \
  -Wno-microsoft-enum-forward-reference -Wstrict-prototypes -Wtype-limits -Wunused-but-set-parameter \
  -Wvla -Wwrite-strings -Wpointer-arith -Wabsolute-value -ffunction-sections \
  -ffp-exception-behavior=maytrap -gdwarf-4 -g -O2
aarch64-w64-mingw32-clang -c -o dlls/kernel32/aarch64-windows/heap.o /Users/runner/work/WineIOS-Core/WineIOS-Core/third_party/wine/dlls/kernel32/heap.c \
  -Idlls/kernel32 -I/Users/runner/work/WineIOS-Core/WineIOS-Core/third_party/wine/dlls/kernel32 \
  -Iinclude -I/Users/runner/work/WineIOS-Core/WineIOS-Core/third_party/wine/include \
  -I/Users/runner/work/WineIOS-Core/WineIOS-Core/third_party/wine/include/msvcrt -D_MSVCR_VER=0 \
  -D__WINESRC__ -D_KERNEL32_ -D_NORMALIZE_ -D__WINE_PE_BUILD -Wall -fuse-ld=lld --no-default-config \
  -fno-strict-aliasing -Wdeclaration-after-statement -Wempty-body -Wignored-qualifiers -Winit-self \
  -Wno-microsoft-enum-forward-reference -Wstrict-prototypes -Wtype-limits -Wunused-but-set-parameter \
  -Wvla -Wwrite-strings -Wpointer-arith -Wabsolute-value -ffunction-sections \
  -ffp-exception-behavior=maytrap -gdwarf-4 -g -O2
aarch64-w64-mingw32-clang -c -o dlls/kernel32/aarch64-windows/kernel_main.o /Users/runner/work/WineIOS-Core/WineIOS-Core/third_party/wine/dlls/kernel32/kernel_main.c \
  -Idlls/kernel32 -I/Users/runner/work/WineIOS-Core/WineIOS-Core/third_party/wine/dlls/kernel32 \
  -Iinclude -I/Users/runner/work/WineIOS-Core/WineIOS-Core/third_party/wine/include \
  -I/Users/runner/work/WineIOS-Core/WineIOS-Core/third_party/wine/include/msvcrt -D_MSVCR_VER=0 \
  -D__WINESRC__ -D_KERNEL32_ -D_NORMALIZE_ -D__WINE_PE_BUILD -Wall -fuse-ld=lld --no-default-config \
  -fno-strict-aliasing -Wdeclaration-after-statement -Wempty-body -Wignored-qualifiers -Winit-self \
  -Wno-microsoft-enum-forward-reference -Wstrict-prototypes -Wtype-limits -Wunused-but-set-parameter \
  -Wvla -Wwrite-strings -Wpointer-arith -Wabsolute-value -ffunction-sections \
  -ffp-exception-behavior=maytrap -gdwarf-4 -g -O2
aarch64-w64-mingw32-clang -c -o dlls/kernel32/aarch64-windows/locale.o /Users/runner/work/WineIOS-Core/WineIOS-Core/third_party/wine/dlls/kernel32/locale.c \
  -Idlls/kernel32 -I/Users/runner/work/WineIOS-Core/WineIOS-Core/third_party/wine/dlls/kernel32 \
  -Iinclude -I/Users/runner/work/WineIOS-Core/WineIOS-Core/third_party/wine/include \
  -I/Users/runner/work/WineIOS-Core/WineIOS-Core/third_party/wine/include/msvcrt -D_MSVCR_VER=0 \
  -D__WINESRC__ -D_KERNEL32_ -D_NORMALIZE_ -D__WINE_PE_BUILD -Wall -fuse-ld=lld --no-default-config \
  -fno-strict-aliasing -Wdeclaration-after-statement -Wempty-body -Wignored-qualifiers -Winit-self \
  -Wno-microsoft-enum-forward-reference -Wstrict-prototypes -Wtype-limits -Wunused-but-set-parameter \
  -Wvla -Wwrite-strings -Wpointer-arith -Wabsolute-value -ffunction-sections \
  -ffp-exception-behavior=maytrap -gdwarf-4 -g -O2
aarch64-w64-mingw32-clang -c -o dlls/kernel32/aarch64-windows/lzexpand.o /Users/runner/work/WineIOS-Core/WineIOS-Core/third_party/wine/dlls/kernel32/lzexpand.c \
  -Idlls/kernel32 -I/Users/runner/work/WineIOS-Core/WineIOS-Core/third_party/wine/dlls/kernel32 \
  -Iinclude -I/Users/runner/work/WineIOS-Core/WineIOS-Core/third_party/wine/include \
  -I/Users/runner/work/WineIOS-Core/WineIOS-Core/third_party/wine/include/msvcrt -D_MSVCR_VER=0 \
  -D__WINESRC__ -D_KERNEL32_ -D_NORMALIZE_ -D__WINE_PE_BUILD -Wall -fuse-ld=lld --no-default-config \
  -fno-strict-aliasing -Wdeclaration-after-statement -Wempty-body -Wignored-qualifiers -Winit-self \
  -Wno-microsoft-enum-forward-reference -Wstrict-prototypes -Wtype-limits -Wunused-but-set-parameter \
  -Wvla -Wwrite-strings -Wpointer-arith -Wabsolute-value -ffunction-sections \
  -ffp-exception-behavior=maytrap -gdwarf-4 -g -O2
aarch64-w64-mingw32-clang -c -o dlls/kernel32/aarch64-windows/module.o /Users/runner/work/WineIOS-Core/WineIOS-Core/third_party/wine/dlls/kernel32/module.c \
  -Idlls/kernel32 -I/Users/runner/work/WineIOS-Core/WineIOS-Core/third_party/wine/dlls/kernel32 \
  -Iinclude -I/Users/runner/work/WineIOS-Core/WineIOS-Core/third_party/wine/include \
  -I/Users/runner/work/WineIOS-Core/WineIOS-Core/third_party/wine/include/msvcrt -D_MSVCR_VER=0 \
  -D__WINESRC__ -D_KERNEL32_ -D_NORMALIZE_ -D__WINE_PE_BUILD -Wall -fuse-ld=lld --no-default-config \
  -fno-strict-aliasing -Wdeclaration-after-statement -Wempty-body -Wignored-qualifiers -Winit-self \
  -Wno-microsoft-enum-forward-reference -Wstrict-prototypes -Wtype-limits -Wunused-but-set-parameter \
  -Wvla -Wwrite-strings -Wpointer-arith -Wabsolute-value -ffunction-sections \
  -ffp-exception-behavior=maytrap -gdwarf-4 -g -O2
aarch64-w64-mingw32-clang -c -o dlls/kernel32/aarch64-windows/path.o /Users/runner/work/WineIOS-Core/WineIOS-Core/third_party/wine/dlls/kernel32/path.c \
  -Idlls/kernel32 -I/Users/runner/work/WineIOS-Core/WineIOS-Core/third_party/wine/dlls/kernel32 \
  -Iinclude -I/Users/runner/work/WineIOS-Core/WineIOS-Core/third_party/wine/include \
  -I/Users/runner/work/WineIOS-Core/WineIOS-Core/third_party/wine/include/msvcrt -D_MSVCR_VER=0 \
  -D__WINESRC__ -D_KERNEL32_ -D_NORMALIZE_ -D__WINE_PE_BUILD -Wall -fuse-ld=lld --no-default-config \
  -fno-strict-aliasing -Wdeclaration-after-statement -Wempty-body -Wignored-qualifiers -Winit-self \
  -Wno-microsoft-enum-forward-reference -Wstrict-prototypes -Wtype-limits -Wunused-but-set-parameter \
  -Wvla -Wwrite-strings -Wpointer-arith -Wabsolute-value -ffunction-sections \
  -ffp-exception-behavior=maytrap -gdwarf-4 -g -O2
aarch64-w64-mingw32-clang -c -o dlls/kernel32/aarch64-windows/powermgnt.o /Users/runner/work/WineIOS-Core/WineIOS-Core/third_party/wine/dlls/kernel32/powermgnt.c \
  -Idlls/kernel32 -I/Users/runner/work/WineIOS-Core/WineIOS-Core/third_party/wine/dlls/kernel32 \
  -Iinclude -I/Users/runner/work/WineIOS-Core/WineIOS-Core/third_party/wine/include \
  -I/Users/runner/work/WineIOS-Core/WineIOS-Core/third_party/wine/include/msvcrt -D_MSVCR_VER=0 \
  -D__WINESRC__ -D_KERNEL32_ -D_NORMALIZE_ -D__WINE_PE_BUILD -Wall -fuse-ld=lld --no-default-config \
  -fno-strict-aliasing -Wdeclaration-after-statement -Wempty-body -Wignored-qualifiers -Winit-self \
  -Wno-microsoft-enum-forward-reference -Wstrict-prototypes -Wtype-limits -Wunused-but-set-parameter \
  -Wvla -Wwrite-strings -Wpointer-arith -Wabsolute-value -ffunction-sections \
  -ffp-exception-behavior=maytrap -gdwarf-4 -g -O2
aarch64-w64-mingw32-clang -c -o dlls/kernel32/aarch64-windows/process.o /Users/runner/work/WineIOS-Core/WineIOS-Core/third_party/wine/dlls/kernel32/process.c \
  -Idlls/kernel32 -I/Users/runner/work/WineIOS-Core/WineIOS-Core/third_party/wine/dlls/kernel32 \
  -Iinclude -I/Users/runner/work/WineIOS-Core/WineIOS-Core/third_party/wine/include \
  -I/Users/runner/work/WineIOS-Core/WineIOS-Core/third_party/wine/include/msvcrt -D_MSVCR_VER=0 \
  -D__WINESRC__ -D_KERNEL32_ -D_NORMALIZE_ -D__WINE_PE_BUILD -Wall -fuse-ld=lld --no-default-config \
  -fno-strict-aliasing -Wdeclaration-after-statement -Wempty-body -Wignored-qualifiers -Winit-self \
  -Wno-microsoft-enum-forward-reference -Wstrict-prototypes -Wtype-limits -Wunused-but-set-parameter \
  -Wvla -Wwrite-strings -Wpointer-arith -Wabsolute-value -ffunction-sections \
  -ffp-exception-behavior=maytrap -gdwarf-4 -g -O2
aarch64-w64-mingw32-clang -c -o dlls/kernel32/aarch64-windows/profile.o /Users/runner/work/WineIOS-Core/WineIOS-Core/third_party/wine/dlls/kernel32/profile.c \
  -Idlls/kernel32 -I/Users/runner/work/WineIOS-Core/WineIOS-Core/third_party/wine/dlls/kernel32 \
  -Iinclude -I/Users/runner/work/WineIOS-Core/WineIOS-Core/third_party/wine/include \
  -I/Users/runner/work/WineIOS-Core/WineIOS-Core/third_party/wine/include/msvcrt -D_MSVCR_VER=0 \
  -D__WINESRC__ -D_KERNEL32_ -D_NORMALIZE_ -D__WINE_PE_BUILD -Wall -fuse-ld=lld --no-default-config \
  -fno-strict-aliasing -Wdeclaration-after-statement -Wempty-body -Wignored-qualifiers -Winit-self \
  -Wno-microsoft-enum-forward-reference -Wstrict-prototypes -Wtype-limits -Wunused-but-set-parameter \
  -Wvla -Wwrite-strings -Wpointer-arith -Wabsolute-value -ffunction-sections \
  -ffp-exception-behavior=maytrap -gdwarf-4 -g -O2
aarch64-w64-mingw32-clang -c -o dlls/kernel32/aarch64-windows/resource.o /Users/runner/work/WineIOS-Core/WineIOS-Core/third_party/wine/dlls/kernel32/resource.c \
  -Idlls/kernel32 -I/Users/runner/work/WineIOS-Core/WineIOS-Core/third_party/wine/dlls/kernel32 \
  -Iinclude -I/Users/runner/work/WineIOS-Core/WineIOS-Core/third_party/wine/include \
  -I/Users/runner/work/WineIOS-Core/WineIOS-Core/third_party/wine/include/msvcrt -D_MSVCR_VER=0 \
  -D__WINESRC__ -D_KERNEL32_ -D_NORMALIZE_ -D__WINE_PE_BUILD -Wall -fuse-ld=lld --no-default-config \
  -fno-strict-aliasing -Wdeclaration-after-statement -Wempty-body -Wignored-qualifiers -Winit-self \
  -Wno-microsoft-enum-forward-reference -Wstrict-prototypes -Wtype-limits -Wunused-but-set-parameter \
  -Wvla -Wwrite-strings -Wpointer-arith -Wabsolute-value -ffunction-sections \
  -ffp-exception-behavior=maytrap -gdwarf-4 -g -O2
aarch64-w64-mingw32-clang -c -o dlls/kernel32/aarch64-windows/sync.o /Users/runner/work/WineIOS-Core/WineIOS-Core/third_party/wine/dlls/kernel32/sync.c \
  -Idlls/kernel32 -I/Users/runner/work/WineIOS-Core/WineIOS-Core/third_party/wine/dlls/kernel32 \
  -Iinclude -I/Users/runner/work/WineIOS-Core/WineIOS-Core/third_party/wine/include \
  -I/Users/runner/work/WineIOS-Core/WineIOS-Core/third_party/wine/include/msvcrt -D_MSVCR_VER=0 \
  -D__WINESRC__ -D_KERNEL32_ -D_NORMALIZE_ -D__WINE_PE_BUILD -Wall -fuse-ld=lld --no-default-config \
  -fno-strict-aliasing -Wdeclaration-after-statement -Wempty-body -Wignored-qualifiers -Winit-self \
  -Wno-microsoft-enum-forward-reference -Wstrict-prototypes -Wtype-limits -Wunused-but-set-parameter \
  -Wvla -Wwrite-strings -Wpointer-arith -Wabsolute-value -ffunction-sections \
  -ffp-exception-behavior=maytrap -gdwarf-4 -g -O2
aarch64-w64-mingw32-clang -c -o dlls/kernel32/aarch64-windows/tape.o /Users/runner/work/WineIOS-Core/WineIOS-Core/third_party/wine/dlls/kernel32/tape.c \
  -Idlls/kernel32 -I/Users/runner/work/WineIOS-Core/WineIOS-Core/third_party/wine/dlls/kernel32 \
  -Iinclude -I/Users/runner/work/WineIOS-Core/WineIOS-Core/third_party/wine/include \
  -I/Users/runner/work/WineIOS-Core/WineIOS-Core/third_party/wine/include/msvcrt -D_MSVCR_VER=0 \
  -D__WINESRC__ -D_KERNEL32_ -D_NORMALIZE_ -D__WINE_PE_BUILD -Wall -fuse-ld=lld --no-default-config \
  -fno-strict-aliasing -Wdeclaration-after-statement -Wempty-body -Wignored-qualifiers -Winit-self \
  -Wno-microsoft-enum-forward-reference -Wstrict-prototypes -Wtype-limits -Wunused-but-set-parameter \
  -Wvla -Wwrite-strings -Wpointer-arith -Wabsolute-value -ffunction-sections \
  -ffp-exception-behavior=maytrap -gdwarf-4 -g -O2
aarch64-w64-mingw32-clang -c -o dlls/kernel32/aarch64-windows/thread.o /Users/runner/work/WineIOS-Core/WineIOS-Core/third_party/wine/dlls/kernel32/thread.c \
  -Idlls/kernel32 -I/Users/runner/work/WineIOS-Core/WineIOS-Core/third_party/wine/dlls/kernel32 \
  -Iinclude -I/Users/runner/work/WineIOS-Core/WineIOS-Core/third_party/wine/include \
  -I/Users/runner/work/WineIOS-Core/WineIOS-Core/third_party/wine/include/msvcrt -D_MSVCR_VER=0 \
  -D__WINESRC__ -D_KERNEL32_ -D_NORMALIZE_ -D__WINE_PE_BUILD -Wall -fuse-ld=lld --no-default-config \
  -fno-strict-aliasing -Wdeclaration-after-statement -Wempty-body -Wignored-qualifiers -Winit-self \
  -Wno-microsoft-enum-forward-reference -Wstrict-prototypes -Wtype-limits -Wunused-but-set-parameter \
  -Wvla -Wwrite-strings -Wpointer-arith -Wabsolute-value -ffunction-sections \
  -ffp-exception-behavior=maytrap -gdwarf-4 -g -O2
aarch64-w64-mingw32-clang -c -o dlls/kernel32/aarch64-windows/toolhelp.o /Users/runner/work/WineIOS-Core/WineIOS-Core/third_party/wine/dlls/kernel32/toolhelp.c \
  -Idlls/kernel32 -I/Users/runner/work/WineIOS-Core/WineIOS-Core/third_party/wine/dlls/kernel32 \
  -Iinclude -I/Users/runner/work/WineIOS-Core/WineIOS-Core/third_party/wine/include \
  -I/Users/runner/work/WineIOS-Core/WineIOS-Core/third_party/wine/include/msvcrt -D_MSVCR_VER=0 \
  -D__WINESRC__ -D_KERNEL32_ -D_NORMALIZE_ -D__WINE_PE_BUILD -Wall -fuse-ld=lld --no-default-config \
  -fno-strict-aliasing -Wdeclaration-after-statement -Wempty-body -Wignored-qualifiers -Winit-self \
  -Wno-microsoft-enum-forward-reference -Wstrict-prototypes -Wtype-limits -Wunused-but-set-parameter \
  -Wvla -Wwrite-strings -Wpointer-arith -Wabsolute-value -ffunction-sections \
  -ffp-exception-behavior=maytrap -gdwarf-4 -g -O2
aarch64-w64-mingw32-clang -c -o dlls/kernel32/aarch64-windows/version.o /Users/runner/work/WineIOS-Core/WineIOS-Core/third_party/wine/dlls/kernel32/version.c \
  -Idlls/kernel32 -I/Users/runner/work/WineIOS-Core/WineIOS-Core/third_party/wine/dlls/kernel32 \
  -Iinclude -I/Users/runner/work/WineIOS-Core/WineIOS-Core/third_party/wine/include \
  -I/Users/runner/work/WineIOS-Core/WineIOS-Core/third_party/wine/include/msvcrt -D_MSVCR_VER=0 \
  -D__WINESRC__ -D_KERNEL32_ -D_NORMALIZE_ -D__WINE_PE_BUILD -Wall -fuse-ld=lld --no-default-config \
  -fno-strict-aliasing -Wdeclaration-after-statement -Wempty-body -Wignored-qualifiers -Winit-self \
  -Wno-microsoft-enum-forward-reference -Wstrict-prototypes -Wtype-limits -Wunused-but-set-parameter \
  -Wvla -Wwrite-strings -Wpointer-arith -Wabsolute-value -ffunction-sections \
  -ffp-exception-behavior=maytrap -gdwarf-4 -g -O2
aarch64-w64-mingw32-clang -c -o dlls/kernel32/aarch64-windows/virtual.o /Users/runner/work/WineIOS-Core/WineIOS-Core/third_party/wine/dlls/kernel32/virtual.c \
  -Idlls/kernel32 -I/Users/runner/work/WineIOS-Core/WineIOS-Core/third_party/wine/dlls/kernel32 \
  -Iinclude -I/Users/runner/work/WineIOS-Core/WineIOS-Core/third_party/wine/include \
  -I/Users/runner/work/WineIOS-Core/WineIOS-Core/third_party/wine/include/msvcrt -D_MSVCR_VER=0 \
  -D__WINESRC__ -D_KERNEL32_ -D_NORMALIZE_ -D__WINE_PE_BUILD -Wall -fuse-ld=lld --no-default-config \
  -fno-strict-aliasing -Wdeclaration-after-statement -Wempty-body -Wignored-qualifiers -Winit-self \
  -Wno-microsoft-enum-forward-reference -Wstrict-prototypes -Wtype-limits -Wunused-but-set-parameter \
  -Wvla -Wwrite-strings -Wpointer-arith -Wabsolute-value -ffunction-sections \
  -ffp-exception-behavior=maytrap -gdwarf-4 -g -O2
aarch64-w64-mingw32-clang -c -o dlls/kernel32/aarch64-windows/volume.o /Users/runner/work/WineIOS-Core/WineIOS-Core/third_party/wine/dlls/kernel32/volume.c \
  -Idlls/kernel32 -I/Users/runner/work/WineIOS-Core/WineIOS-Core/third_party/wine/dlls/kernel32 \
  -Iinclude -I/Users/runner/work/WineIOS-Core/WineIOS-Core/third_party/wine/include \
  -I/Users/runner/work/WineIOS-Core/WineIOS-Core/third_party/wine/include/msvcrt -D_MSVCR_VER=0 \
  -D__WINESRC__ -D_KERNEL32_ -D_NORMALIZE_ -D__WINE_PE_BUILD -Wall -fuse-ld=lld --no-default-config \
  -fno-strict-aliasing -Wdeclaration-after-statement -Wempty-body -Wignored-qualifiers -Winit-self \
  -Wno-microsoft-enum-forward-reference -Wstrict-prototypes -Wtype-limits -Wunused-but-set-parameter \
  -Wvla -Wwrite-strings -Wpointer-arith -Wabsolute-value -ffunction-sections \
  -ffp-exception-behavior=maytrap -gdwarf-4 -g -O2
/Users/runner/work/WineIOS-Core/WineIOS-Core/build/wine-tools-macos/tools/wrc/wrc -u -o dlls/kernel32/version.res \
  --nostdinc -Idlls/kernel32 \
  -I/Users/runner/work/WineIOS-Core/WineIOS-Core/third_party/wine/dlls/kernel32 -Iinclude \
  -I/Users/runner/work/WineIOS-Core/WineIOS-Core/third_party/wine/include \
  -I/Users/runner/work/WineIOS-Core/WineIOS-Core/third_party/wine/include/msvcrt -D_MSVCR_VER=0 \
  -D__WINESRC__ -D_KERNEL32_ -D_NORMALIZE_ \
  /Users/runner/work/WineIOS-Core/WineIOS-Core/third_party/wine/dlls/kernel32/version.rc
/Users/runner/work/WineIOS-Core/WineIOS-Core/build/wine-tools-macos/tools/winebuild/winebuild -w --implib -o dlls/kernelbase/aarch64-windows/libkernelbase.a \
  -b aarch64-w64-mingw32 --export \
  /Users/runner/work/WineIOS-Core/WineIOS-Core/third_party/wine/dlls/kernelbase/kernelbase.spec
/Users/runner/work/WineIOS-Core/WineIOS-Core/build/wine-tools-macos/tools/wrc/wrc -u -o dlls/ntdll/version.res \
  --nostdinc -Idlls/ntdll -I/Users/runner/work/WineIOS-Core/WineIOS-Core/third_party/wine/dlls/ntdll \
  -Iinclude -I/Users/runner/work/WineIOS-Core/WineIOS-Core/third_party/wine/include \
  -I/Users/runner/work/WineIOS-Core/WineIOS-Core/third_party/wine/include/msvcrt \
  -I/Users/runner/work/WineIOS-Core/WineIOS-Core/third_party/wine/libs/tomcrypt/src/headers \
  -D_MSVCR_VER=0 -D__WINESRC__ -DLTC_NO_PROTOTYPES -DLTC_SOURCE -D_NTSYSTEM_ -D_ACRTIMP= \
  -DWINBASEAPI= /Users/runner/work/WineIOS-Core/WineIOS-Core/third_party/wine/dlls/ntdll/version.rc
/Users/runner/work/WineIOS-Core/WineIOS-Core/build/wine-tools-macos/tools/winebuild/winebuild -w --staticlib -o libs/tomcrypt/aarch64-windows/libtomcrypt.a \
  -b aarch64-w64-mingw32 libs/tomcrypt/aarch64-windows/mpi.o \
  libs/tomcrypt/aarch64-windows/src/ciphers/aes/aes.o \
  libs/tomcrypt/aarch64-windows/src/ciphers/aes/aes_tab.o \
  libs/tomcrypt/aarch64-windows/src/ciphers/blowfish.o \
  libs/tomcrypt/aarch64-windows/src/ciphers/des.o libs/tomcrypt/aarch64-windows/src/ciphers/rc2.o \
  libs/tomcrypt/aarch64-windows/src/encauth/ccm/ccm_add_aad.o \
  libs/tomcrypt/aarch64-windows/src/encauth/ccm/ccm_add_nonce.o \
  libs/tomcrypt/aarch64-windows/src/encauth/ccm/ccm_done.o \
  libs/tomcrypt/aarch64-windows/src/encauth/ccm/ccm_init.o \
  libs/tomcrypt/aarch64-windows/src/encauth/ccm/ccm_memory.o \
  libs/tomcrypt/aarch64-windows/src/encauth/ccm/ccm_process.o \
  libs/tomcrypt/aarch64-windows/src/encauth/ccm/ccm_reset.o \
  libs/tomcrypt/aarch64-windows/src/encauth/eax/eax_addheader.o \
  libs/tomcrypt/aarch64-windows/src/encauth/eax/eax_decrypt.o \
  libs/tomcrypt/aarch64-windows/src/encauth/eax/eax_decrypt_verify_memory.o \
  libs/tomcrypt/aarch64-windows/src/encauth/eax/eax_done.o \
  libs/tomcrypt/aarch64-windows/src/encauth/eax/eax_encrypt.o \
  libs/tomcrypt/aarch64-windows/src/encauth/eax/eax_encrypt_authenticate_memory.o \
  libs/tomcrypt/aarch64-windows/src/encauth/eax/eax_init.o \
  libs/tomcrypt/aarch64-windows/src/encauth/gcm/gcm_add_aad.o \
  libs/tomcrypt/aarch64-windows/src/encauth/gcm/gcm_add_iv.o \
  libs/tomcrypt/aarch64-windows/src/encauth/gcm/gcm_done.o \
  libs/tomcrypt/aarch64-windows/src/encauth/gcm/gcm_gf_mult.o \
  libs/tomcrypt/aarch64-windows/src/encauth/gcm/gcm_init.o \
  libs/tomcrypt/aarch64-windows/src/encauth/gcm/gcm_memory.o \
  libs/tomcrypt/aarch64-windows/src/encauth/gcm/gcm_mult_h.o \
  libs/tomcrypt/aarch64-windows/src/encauth/gcm/gcm_process.o \
  libs/tomcrypt/aarch64-windows/src/encauth/gcm/gcm_reset.o \
  libs/tomcrypt/aarch64-windows/src/encauth/ocb/ocb_decrypt.o \
  libs/tomcrypt/aarch64-windows/src/encauth/ocb/ocb_decrypt_verify_memory.o \
  libs/tomcrypt/aarch64-windows/src/encauth/ocb/ocb_done_decrypt.o \
  libs/tomcrypt/aarch64-windows/src/encauth/ocb/ocb_done_encrypt.o \
  libs/tomcrypt/aarch64-windows/src/encauth/ocb/ocb_encrypt.o \
  libs/tomcrypt/aarch64-windows/src/encauth/ocb/ocb_encrypt_authenticate_memory.o \
  libs/tomcrypt/aarch64-windows/src/encauth/ocb/ocb_init.o \
  libs/tomcrypt/aarch64-windows/src/encauth/ocb/ocb_ntz.o \
  libs/tomcrypt/aarch64-windows/src/encauth/ocb/ocb_shift_xor.o \
  libs/tomcrypt/aarch64-windows/src/encauth/ocb/s_ocb_done.o \
  libs/tomcrypt/aarch64-windows/src/encauth/ocb3/ocb3_add_aad.o \
  libs/tomcrypt/aarch64-windows/src/encauth/ocb3/ocb3_decrypt.o \
  libs/tomcrypt/aarch64-windows/src/encauth/ocb3/ocb3_decrypt_last.o \
  libs/tomcrypt/aarch64-windows/src/encauth/ocb3/ocb3_decrypt_verify_memory.o \
  libs/tomcrypt/aarch64-windows/src/encauth/ocb3/ocb3_done.o \
  libs/tomcrypt/aarch64-windows/src/encauth/ocb3/ocb3_encrypt.o \
  libs/tomcrypt/aarch64-windows/src/encauth/ocb3/ocb3_encrypt_authenticate_memory.o \
  libs/tomcrypt/aarch64-windows/src/encauth/ocb3/ocb3_encrypt_last.o \
  libs/tomcrypt/aarch64-windows/src/encauth/ocb3/ocb3_init.o \
  libs/tomcrypt/aarch64-windows/src/encauth/ocb3/ocb3_int_ntz.o \
  libs/tomcrypt/aarch64-windows/src/encauth/ocb3/ocb3_int_xor_blocks.o \
  libs/tomcrypt/aarch64-windows/src/hashes/md2.o libs/tomcrypt/aarch64-windows/src/hashes/md4.o \
  libs/tomcrypt/aarch64-windows/src/hashes/md5.o libs/tomcrypt/aarch64-windows/src/hashes/rmd128.o \
  libs/tomcrypt/aarch64-windows/src/hashes/rmd160.o \
  libs/tomcrypt/aarch64-windows/src/hashes/rmd256.o \
  libs/tomcrypt/aarch64-windows/src/hashes/rmd320.o libs/tomcrypt/aarch64-windows/src/hashes/sha1.o \
  libs/tomcrypt/aarch64-windows/src/hashes/sha2/sha224.o \
  libs/tomcrypt/aarch64-windows/src/hashes/sha2/sha256.o \
  libs/tomcrypt/aarch64-windows/src/hashes/sha2/sha384.o \
  libs/tomcrypt/aarch64-windows/src/hashes/sha2/sha512.o \
  libs/tomcrypt/aarch64-windows/src/hashes/sha2/sha512_224.o \
  libs/tomcrypt/aarch64-windows/src/hashes/sha2/sha512_256.o \
  libs/tomcrypt/aarch64-windows/src/hashes/sha3.o \
  libs/tomcrypt/aarch64-windows/src/mac/hmac/hmac_done.o \
  libs/tomcrypt/aarch64-windows/src/mac/hmac/hmac_init.o \
  libs/tomcrypt/aarch64-windows/src/mac/hmac/hmac_memory.o \
  libs/tomcrypt/aarch64-windows/src/mac/hmac/hmac_memory_multi.o \
  libs/tomcrypt/aarch64-windows/src/mac/hmac/hmac_process.o \
  libs/tomcrypt/aarch64-windows/src/mac/omac/omac_done.o \
  libs/tomcrypt/aarch64-windows/src/mac/omac/omac_init.o \
  libs/tomcrypt/aarch64-windows/src/mac/omac/omac_memory.o \
  libs/tomcrypt/aarch64-windows/src/mac/omac/omac_memory_multi.o \
  libs/tomcrypt/aarch64-windows/src/mac/omac/omac_process.o \
  libs/tomcrypt/aarch64-windows/src/mac/pmac/pmac_done.o \
  libs/tomcrypt/aarch64-windows/src/mac/pmac/pmac_init.o \
  libs/tomcrypt/aarch64-windows/src/mac/pmac/pmac_memory.o \
  libs/tomcrypt/aarch64-windows/src/mac/pmac/pmac_memory_multi.o \
  libs/tomcrypt/aarch64-windows/src/mac/pmac/pmac_ntz.o \
  libs/tomcrypt/aarch64-windows/src/mac/pmac/pmac_process.o \
  libs/tomcrypt/aarch64-windows/src/mac/pmac/pmac_shift_xor.o \
  libs/tomcrypt/aarch64-windows/src/mac/xcbc/xcbc_done.o \
  libs/tomcrypt/aarch64-windows/src/mac/xcbc/xcbc_init.o \
  libs/tomcrypt/aarch64-windows/src/mac/xcbc/xcbc_memory.o \
  libs/tomcrypt/aarch64-windows/src/mac/xcbc/xcbc_memory_multi.o \
  libs/tomcrypt/aarch64-windows/src/mac/xcbc/xcbc_process.o \
  libs/tomcrypt/aarch64-windows/src/math/fp/ltc_ecc_fp_mulmod.o \
  libs/tomcrypt/aarch64-windows/src/math/ltm_desc.o libs/tomcrypt/aarch64-windows/src/math/multi.o \
  libs/tomcrypt/aarch64-windows/src/math/radix_to_bin.o \
  libs/tomcrypt/aarch64-windows/src/math/rand_bn.o \
  libs/tomcrypt/aarch64-windows/src/math/rand_prime.o \
  libs/tomcrypt/aarch64-windows/src/math/tfm_desc.o libs/tomcrypt/aarch64-windows/src/misc/adler32.o \
  libs/tomcrypt/aarch64-windows/src/misc/base64/base64_decode.o \
  libs/tomcrypt/aarch64-windows/src/misc/base64/base64_encode.o \
  libs/tomcrypt/aarch64-windows/src/misc/burn_stack.o libs/tomcrypt/aarch64-windows/src/misc/crc32.o \
  libs/tomcrypt/aarch64-windows/src/misc/crypt/crypt_cipher_descriptor.o \
  libs/tomcrypt/aarch64-windows/src/misc/crypt/crypt_cipher_is_valid.o \
  libs/tomcrypt/aarch64-windows/src/misc/crypt/crypt_find_cipher.o \
  libs/tomcrypt/aarch64-windows/src/misc/crypt/crypt_find_cipher_any.o \
  libs/tomcrypt/aarch64-windows/src/misc/crypt/crypt_find_cipher_id.o \
  libs/tomcrypt/aarch64-windows/src/misc/crypt/crypt_find_hash.o \
  libs/tomcrypt/aarch64-windows/src/misc/crypt/crypt_find_hash_any.o \
  libs/tomcrypt/aarch64-windows/src/misc/crypt/crypt_find_hash_id.o \
  libs/tomcrypt/aarch64-windows/src/misc/crypt/crypt_find_hash_oid.o \
  libs/tomcrypt/aarch64-windows/src/misc/crypt/crypt_find_prng.o \
  libs/tomcrypt/aarch64-windows/src/misc/crypt/crypt_hash_descriptor.o \
  libs/tomcrypt/aarch64-windows/src/misc/crypt/crypt_hash_is_valid.o \
  libs/tomcrypt/aarch64-windows/src/misc/crypt/crypt_inits.o \
  libs/tomcrypt/aarch64-windows/src/misc/crypt/crypt_ltc_mp_descriptor.o \
  libs/tomcrypt/aarch64-windows/src/misc/crypt/crypt_prng_descriptor.o \
  libs/tomcrypt/aarch64-windows/src/misc/crypt/crypt_prng_is_valid.o \
  libs/tomcrypt/aarch64-windows/src/misc/crypt/crypt_prng_rng_descriptor.o \
  libs/tomcrypt/aarch64-windows/src/misc/crypt/crypt_register_cipher.o \
  libs/tomcrypt/aarch64-windows/src/misc/crypt/crypt_register_hash.o \
  libs/tomcrypt/aarch64-windows/src/misc/crypt/crypt_register_prng.o \
  libs/tomcrypt/aarch64-windows/src/misc/crypt/crypt_unregister_cipher.o \
  libs/tomcrypt/aarch64-windows/src/misc/crypt/crypt_unregister_hash.o \
  libs/tomcrypt/aarch64-windows/src/misc/crypt/crypt_unregister_prng.o \
  libs/tomcrypt/aarch64-windows/src/misc/mem_neq.o \
  libs/tomcrypt/aarch64-windows/src/misc/pk_get_oid.o \
  libs/tomcrypt/aarch64-windows/src/misc/pkcs5/pkcs_5_1.o \
  libs/tomcrypt/aarch64-windows/src/misc/pkcs5/pkcs_5_2.o \
  libs/tomcrypt/aarch64-windows/src/misc/zeromem.o \
  libs/tomcrypt/aarch64-windows/src/modes/cbc/cbc_decrypt.o \
  libs/tomcrypt/aarch64-windows/src/modes/cbc/cbc_done.o \
  libs/tomcrypt/aarch64-windows/src/modes/cbc/cbc_encrypt.o \
  libs/tomcrypt/aarch64-windows/src/modes/cbc/cbc_getiv.o \
  libs/tomcrypt/aarch64-windows/src/modes/cbc/cbc_setiv.o \
  libs/tomcrypt/aarch64-windows/src/modes/cbc/cbc_start.o \
  libs/tomcrypt/aarch64-windows/src/modes/cfb/cfb_decrypt.o \
  libs/tomcrypt/aarch64-windows/src/modes/cfb/cfb_done.o \
  libs/tomcrypt/aarch64-windows/src/modes/cfb/cfb_encrypt.o \
  libs/tomcrypt/aarch64-windows/src/modes/cfb/cfb_getiv.o \
  libs/tomcrypt/aarch64-windows/src/modes/cfb/cfb_setiv.o \
  libs/tomcrypt/aarch64-windows/src/modes/cfb/cfb_start.o \
  libs/tomcrypt/aarch64-windows/src/modes/ctr/ctr_decrypt.o \
  libs/tomcrypt/aarch64-windows/src/modes/ctr/ctr_done.o \
  libs/tomcrypt/aarch64-windows/src/modes/ctr/ctr_encrypt.o \
  libs/tomcrypt/aarch64-windows/src/modes/ctr/ctr_getiv.o \
  libs/tomcrypt/aarch64-windows/src/modes/ctr/ctr_setiv.o \
  libs/tomcrypt/aarch64-windows/src/modes/ctr/ctr_start.o \
  libs/tomcrypt/aarch64-windows/src/modes/ecb/ecb_decrypt.o \
  libs/tomcrypt/aarch64-windows/src/modes/ecb/ecb_done.o \
  libs/tomcrypt/aarch64-windows/src/modes/ecb/ecb_encrypt.o \
  libs/tomcrypt/aarch64-windows/src/modes/ecb/ecb_start.o \
  libs/tomcrypt/aarch64-windows/src/modes/f8/f8_decrypt.o \
  libs/tomcrypt/aarch64-windows/src/modes/f8/f8_done.o \
  libs/tomcrypt/aarch64-windows/src/modes/f8/f8_encrypt.o \
  libs/tomcrypt/aarch64-windows/src/modes/f8/f8_getiv.o \
  libs/tomcrypt/aarch64-windows/src/modes/f8/f8_setiv.o \
  libs/tomcrypt/aarch64-windows/src/modes/f8/f8_start.o \
  libs/tomcrypt/aarch64-windows/src/modes/f8/f8_test_mode.o \
  libs/tomcrypt/aarch64-windows/src/modes/lrw/lrw_decrypt.o \
  libs/tomcrypt/aarch64-windows/src/modes/lrw/lrw_done.o \
  libs/tomcrypt/aarch64-windows/src/modes/lrw/lrw_encrypt.o \
  libs/tomcrypt/aarch64-windows/src/modes/lrw/lrw_getiv.o \
  libs/tomcrypt/aarch64-windows/src/modes/lrw/lrw_process.o \
  libs/tomcrypt/aarch64-windows/src/modes/lrw/lrw_setiv.o \
  libs/tomcrypt/aarch64-windows/src/modes/lrw/lrw_start.o \
  libs/tomcrypt/aarch64-windows/src/modes/ofb/ofb_decrypt.o \
  libs/tomcrypt/aarch64-windows/src/modes/ofb/ofb_done.o \
  libs/tomcrypt/aarch64-windows/src/modes/ofb/ofb_encrypt.o \
  libs/tomcrypt/aarch64-windows/src/modes/ofb/ofb_getiv.o \
  libs/tomcrypt/aarch64-windows/src/modes/ofb/ofb_setiv.o \
  libs/tomcrypt/aarch64-windows/src/modes/ofb/ofb_start.o \
  libs/tomcrypt/aarch64-windows/src/modes/xts/xts_decrypt.o \
  libs/tomcrypt/aarch64-windows/src/modes/xts/xts_done.o \
  libs/tomcrypt/aarch64-windows/src/modes/xts/xts_encrypt.o \
  libs/tomcrypt/aarch64-windows/src/modes/xts/xts_init.o \
  libs/tomcrypt/aarch64-windows/src/modes/xts/xts_mult_x.o \
  libs/tomcrypt/aarch64-windows/src/pk/asn1/der/bit/der_decode_bit_string.o \
  libs/tomcrypt/aarch64-windows/src/pk/asn1/der/bit/der_decode_raw_bit_string.o \
  libs/tomcrypt/aarch64-windows/src/pk/asn1/der/bit/der_encode_bit_string.o \
  libs/tomcrypt/aarch64-windows/src/pk/asn1/der/bit/der_encode_raw_bit_string.o \
  libs/tomcrypt/aarch64-windows/src/pk/asn1/der/bit/der_length_bit_string.o \
  libs/tomcrypt/aarch64-windows/src/pk/asn1/der/boolean/der_decode_boolean.o \
  libs/tomcrypt/aarch64-windows/src/pk/asn1/der/boolean/der_encode_boolean.o \
  libs/tomcrypt/aarch64-windows/src/pk/asn1/der/boolean/der_length_boolean.o \
  libs/tomcrypt/aarch64-windows/src/pk/asn1/der/choice/der_decode_choice.o \
  libs/tomcrypt/aarch64-windows/src/pk/asn1/der/generalizedtime/der_decode_generalizedtime.o \
  libs/tomcrypt/aarch64-windows/src/pk/asn1/der/generalizedtime/der_encode_generalizedtime.o \
  libs/tomcrypt/aarch64-windows/src/pk/asn1/der/generalizedtime/der_length_generalizedtime.o \
  libs/tomcrypt/aarch64-windows/src/pk/asn1/der/ia5/der_decode_ia5_string.o \
  libs/tomcrypt/aarch64-windows/src/pk/asn1/der/ia5/der_encode_ia5_string.o \
  libs/tomcrypt/aarch64-windows/src/pk/asn1/der/ia5/der_length_ia5_string.o \
  libs/tomcrypt/aarch64-windows/src/pk/asn1/der/integer/der_decode_integer.o \
  libs/tomcrypt/aarch64-windows/src/pk/asn1/der/integer/der_encode_integer.o \
  libs/tomcrypt/aarch64-windows/src/pk/asn1/der/integer/der_length_integer.o \
  libs/tomcrypt/aarch64-windows/src/pk/asn1/der/object_identifier/der_decode_object_identifier.o \
  libs/tomcrypt/aarch64-windows/src/pk/asn1/der/object_identifier/der_encode_object_identifier.o \
  libs/tomcrypt/aarch64-windows/src/pk/asn1/der/object_identifier/der_length_object_identifier.o \
  libs/tomcrypt/aarch64-windows/src/pk/asn1/der/octet/der_decode_octet_string.o \
  libs/tomcrypt/aarch64-windows/src/pk/asn1/der/octet/der_encode_octet_string.o \
  libs/tomcrypt/aarch64-windows/src/pk/asn1/der/octet/der_length_octet_string.o \
  libs/tomcrypt/aarch64-windows/src/pk/asn1/der/printable_string/der_decode_printable_string.o \
  libs/tomcrypt/aarch64-windows/src/pk/asn1/der/printable_string/der_encode_printable_string.o \
  libs/tomcrypt/aarch64-windows/src/pk/asn1/der/printable_string/der_length_printable_string.o \
  libs/tomcrypt/aarch64-windows/src/pk/asn1/der/sequence/der_decode_sequence_ex.o \
  libs/tomcrypt/aarch64-windows/src/pk/asn1/der/sequence/der_decode_sequence_flexi.o \
  libs/tomcrypt/aarch64-windows/src/pk/asn1/der/sequence/der_decode_sequence_multi.o \
  libs/tomcrypt/aarch64-windows/src/pk/asn1/der/sequence/der_decode_subject_public_key_info.o \
  libs/tomcrypt/aarch64-windows/src/pk/asn1/der/sequence/der_encode_sequence_ex.o \
  libs/tomcrypt/aarch64-windows/src/pk/asn1/der/sequence/der_encode_sequence_multi.o \
  libs/tomcrypt/aarch64-windows/src/pk/asn1/der/sequence/der_encode_subject_public_key_info.o \
  libs/tomcrypt/aarch64-windows/src/pk/asn1/der/sequence/der_length_sequence.o \
  libs/tomcrypt/aarch64-windows/src/pk/asn1/der/sequence/der_sequence_free.o \
  libs/tomcrypt/aarch64-windows/src/pk/asn1/der/sequence/der_sequence_shrink.o \
  libs/tomcrypt/aarch64-windows/src/pk/asn1/der/set/der_encode_set.o \
  libs/tomcrypt/aarch64-windows/src/pk/asn1/der/set/der_encode_setof.o \
  libs/tomcrypt/aarch64-windows/src/pk/asn1/der/short_integer/der_decode_short_integer.o \
  libs/tomcrypt/aarch64-windows/src/pk/asn1/der/short_integer/der_encode_short_integer.o \
  libs/tomcrypt/aarch64-windows/src/pk/asn1/der/short_integer/der_length_short_integer.o \
  libs/tomcrypt/aarch64-windows/src/pk/asn1/der/teletex_string/der_decode_teletex_string.o \
  libs/tomcrypt/aarch64-windows/src/pk/asn1/der/teletex_string/der_length_teletex_string.o \
  libs/tomcrypt/aarch64-windows/src/pk/asn1/der/utctime/der_decode_utctime.o \
  libs/tomcrypt/aarch64-windows/src/pk/asn1/der/utctime/der_encode_utctime.o \
  libs/tomcrypt/aarch64-windows/src/pk/asn1/der/utctime/der_length_utctime.o \
  libs/tomcrypt/aarch64-windows/src/pk/asn1/der/utf8/der_decode_utf8_string.o \
  libs/tomcrypt/aarch64-windows/src/pk/asn1/der/utf8/der_encode_utf8_string.o \
  libs/tomcrypt/aarch64-windows/src/pk/asn1/der/utf8/der_length_utf8_string.o \
  libs/tomcrypt/aarch64-windows/src/pk/dh/dh.o \
  libs/tomcrypt/aarch64-windows/src/pk/dh/dh_check_pubkey.o \
  libs/tomcrypt/aarch64-windows/src/pk/dh/dh_export.o \
  libs/tomcrypt/aarch64-windows/src/pk/dh/dh_export_key.o \
  libs/tomcrypt/aarch64-windows/src/pk/dh/dh_free.o \
  libs/tomcrypt/aarch64-windows/src/pk/dh/dh_generate_key.o \
  libs/tomcrypt/aarch64-windows/src/pk/dh/dh_import.o \
  libs/tomcrypt/aarch64-windows/src/pk/dh/dh_set.o \
  libs/tomcrypt/aarch64-windows/src/pk/dh/dh_set_pg_dhparam.o \
  libs/tomcrypt/aarch64-windows/src/pk/dh/dh_shared_secret.o \
  libs/tomcrypt/aarch64-windows/src/pk/dsa/dsa_decrypt_key.o \
  libs/tomcrypt/aarch64-windows/src/pk/dsa/dsa_encrypt_key.o \
  libs/tomcrypt/aarch64-windows/src/pk/dsa/dsa_export.o \
  libs/tomcrypt/aarch64-windows/src/pk/dsa/dsa_free.o \
  libs/tomcrypt/aarch64-windows/src/pk/dsa/dsa_generate_key.o \
  libs/tomcrypt/aarch64-windows/src/pk/dsa/dsa_generate_pqg.o \
  libs/tomcrypt/aarch64-windows/src/pk/dsa/dsa_import.o \
  libs/tomcrypt/aarch64-windows/src/pk/dsa/dsa_make_key.o \
  libs/tomcrypt/aarch64-windows/src/pk/dsa/dsa_set.o \
  libs/tomcrypt/aarch64-windows/src/pk/dsa/dsa_set_pqg_dsaparam.o \
  libs/tomcrypt/aarch64-windows/src/pk/dsa/dsa_shared_secret.o \
  libs/tomcrypt/aarch64-windows/src/pk/dsa/dsa_sign_hash.o \
  libs/tomcrypt/aarch64-windows/src/pk/dsa/dsa_verify_hash.o \
  libs/tomcrypt/aarch64-windows/src/pk/dsa/dsa_verify_key.o \
  libs/tomcrypt/aarch64-windows/src/pk/ecc/ecc.o \
  libs/tomcrypt/aarch64-windows/src/pk/ecc/ecc_ansi_x963_export.o \
  libs/tomcrypt/aarch64-windows/src/pk/ecc/ecc_ansi_x963_import.o \
  libs/tomcrypt/aarch64-windows/src/pk/ecc/ecc_decrypt_key.o \
  libs/tomcrypt/aarch64-windows/src/pk/ecc/ecc_encrypt_key.o \
  libs/tomcrypt/aarch64-windows/src/pk/ecc/ecc_export.o \
  libs/tomcrypt/aarch64-windows/src/pk/ecc/ecc_free.o \
  libs/tomcrypt/aarch64-windows/src/pk/ecc/ecc_get_size.o \
  libs/tomcrypt/aarch64-windows/src/pk/ecc/ecc_import.o \
  libs/tomcrypt/aarch64-windows/src/pk/ecc/ecc_make_key.o \
  libs/tomcrypt/aarch64-windows/src/pk/ecc/ecc_shared_secret.o \
  libs/tomcrypt/aarch64-windows/src/pk/ecc/ecc_sign_hash.o \
  libs/tomcrypt/aarch64-windows/src/pk/ecc/ecc_sizes.o \
  libs/tomcrypt/aarch64-windows/src/pk/ecc/ecc_verify_hash.o \
  libs/tomcrypt/aarch64-windows/src/pk/ecc/ltc_ecc_is_valid_idx.o \
  libs/tomcrypt/aarch64-windows/src/pk/ecc/ltc_ecc_map.o \
  libs/tomcrypt/aarch64-windows/src/pk/ecc/ltc_ecc_mul2add.o \
  libs/tomcrypt/aarch64-windows/src/pk/ecc/ltc_ecc_mulmod.o \
  libs/tomcrypt/aarch64-windows/src/pk/ecc/ltc_ecc_mulmod_timing.o \
  libs/tomcrypt/aarch64-windows/src/pk/ecc/ltc_ecc_points.o \
  libs/tomcrypt/aarch64-windows/src/pk/ecc/ltc_ecc_projective_add_point.o \
  libs/tomcrypt/aarch64-windows/src/pk/ecc/ltc_ecc_projective_dbl_point.o \
  libs/tomcrypt/aarch64-windows/src/pk/pkcs1/pkcs_1_i2osp.o \
  libs/tomcrypt/aarch64-windows/src/pk/pkcs1/pkcs_1_mgf1.o \
  libs/tomcrypt/aarch64-windows/src/pk/pkcs1/pkcs_1_oaep_decode.o \
  libs/tomcrypt/aarch64-windows/src/pk/pkcs1/pkcs_1_oaep_encode.o \
  libs/tomcrypt/aarch64-windows/src/pk/pkcs1/pkcs_1_os2ip.o \
  libs/tomcrypt/aarch64-windows/src/pk/pkcs1/pkcs_1_pss_decode.o \
  libs/tomcrypt/aarch64-windows/src/pk/pkcs1/pkcs_1_pss_encode.o \
  libs/tomcrypt/aarch64-windows/src/pk/pkcs1/pkcs_1_v1_5_decode.o \
  libs/tomcrypt/aarch64-windows/src/pk/pkcs1/pkcs_1_v1_5_encode.o \
  libs/tomcrypt/aarch64-windows/src/pk/rsa/rsa_decrypt_key.o \
  libs/tomcrypt/aarch64-windows/src/pk/rsa/rsa_encrypt_key.o \
  libs/tomcrypt/aarch64-windows/src/pk/rsa/rsa_export.o \
  libs/tomcrypt/aarch64-windows/src/pk/rsa/rsa_exptmod.o \
  libs/tomcrypt/aarch64-windows/src/pk/rsa/rsa_free.o \
  libs/tomcrypt/aarch64-windows/src/pk/rsa/rsa_get_size.o \
  libs/tomcrypt/aarch64-windows/src/pk/rsa/rsa_import.o \
  libs/tomcrypt/aarch64-windows/src/pk/rsa/rsa_import_pkcs8.o \
  libs/tomcrypt/aarch64-windows/src/pk/rsa/rsa_import_x509.o \
  libs/tomcrypt/aarch64-windows/src/pk/rsa/rsa_make_key.o \
  libs/tomcrypt/aarch64-windows/src/pk/rsa/rsa_set.o \
  libs/tomcrypt/aarch64-windows/src/pk/rsa/rsa_sign_hash.o \
  libs/tomcrypt/aarch64-windows/src/pk/rsa/rsa_sign_saltlen_get.o \
  libs/tomcrypt/aarch64-windows/src/pk/rsa/rsa_verify_hash.o \
  libs/tomcrypt/aarch64-windows/src/prngs/rc4.o \
  libs/tomcrypt/aarch64-windows/src/prngs/rng_get_bytes.o \
  libs/tomcrypt/aarch64-windows/src/prngs/rng_make_prng.o \
  libs/tomcrypt/aarch64-windows/src/prngs/sprng.o \
  libs/tomcrypt/aarch64-windows/src/stream/rc4/rc4_stream.o
/Users/runner/work/WineIOS-Core/WineIOS-Core/build/wine-tools-macos/tools/winebuild/winebuild -w --staticlib -o libs/musl/aarch64-windows/libmusl.a \
  -b aarch64-w64-mingw32 libs/musl/aarch64-windows/src/complex/__cexp.o \
  libs/musl/aarch64-windows/src/complex/carg.o libs/musl/aarch64-windows/src/complex/cargf.o \
  libs/musl/aarch64-windows/src/complex/cexp.o libs/musl/aarch64-windows/src/math/__cos.o \
  libs/musl/aarch64-windows/src/math/__cosdf.o libs/musl/aarch64-windows/src/math/__expo2.o \
  libs/musl/aarch64-windows/src/math/__expo2f.o libs/musl/aarch64-windows/src/math/__fpclassify.o \
  libs/musl/aarch64-windows/src/math/__fpclassifyf.o \
  libs/musl/aarch64-windows/src/math/__math_divzero.o \
  libs/musl/aarch64-windows/src/math/__math_divzerof.o \
  libs/musl/aarch64-windows/src/math/__math_invalid.o \
  libs/musl/aarch64-windows/src/math/__math_invalidf.o \
  libs/musl/aarch64-windows/src/math/__rem_pio2.o \
  libs/musl/aarch64-windows/src/math/__rem_pio2_large.o \
  libs/musl/aarch64-windows/src/math/__rem_pio2f.o libs/musl/aarch64-windows/src/math/__sin.o \
  libs/musl/aarch64-windows/src/math/__sindf.o libs/musl/aarch64-windows/src/math/__tan.o \
  libs/musl/aarch64-windows/src/math/__tandf.o libs/musl/aarch64-windows/src/math/acos.o \
  libs/musl/aarch64-windows/src/math/acosf.o libs/musl/aarch64-windows/src/math/acosh.o \
  libs/musl/aarch64-windows/src/math/acoshf.o libs/musl/aarch64-windows/src/math/asin.o \
  libs/musl/aarch64-windows/src/math/asinf.o libs/musl/aarch64-windows/src/math/asinh.o \
  libs/musl/aarch64-windows/src/math/asinhf.o libs/musl/aarch64-windows/src/math/atan.o \
  libs/musl/aarch64-windows/src/math/atan2.o libs/musl/aarch64-windows/src/math/atan2f.o \
  libs/musl/aarch64-windows/src/math/atanf.o libs/musl/aarch64-windows/src/math/atanh.o \
  libs/musl/aarch64-windows/src/math/atanhf.o libs/musl/aarch64-windows/src/math/cbrt.o \
  libs/musl/aarch64-windows/src/math/cbrtf.o libs/musl/aarch64-windows/src/math/ceil.o \
  libs/musl/aarch64-windows/src/math/ceilf.o libs/musl/aarch64-windows/src/math/copysign.o \
  libs/musl/aarch64-windows/src/math/copysignf.o libs/musl/aarch64-windows/src/math/cos.o \
  libs/musl/aarch64-windows/src/math/cosf.o libs/musl/aarch64-windows/src/math/cosh.o \
  libs/musl/aarch64-windows/src/math/coshf.o libs/musl/aarch64-windows/src/math/erf.o \
  libs/musl/aarch64-windows/src/math/erff.o libs/musl/aarch64-windows/src/math/exp.o \
  libs/musl/aarch64-windows/src/math/exp2.o libs/musl/aarch64-windows/src/math/exp2f.o \
  libs/musl/aarch64-windows/src/math/exp2f_data.o libs/musl/aarch64-windows/src/math/exp_data.o \
  libs/musl/aarch64-windows/src/math/expf.o libs/musl/aarch64-windows/src/math/expm1.o \
  libs/musl/aarch64-windows/src/math/expm1f.o libs/musl/aarch64-windows/src/math/fabs.o \
  libs/musl/aarch64-windows/src/math/fabsf.o libs/musl/aarch64-windows/src/math/fdim.o \
  libs/musl/aarch64-windows/src/math/fdimf.o libs/musl/aarch64-windows/src/math/floor.o \
  libs/musl/aarch64-windows/src/math/floorf.o libs/musl/aarch64-windows/src/math/fma.o \
  libs/musl/aarch64-windows/src/math/fmaf.o libs/musl/aarch64-windows/src/math/fmax.o \
  libs/musl/aarch64-windows/src/math/fmaxf.o libs/musl/aarch64-windows/src/math/fmin.o \
  libs/musl/aarch64-windows/src/math/fminf.o libs/musl/aarch64-windows/src/math/fmod.o \
  libs/musl/aarch64-windows/src/math/fmodf.o libs/musl/aarch64-windows/src/math/frexp.o \
  libs/musl/aarch64-windows/src/math/frexpf.o libs/musl/aarch64-windows/src/math/hypot.o \
  libs/musl/aarch64-windows/src/math/hypotf.o libs/musl/aarch64-windows/src/math/ilogb.o \
  libs/musl/aarch64-windows/src/math/ilogbf.o libs/musl/aarch64-windows/src/math/j0.o \
  libs/musl/aarch64-windows/src/math/j1.o libs/musl/aarch64-windows/src/math/jn.o \
  libs/musl/aarch64-windows/src/math/ldexp.o libs/musl/aarch64-windows/src/math/lgamma.o \
  libs/musl/aarch64-windows/src/math/lgamma_r.o libs/musl/aarch64-windows/src/math/lgammaf.o \
  libs/musl/aarch64-windows/src/math/lgammaf_r.o libs/musl/aarch64-windows/src/math/log.o \
  libs/musl/aarch64-windows/src/math/log10.o libs/musl/aarch64-windows/src/math/log10f.o \
  libs/musl/aarch64-windows/src/math/log1p.o libs/musl/aarch64-windows/src/math/log1pf.o \
  libs/musl/aarch64-windows/src/math/log2.o libs/musl/aarch64-windows/src/math/log2_data.o \
  libs/musl/aarch64-windows/src/math/log2f.o libs/musl/aarch64-windows/src/math/log2f_data.o \
  libs/musl/aarch64-windows/src/math/log_data.o libs/musl/aarch64-windows/src/math/logb.o \
  libs/musl/aarch64-windows/src/math/logbf.o libs/musl/aarch64-windows/src/math/logf.o \
  libs/musl/aarch64-windows/src/math/logf_data.o libs/musl/aarch64-windows/src/math/modf.o \
  libs/musl/aarch64-windows/src/math/modff.o libs/musl/aarch64-windows/src/math/nan.o \
  libs/musl/aarch64-windows/src/math/nanf.o libs/musl/aarch64-windows/src/math/nextafter.o \
  libs/musl/aarch64-windows/src/math/nextafterf.o libs/musl/aarch64-windows/src/math/nexttoward.o \
  libs/musl/aarch64-windows/src/math/nexttowardf.o libs/musl/aarch64-windows/src/math/pow.o \
  libs/musl/aarch64-windows/src/math/pow_data.o libs/musl/aarch64-windows/src/math/powf.o \
  libs/musl/aarch64-windows/src/math/powf_data.o libs/musl/aarch64-windows/src/math/remainder.o \
  libs/musl/aarch64-windows/src/math/remainderf.o libs/musl/aarch64-windows/src/math/remquo.o \
  libs/musl/aarch64-windows/src/math/remquof.o libs/musl/aarch64-windows/src/math/rint.o \
  libs/musl/aarch64-windows/src/math/rintf.o libs/musl/aarch64-windows/src/math/round.o \
  libs/musl/aarch64-windows/src/math/roundf.o libs/musl/aarch64-windows/src/math/scalbn.o \
  libs/musl/aarch64-windows/src/math/scalbnf.o libs/musl/aarch64-windows/src/math/signgam.o \
  libs/musl/aarch64-windows/src/math/sin.o libs/musl/aarch64-windows/src/math/sincos.o \
  libs/musl/aarch64-windows/src/math/sincosf.o libs/musl/aarch64-windows/src/math/sinf.o \
  libs/musl/aarch64-windows/src/math/sinh.o libs/musl/aarch64-windows/src/math/sinhf.o \
  libs/musl/aarch64-windows/src/math/sqrt.o libs/musl/aarch64-windows/src/math/sqrt_data.o \
  libs/musl/aarch64-windows/src/math/sqrtf.o libs/musl/aarch64-windows/src/math/tan.o \
  libs/musl/aarch64-windows/src/math/tanf.o libs/musl/aarch64-windows/src/math/tanh.o \
  libs/musl/aarch64-windows/src/math/tanhf.o libs/musl/aarch64-windows/src/math/tgamma.o \
  libs/musl/aarch64-windows/src/math/tgammaf.o libs/musl/aarch64-windows/src/math/trunc.o \
  libs/musl/aarch64-windows/src/math/truncf.o
aarch64-w64-mingw32-clang -c -o dlls/winecrt0/aarch64-windows/dll_register.o /Users/runner/work/WineIOS-Core/WineIOS-Core/third_party/wine/dlls/winecrt0/dll_register.c \
  -Idlls/winecrt0 -I/Users/runner/work/WineIOS-Core/WineIOS-Core/third_party/wine/dlls/winecrt0 \
  -Iinclude -I/Users/runner/work/WineIOS-Core/WineIOS-Core/third_party/wine/include \
  -I/Users/runner/work/WineIOS-Core/WineIOS-Core/third_party/wine/include/msvcrt -D_MSVCR_VER=0 \
  -D__WINESRC__ -D__WINE_PE_BUILD -Wall -fuse-ld=lld --no-default-config -fno-strict-aliasing \
  -Wdeclaration-after-statement -Wempty-body -Wignored-qualifiers -Winit-self \
  -Wno-microsoft-enum-forward-reference -Wstrict-prototypes -Wtype-limits -Wunused-but-set-parameter \
  -Wvla -Wwrite-strings -Wpointer-arith -Wabsolute-value -ffunction-sections \
  -ffp-exception-behavior=maytrap -gdwarf-4 -g -O2
aarch64-w64-mingw32-clang -c -o dlls/winecrt0/aarch64-windows/dll_version.o /Users/runner/work/WineIOS-Core/WineIOS-Core/third_party/wine/dlls/winecrt0/dll_version.c \
  -Idlls/winecrt0 -I/Users/runner/work/WineIOS-Core/WineIOS-Core/third_party/wine/dlls/winecrt0 \
  -Iinclude -I/Users/runner/work/WineIOS-Core/WineIOS-Core/third_party/wine/include \
  -I/Users/runner/work/WineIOS-Core/WineIOS-Core/third_party/wine/include/msvcrt -D_MSVCR_VER=0 \
  -D__WINESRC__ -D__WINE_PE_BUILD -Wall -fuse-ld=lld --no-default-config -fno-strict-aliasing \
  -Wdeclaration-after-statement -Wempty-body -Wignored-qualifiers -Winit-self \
  -Wno-microsoft-enum-forward-reference -Wstrict-prototypes -Wtype-limits -Wunused-but-set-parameter \
  -Wvla -Wwrite-strings -Wpointer-arith -Wabsolute-value -ffunction-sections \
  -ffp-exception-behavior=maytrap -gdwarf-4 -g -O2
aarch64-w64-mingw32-clang -c -o dlls/winecrt0/aarch64-windows/register.o /Users/runner/work/WineIOS-Core/WineIOS-Core/third_party/wine/dlls/winecrt0/register.c \
  -Idlls/winecrt0 -I/Users/runner/work/WineIOS-Core/WineIOS-Core/third_party/wine/dlls/winecrt0 \
  -Iinclude -I/Users/runner/work/WineIOS-Core/WineIOS-Core/third_party/wine/include \
  -I/Users/runner/work/WineIOS-Core/WineIOS-Core/third_party/wine/include/msvcrt -D_MSVCR_VER=0 \
  -D__WINESRC__ -D__WINE_PE_BUILD -Wall -fuse-ld=lld --no-default-config -fno-strict-aliasing \
  -Wdeclaration-after-statement -Wempty-body -Wignored-qualifiers -Winit-self \
  -Wno-microsoft-enum-forward-reference -Wstrict-prototypes -Wtype-limits -Wunused-but-set-parameter \
  -Wvla -Wwrite-strings -Wpointer-arith -Wabsolute-value -ffunction-sections \
  -ffp-exception-behavior=maytrap -gdwarf-4 -g -O2
aarch64-w64-mingw32-clang -c -o libs/uuid/aarch64-windows/d2d.o /Users/runner/work/WineIOS-Core/WineIOS-Core/third_party/wine/libs/uuid/d2d.c \
  -Ilibs/uuid -I/Users/runner/work/WineIOS-Core/WineIOS-Core/third_party/wine/libs/uuid -Iinclude \
  -I/Users/runner/work/WineIOS-Core/WineIOS-Core/third_party/wine/include \
  -I/Users/runner/work/WineIOS-Core/WineIOS-Core/third_party/wine/include/msvcrt -D_MSVCR_VER=0 \
  -D__WINESRC__ -D__WINE_PE_BUILD -Wall -fuse-ld=lld --no-default-config -fno-strict-aliasing \
  -Wdeclaration-after-statement -Wempty-body -Wignored-qualifiers -Winit-self \
  -Wno-microsoft-enum-forward-reference -Wstrict-prototypes -Wtype-limits -Wunused-but-set-parameter \
  -Wvla -Wwrite-strings -Wpointer-arith -Wabsolute-value -ffunction-sections \
  -ffp-exception-behavior=maytrap -gdwarf-4 -g -O2
aarch64-w64-mingw32-clang -c -o libs/uuid/aarch64-windows/uuid.o /Users/runner/work/WineIOS-Core/WineIOS-Core/third_party/wine/libs/uuid/uuid.c \
  -Ilibs/uuid -I/Users/runner/work/WineIOS-Core/WineIOS-Core/third_party/wine/libs/uuid -Iinclude \
  -I/Users/runner/work/WineIOS-Core/WineIOS-Core/third_party/wine/include \
  -I/Users/runner/work/WineIOS-Core/WineIOS-Core/third_party/wine/include/msvcrt -D_MSVCR_VER=0 \
  -D__WINESRC__ -D__WINE_PE_BUILD -Wall -fuse-ld=lld --no-default-config -fno-strict-aliasing \
  -Wdeclaration-after-statement -Wempty-body -Wignored-qualifiers -Winit-self \
  -Wno-microsoft-enum-forward-reference -Wstrict-prototypes -Wtype-limits -Wunused-but-set-parameter \
  -Wvla -Wwrite-strings -Wpointer-arith -Wabsolute-value -ffunction-sections \
  -ffp-exception-behavior=maytrap -gdwarf-4 -g -O2
/Users/runner/work/WineIOS-Core/WineIOS-Core/build/wine-tools-macos/tools/winebuild/winebuild -w --staticlib -o dlls/winecrt0/aarch64-windows/libwinecrt0.a \
  -b aarch64-w64-mingw32 dlls/winecrt0/aarch64-windows/arm64ec.o \
  dlls/winecrt0/aarch64-windows/crt_dllmain.o dlls/winecrt0/aarch64-windows/crt_fltused.o \
  dlls/winecrt0/aarch64-windows/debug.o dlls/winecrt0/aarch64-windows/delay_load.o \
  dlls/winecrt0/aarch64-windows/dll_canunload.o dlls/winecrt0/aarch64-windows/dll_main.o \
  dlls/winecrt0/aarch64-windows/dll_register.o dlls/winecrt0/aarch64-windows/dll_version.o \
  dlls/winecrt0/aarch64-windows/exception.o dlls/winecrt0/aarch64-windows/exe16_entry.o \
  dlls/winecrt0/aarch64-windows/register.o dlls/winecrt0/aarch64-windows/setjmp.o \
  dlls/winecrt0/aarch64-windows/stub.o dlls/winecrt0/aarch64-windows/unix_lib.o
/Users/runner/work/WineIOS-Core/WineIOS-Core/build/wine-tools-macos/tools/winegcc/winegcc -o dlls/ntdll/aarch64-windows/ntdll.dll \
  --wine-objdir . --winebuild \
  /Users/runner/work/WineIOS-Core/WineIOS-Core/build/wine-tools-macos/tools/winebuild/winebuild -b \
  aarch64-w64-mingw32 -Wl,--wine-builtin -shared \
  /Users/runner/work/WineIOS-Core/WineIOS-Core/third_party/wine/dlls/ntdll/ntdll.spec -nodefaultlibs \
  dlls/ntdll/aarch64-windows/actctx.o dlls/ntdll/aarch64-windows/atom.o \
  dlls/ntdll/aarch64-windows/crypt.o dlls/ntdll/aarch64-windows/debugbuffer.o \
  dlls/ntdll/aarch64-windows/env.o dlls/ntdll/aarch64-windows/error.o \
  dlls/ntdll/aarch64-windows/exception.o dlls/ntdll/aarch64-windows/handletable.o \
  dlls/ntdll/aarch64-windows/heap.o dlls/ntdll/aarch64-windows/large_int.o \
  dlls/ntdll/aarch64-windows/loader.o dlls/ntdll/aarch64-windows/locale.o \
  dlls/ntdll/aarch64-windows/math.o dlls/ntdll/aarch64-windows/misc.o \
  dlls/ntdll/aarch64-windows/path.o dlls/ntdll/aarch64-windows/printf.o \
  dlls/ntdll/aarch64-windows/process.o dlls/ntdll/aarch64-windows/reg.o \
  dlls/ntdll/aarch64-windows/relay.o dlls/ntdll/aarch64-windows/resource.o \
  dlls/ntdll/aarch64-windows/rtl.o dlls/ntdll/aarch64-windows/rtlbitmap.o \
  dlls/ntdll/aarch64-windows/rtlstr.o dlls/ntdll/aarch64-windows/sec.o \
  dlls/ntdll/aarch64-windows/signal_arm.o dlls/ntdll/aarch64-windows/signal_arm64.o \
  dlls/ntdll/aarch64-windows/signal_arm64ec.o dlls/ntdll/aarch64-windows/signal_i386.o \
  dlls/ntdll/aarch64-windows/signal_x86_64.o dlls/ntdll/aarch64-windows/string.o \
  dlls/ntdll/aarch64-windows/sync.o dlls/ntdll/aarch64-windows/thread.o \
  dlls/ntdll/aarch64-windows/threadpool.o dlls/ntdll/aarch64-windows/time.o \
  dlls/ntdll/aarch64-windows/unwind.o dlls/ntdll/aarch64-windows/version.o \
  dlls/ntdll/aarch64-windows/wcstring.o dlls/ntdll/version.res \
  libs/tomcrypt/aarch64-windows/libtomcrypt.a libs/musl/aarch64-windows/libmusl.a \
  dlls/winecrt0/aarch64-windows/libwinecrt0.a --no-default-config
/Users/runner/work/WineIOS-Core/WineIOS-Core/build/wine-tools-macos/tools/winegcc/winegcc -o dlls/kernel32/aarch64-windows/kernel32.dll \
  --wine-objdir . --winebuild \
  /Users/runner/work/WineIOS-Core/WineIOS-Core/build/wine-tools-macos/tools/winebuild/winebuild -b \
  aarch64-w64-mingw32 -Wl,--wine-builtin -shared \
  /Users/runner/work/WineIOS-Core/WineIOS-Core/third_party/wine/dlls/kernel32/kernel32.spec \
  -nodefaultlibs -Wb,-F,KERNEL32.dll dlls/kernel32/aarch64-windows/atom.o \
  dlls/kernel32/aarch64-windows/comm.o dlls/kernel32/aarch64-windows/computername.o \
  dlls/kernel32/aarch64-windows/console.o dlls/kernel32/aarch64-windows/debugger.o \
  dlls/kernel32/aarch64-windows/file.o dlls/kernel32/aarch64-windows/heap.o \
  dlls/kernel32/aarch64-windows/kernel_main.o dlls/kernel32/aarch64-windows/locale.o \
  dlls/kernel32/aarch64-windows/lzexpand.o dlls/kernel32/aarch64-windows/module.o \
  dlls/kernel32/aarch64-windows/path.o dlls/kernel32/aarch64-windows/powermgnt.o \
  dlls/kernel32/aarch64-windows/process.o dlls/kernel32/aarch64-windows/profile.o \
  dlls/kernel32/aarch64-windows/resource.o dlls/kernel32/aarch64-windows/sync.o \
  dlls/kernel32/aarch64-windows/tape.o dlls/kernel32/aarch64-windows/thread.o \
  dlls/kernel32/aarch64-windows/toolhelp.o dlls/kernel32/aarch64-windows/version.o \
  dlls/kernel32/aarch64-windows/virtual.o dlls/kernel32/aarch64-windows/volume.o \
  dlls/kernel32/version.res dlls/kernelbase/aarch64-windows/libkernelbase.a \
  dlls/ntdll/aarch64-windows/libntdll.a dlls/winecrt0/aarch64-windows/libwinecrt0.a \
  --no-default-config
/Users/runner/work/WineIOS-Core/WineIOS-Core/build/wine-tools-macos/tools/winebuild/winebuild -w --staticlib -o libs/uuid/aarch64-windows/libuuid.a \
  -b aarch64-w64-mingw32 libs/uuid/aarch64-windows/d2d.o libs/uuid/aarch64-windows/uuid.o
/Users/runner/work/WineIOS-Core/WineIOS-Core/build/wine-tools-macos/tools/winegcc/winegcc -o dlls/kernelbase/aarch64-windows/kernelbase.dll \
  --wine-objdir . --winebuild \
  /Users/runner/work/WineIOS-Core/WineIOS-Core/build/wine-tools-macos/tools/winebuild/winebuild -b \
  aarch64-w64-mingw32 -Wl,--wine-builtin -shared \
  /Users/runner/work/WineIOS-Core/WineIOS-Core/third_party/wine/dlls/kernelbase/kernelbase.spec \
  -nodefaultlibs -nostartfiles dlls/kernelbase/aarch64-windows/console.o \
  dlls/kernelbase/aarch64-windows/debug.o dlls/kernelbase/aarch64-windows/file.o \
  dlls/kernelbase/aarch64-windows/loader.o dlls/kernelbase/aarch64-windows/locale.o \
  dlls/kernelbase/aarch64-windows/main.o dlls/kernelbase/aarch64-windows/memory.o \
  dlls/kernelbase/aarch64-windows/path.o dlls/kernelbase/aarch64-windows/process.o \
  dlls/kernelbase/aarch64-windows/registry.o dlls/kernelbase/aarch64-windows/security.o \
  dlls/kernelbase/aarch64-windows/string.o dlls/kernelbase/aarch64-windows/sync.o \
  dlls/kernelbase/aarch64-windows/thread.o dlls/kernelbase/aarch64-windows/version.o \
  dlls/kernelbase/aarch64-windows/volume.o dlls/kernelbase/kernelbase.res \
  dlls/kernelbase/winerror.res libs/uuid/aarch64-windows/libuuid.a \
  dlls/ntdll/aarch64-windows/libntdll.a dlls/winecrt0/aarch64-windows/libwinecrt0.a \
  --no-default-config
